"","Participant","Word","likert_arousal","likert_valence","StudyLanguage","Nativeness"
"1",213,"sleale","6","2","Italian","L1"
"2",213,"elegante","5","5","Italian","L1"
"3",213,"meschina","7","1","Italian","L1"
"4",213,"crudele","8","1","Italian","L1"
"5",213,"santo","3","6","Italian","L1"
"6",213,"leale","1","9","Italian","L1"
"7",213,"positivo","2","7","Italian","L1"
"8",213,"pigra","7","4","Italian","L1"
"9",213,"negativo","6","2","Italian","L1"
"10",213,"stronzo","8","3","Italian","L1"
"11",213,"cauta","2","6","Italian","L1"
"12",213,"inaffidabile","9","1","Italian","L1"
"13",213,"indiscreta","6","3","Italian","L1"
"14",213,"saggia","2","8","Italian","L1"
"15",213,"bugiarda","8","1","Italian","L1"
"16",213,"scortese","9","1","Italian","L1"
"17",213,"scrupolosa","3","7","Italian","L1"
"18",213,"tesoro","1","9","Italian","L1"
"19",213,"cattivo","9","1","Italian","L1"
"20",213,"osceno","7","1","Italian","L1"
"21",213,"paziente","1","9","Italian","L1"
"22",213,"riservata","2","8","Italian","L1"
"23",213,"gentile","1","9","Italian","L1"
"24",213,"affidabile","1","9","Italian","L1"
"25",213,"demone","7","1","Italian","L1"
"26",213,"buono","1","9","Italian","L1"
"27",168,"cauta","2","4","Italian","L1"
"28",168,"negativo","6","2","Italian","L1"
"29",168,"cattivo","6","3","Italian","L1"
"30",168,"saggia","5","5","Italian","L1"
"31",168,"elegante","5","5","Italian","L1"
"32",168,"osceno","6","3","Italian","L1"
"33",168,"meschina","6","3","Italian","L1"
"34",168,"positivo","5","6","Italian","L1"
"35",168,"demone","6","3","Italian","L1"
"36",168,"sleale","7","3","Italian","L1"
"37",168,"paziente","3","5","Italian","L1"
"38",168,"leale","4","7","Italian","L1"
"39",168,"riservata","5","5","Italian","L1"
"40",168,"scrupolosa","5","5","Italian","L1"
"41",168,"bugiarda","7","3","Italian","L1"
"42",168,"indiscreta","5","5","Italian","L1"
"43",168,"pigra","3","5","Italian","L1"
"44",168,"scortese","7","3","Italian","L1"
"45",168,"santo","4","5","Italian","L1"
"46",168,"gentile","5","6","Italian","L1"
"47",168,"stronzo","8","2","Italian","L1"
"48",168,"crudele","6","2","Italian","L1"
"49",168,"buono","3","6","Italian","L1"
"50",168,"affidabile","4","6","Italian","L1"
"51",168,"inaffidabile","6","3","Italian","L1"
"52",168,"tesoro","7","6","Italian","L1"
"53",190,"indiscreta","6","2","Italian","L1"
"54",190,"buono","2","9","Italian","L1"
"55",190,"sleale","4","1","Italian","L1"
"56",190,"scrupolosa","3","3","Italian","L1"
"57",190,"paziente","1","3","Italian","L1"
"58",190,"leale","8","7","Italian","L1"
"59",190,"cauta","1","6","Italian","L1"
"60",190,"stronzo","6","1","Italian","L1"
"61",190,"cattivo","7","1","Italian","L1"
"62",190,"riservata","2","5","Italian","L1"
"63",190,"inaffidabile","6","3","Italian","L1"
"64",190,"pigra","1","4","Italian","L1"
"65",190,"tesoro","1","8","Italian","L1"
"66",190,"saggia","2","7","Italian","L1"
"67",190,"crudele","7","1","Italian","L1"
"68",190,"meschina","6","1","Italian","L1"
"69",190,"gentile","1","9","Italian","L1"
"70",190,"elegante","6","6","Italian","L1"
"71",190,"osceno","6","1","Italian","L1"
"72",190,"negativo","6","1","Italian","L1"
"73",190,"bugiarda","8","1","Italian","L1"
"74",190,"positivo","8","7","Italian","L1"
"75",190,"scortese","5","1","Italian","L1"
"76",190,"affidabile","3","6","Italian","L1"
"77",190,"santo","1","8","Italian","L1"
"78",190,"demone","7","2","Italian","L1"
"79",74,"indiscreta","4","4","Italian","L1"
"80",74,"elegante","9","9","Italian","L1"
"81",74,"stronzo","5","3","Italian","L1"
"82",74,"affidabile","9","9","Italian","L1"
"83",74,"cauta","1","9","Italian","L1"
"84",74,"pigra","5","5","Italian","L1"
"85",74,"riservata","1","8","Italian","L1"
"86",74,"bugiarda","9","1","Italian","L1"
"87",74,"paziente","1","5","Italian","L1"
"88",74,"scortese","9","1","Italian","L1"
"89",74,"demone","5","5","Italian","L1"
"90",74,"scrupolosa","2","8","Italian","L1"
"91",74,"meschina","9","1","Italian","L1"
"92",74,"gentile","1","9","Italian","L1"
"93",74,"buono","1","9","Italian","L1"
"94",74,"saggia","1","9","Italian","L1"
"95",74,"inaffidabile","9","1","Italian","L1"
"96",74,"crudele","7","1","Italian","L1"
"97",74,"cattivo","6","1","Italian","L1"
"98",74,"tesoro","1","9","Italian","L1"
"99",74,"positivo","1","9","Italian","L1"
"100",74,"leale","1","9","Italian","L1"
"101",74,"negativo","6","3","Italian","L1"
"102",74,"sleale","6","1","Italian","L1"
"103",74,"osceno","6","1","Italian","L1"
"104",74,"santo","1","9","Italian","L1"
"105",22,"santo","1","5","Italian","L1"
"106",22,"osceno","4","2","Italian","L1"
"107",22,"cauta","1","8","Italian","L1"
"108",22,"demone","6","2","Italian","L1"
"109",22,"crudele","8","1","Italian","L1"
"110",22,"stronzo","6","2","Italian","L1"
"111",22,"tesoro","4","9","Italian","L1"
"112",22,"pigra","1","5","Italian","L1"
"113",22,"cattivo","3","1","Italian","L1"
"114",22,"scrupolosa","1","7","Italian","L1"
"115",22,"paziente","1","9","Italian","L1"
"116",22,"indiscreta","2","3","Italian","L1"
"117",22,"affidabile","2","9","Italian","L1"
"118",22,"elegante","4","9","Italian","L1"
"119",22,"leale","2","9","Italian","L1"
"120",22,"sleale","7","2","Italian","L1"
"121",22,"inaffidabile","7","2","Italian","L1"
"122",22,"gentile","2","9","Italian","L1"
"123",22,"meschina","8","1","Italian","L1"
"124",22,"buono","2","9","Italian","L1"
"125",22,"riservata","3","7","Italian","L1"
"126",22,"saggia","1","9","Italian","L1"
"127",22,"scortese","5","1","Italian","L1"
"128",22,"positivo","8","9","Italian","L1"
"129",22,"bugiarda","8","1","Italian","L1"
"130",22,"negativo","3","1","Italian","L1"
"131",272,"inaffidabile","7","3","Italian","L1"
"132",272,"scortese","8","2","Italian","L1"
"133",272,"positivo","1","9","Italian","L1"
"134",272,"tesoro","9","9","Italian","L1"
"135",272,"leale","5","9","Italian","L1"
"136",272,"elegante","3","8","Italian","L1"
"137",272,"bugiarda","8","2","Italian","L1"
"138",272,"indiscreta","8","4","Italian","L1"
"139",272,"demone","9","1","Italian","L1"
"140",272,"cauta","1","6","Italian","L1"
"141",272,"crudele","9","1","Italian","L1"
"142",272,"stronzo","9","1","Italian","L1"
"143",272,"meschina","5","2","Italian","L1"
"144",272,"pigra","5","5","Italian","L1"
"145",272,"cattivo","7","1","Italian","L1"
"146",272,"riservata","5","5","Italian","L1"
"147",272,"santo","1","9","Italian","L1"
"148",272,"affidabile","2","8","Italian","L1"
"149",272,"paziente","1","9","Italian","L1"
"150",272,"sleale","7","2","Italian","L1"
"151",272,"negativo","5","1","Italian","L1"
"152",272,"gentile","1","9","Italian","L1"
"153",272,"osceno","4","3","Italian","L1"
"154",272,"scrupolosa","3","7","Italian","L1"
"155",272,"saggia","4","6","Italian","L1"
"156",272,"buono","2","8","Italian","L1"
"157",49,"paziente","2","7","Italian","L1"
"158",49,"santo","5","4","Italian","L1"
"159",49,"demone","8","3","Italian","L1"
"160",49,"scortese","7","4","Italian","L1"
"161",49,"buono","6","9","Italian","L1"
"162",49,"meschina","5","5","Italian","L1"
"163",49,"osceno","7","5","Italian","L1"
"164",49,"affidabile","2","9","Italian","L1"
"165",49,"stronzo","9","4","Italian","L1"
"166",49,"positivo","4","9","Italian","L1"
"167",49,"elegante","5","7","Italian","L1"
"168",49,"gentile","1","9","Italian","L1"
"169",49,"leale","6","9","Italian","L1"
"170",49,"cauta","7","7","Italian","L1"
"171",49,"tesoro","6","8","Italian","L1"
"172",49,"bugiarda","9","1","Italian","L1"
"173",49,"crudele","8","2","Italian","L1"
"174",49,"sleale","9","1","Italian","L1"
"175",49,"pigra","4","5","Italian","L1"
"176",49,"cattivo","7","4","Italian","L1"
"177",49,"inaffidabile","6","2","Italian","L1"
"178",49,"riservata","4","6","Italian","L1"
"179",49,"indiscreta","5","5","Italian","L1"
"180",49,"saggia","2","8","Italian","L1"
"181",49,"negativo","7","4","Italian","L1"
"182",49,"scrupolosa","7","2","Italian","L1"
"183",106,"osceno","5","4","Italian","L1"
"184",106,"tesoro","5","8","Italian","L1"
"185",106,"scortese","4","2","Italian","L1"
"186",106,"gentile","5","9","Italian","L1"
"187",106,"negativo","4","2","Italian","L1"
"188",106,"affidabile","4","8","Italian","L1"
"189",106,"saggia","6","8","Italian","L1"
"190",106,"elegante","7","8","Italian","L1"
"191",106,"leale","4","8","Italian","L1"
"192",106,"meschina","2","2","Italian","L1"
"193",106,"scrupolosa","2","9","Italian","L1"
"194",106,"inaffidabile","2","1","Italian","L1"
"195",106,"buono","4","8","Italian","L1"
"196",106,"paziente","5","8","Italian","L1"
"197",106,"demone","3","1","Italian","L1"
"198",106,"bugiarda","2","1","Italian","L1"
"199",106,"riservata","1","8","Italian","L1"
"200",106,"pigra","2","2","Italian","L1"
"201",106,"stronzo","2","1","Italian","L1"
"202",106,"cattivo","4","1","Italian","L1"
"203",106,"crudele","2","1","Italian","L1"
"204",106,"positivo","3","9","Italian","L1"
"205",106,"sleale","3","1","Italian","L1"
"206",106,"indiscreta","2","1","Italian","L1"
"207",106,"cauta","3","9","Italian","L1"
"208",106,"santo","2","6","Italian","L1"
"209",125,"cattivo","2","3","Italian","L1"
"210",125,"negativo","2","3","Italian","L1"
"211",125,"indiscreta","1","5","Italian","L1"
"212",125,"affidabile","1","8","Italian","L1"
"213",125,"demone","2","4","Italian","L1"
"214",125,"leale","1","8","Italian","L1"
"215",125,"gentile","1","9","Italian","L1"
"216",125,"elegante","1","6","Italian","L1"
"217",125,"crudele","2","4","Italian","L1"
"218",125,"osceno","2","3","Italian","L1"
"219",125,"stronzo","1","2","Italian","L1"
"220",125,"scortese","1","3","Italian","L1"
"221",125,"santo","1","7","Italian","L1"
"222",125,"inaffidabile","2","3","Italian","L1"
"223",125,"scrupolosa","1","6","Italian","L1"
"224",125,"sleale","1","3","Italian","L1"
"225",125,"paziente","1","8","Italian","L1"
"226",125,"positivo","1","7","Italian","L1"
"227",125,"buono","1","8","Italian","L1"
"228",125,"meschina","1","2","Italian","L1"
"229",125,"pigra","1","3","Italian","L1"
"230",125,"riservata","1","5","Italian","L1"
"231",125,"bugiarda","2","2","Italian","L1"
"232",125,"saggia","1","8","Italian","L1"
"233",125,"tesoro","1","8","Italian","L1"
"234",125,"cauta","1","7","Italian","L1"
"235",185,"riservata","3","4","Italian","L1"
"236",185,"indiscreta","4","3","Italian","L1"
"237",185,"tesoro","2","8","Italian","L1"
"238",185,"santo","1","6","Italian","L1"
"239",185,"meschina","6","3","Italian","L1"
"240",185,"stronzo","6","1","Italian","L1"
"241",185,"bugiarda","4","2","Italian","L1"
"242",185,"scortese","8","2","Italian","L1"
"243",185,"demone","5","1","Italian","L1"
"244",185,"affidabile","2","8","Italian","L1"
"245",185,"pigra","4","5","Italian","L1"
"246",185,"osceno","6","3","Italian","L1"
"247",185,"paziente","4","7","Italian","L1"
"248",185,"leale","2","8","Italian","L1"
"249",185,"elegante","5","5","Italian","L1"
"250",185,"cauta","3","6","Italian","L1"
"251",185,"crudele","6","2","Italian","L1"
"252",185,"saggia","2","6","Italian","L1"
"253",185,"scrupolosa","3","5","Italian","L1"
"254",185,"cattivo","4","1","Italian","L1"
"255",185,"negativo","4","2","Italian","L1"
"256",185,"buono","3","7","Italian","L1"
"257",185,"sleale","7","1","Italian","L1"
"258",185,"inaffidabile","7","2","Italian","L1"
"259",185,"positivo","4","7","Italian","L1"
"260",185,"gentile","2","7","Italian","L1"
"261",71,"scortese","3","6","Italian","L1"
"262",71,"sleale","5","5","Italian","L1"
"263",71,"cattivo","7","1","Italian","L1"
"264",71,"elegante","1","6","Italian","L1"
"265",71,"riservata","1","7","Italian","L1"
"266",71,"santo","1","8","Italian","L1"
"267",71,"saggia","4","6","Italian","L1"
"268",71,"affidabile","5","4","Italian","L1"
"269",71,"paziente","6","6","Italian","L1"
"270",71,"gentile","1","8","Italian","L1"
"271",71,"pigra","1","6","Italian","L1"
"272",71,"positivo","1","8","Italian","L1"
"273",71,"buono","1","5","Italian","L1"
"274",71,"meschina","8","2","Italian","L1"
"275",71,"demone","9","1","Italian","L1"
"276",71,"leale","1","9","Italian","L1"
"277",71,"crudele","7","4","Italian","L1"
"278",71,"inaffidabile","8","4","Italian","L1"
"279",71,"indiscreta","8","2","Italian","L1"
"280",71,"tesoro","1","7","Italian","L1"
"281",71,"cauta","2","7","Italian","L1"
"282",71,"osceno","6","5","Italian","L1"
"283",71,"scrupolosa","5","5","Italian","L1"
"284",71,"bugiarda","6","5","Italian","L1"
"285",71,"negativo","6","5","Italian","L1"
"286",71,"stronzo","9","4","Italian","L1"
"287",136,"tesoro","9","8","Italian","L1"
"288",136,"crudele","5","1","Italian","L1"
"289",136,"negativo","6","2","Italian","L1"
"290",136,"elegante","7","8","Italian","L1"
"291",136,"riservata","3","5","Italian","L1"
"292",136,"gentile","2","7","Italian","L1"
"293",136,"affidabile","3","7","Italian","L1"
"294",136,"meschina","5","2","Italian","L1"
"295",136,"leale","6","7","Italian","L1"
"296",136,"scrupolosa","4","5","Italian","L1"
"297",136,"cattivo","6","1","Italian","L1"
"298",136,"stronzo","6","1","Italian","L1"
"299",136,"osceno","6","1","Italian","L1"
"300",136,"indiscreta","4","4","Italian","L1"
"301",136,"demone","6","4","Italian","L1"
"302",136,"santo","4","6","Italian","L1"
"303",136,"scortese","5","2","Italian","L1"
"304",136,"paziente","2","7","Italian","L1"
"305",136,"positivo","4","8","Italian","L1"
"306",136,"cauta","1","6","Italian","L1"
"307",136,"pigra","4","4","Italian","L1"
"308",136,"bugiarda","5","2","Italian","L1"
"309",136,"sleale","5","2","Italian","L1"
"310",136,"saggia","4","7","Italian","L1"
"311",136,"inaffidabile","5","2","Italian","L1"
"312",136,"buono","7","8","Italian","L1"
"313",3,"elegante","2","7","Italian","L1"
"314",3,"cauta","6","5","Italian","L1"
"315",3,"riservata","3","6","Italian","L1"
"316",3,"demone","6","3","Italian","L1"
"317",3,"paziente","2","7","Italian","L1"
"318",3,"scortese","5","3","Italian","L1"
"319",3,"tesoro","6","6","Italian","L1"
"320",3,"santo","3","5","Italian","L1"
"321",3,"bugiarda","5","3","Italian","L1"
"322",3,"osceno","4","2","Italian","L1"
"323",3,"sleale","3","2","Italian","L1"
"324",3,"pigra","2","5","Italian","L1"
"325",3,"affidabile","3","7","Italian","L1"
"326",3,"leale","2","7","Italian","L1"
"327",3,"cattivo","6","2","Italian","L1"
"328",3,"crudele","7","2","Italian","L1"
"329",3,"inaffidabile","3","2","Italian","L1"
"330",3,"stronzo","7","3","Italian","L1"
"331",3,"indiscreta","5","4","Italian","L1"
"332",3,"buono","3","7","Italian","L1"
"333",3,"gentile","3","6","Italian","L1"
"334",3,"scrupolosa","7","6","Italian","L1"
"335",3,"meschina","8","3","Italian","L1"
"336",3,"saggia","2","6","Italian","L1"
"337",3,"positivo","3","8","Italian","L1"
"338",3,"negativo","7","2","Italian","L1"
"339",113,"negativo","4","3","Italian","L1"
"340",113,"tesoro","2","6","Italian","L1"
"341",113,"stronzo","6","2","Italian","L1"
"342",113,"paziente","2","8","Italian","L1"
"343",113,"gentile","1","9","Italian","L1"
"344",113,"crudele","6","2","Italian","L1"
"345",113,"saggia","2","7","Italian","L1"
"346",113,"osceno","3","2","Italian","L1"
"347",113,"positivo","4","6","Italian","L1"
"348",113,"elegante","4","5","Italian","L1"
"349",113,"bugiarda","5","3","Italian","L1"
"350",113,"buono","3","8","Italian","L1"
"351",113,"cattivo","6","3","Italian","L1"
"352",113,"cauta","2","5","Italian","L1"
"353",113,"meschina","5","4","Italian","L1"
"354",113,"leale","4","7","Italian","L1"
"355",113,"indiscreta","5","5","Italian","L1"
"356",113,"pigra","2","4","Italian","L1"
"357",113,"inaffidabile","6","2","Italian","L1"
"358",113,"scortese","6","2","Italian","L1"
"359",113,"scrupolosa","6","6","Italian","L1"
"360",113,"riservata","1","5","Italian","L1"
"361",113,"affidabile","2","6","Italian","L1"
"362",113,"sleale","5","2","Italian","L1"
"363",113,"santo","5","5","Italian","L1"
"364",113,"demone","6","5","Italian","L1"
"365",245,"riservata","3","6","Italian","L1"
"366",245,"cauta","2","6","Italian","L1"
"367",245,"meschina","6","2","Italian","L1"
"368",245,"cattivo","6","2","Italian","L1"
"369",245,"elegante","4","7","Italian","L1"
"370",245,"scrupolosa","3","7","Italian","L1"
"371",245,"scortese","6","2","Italian","L1"
"372",245,"bugiarda","6","2","Italian","L1"
"373",245,"saggia","3","8","Italian","L1"
"374",245,"inaffidabile","6","2","Italian","L1"
"375",245,"tesoro","5","9","Italian","L1"
"376",245,"stronzo","7","1","Italian","L1"
"377",245,"sleale","6","2","Italian","L1"
"378",245,"demone","7","2","Italian","L1"
"379",245,"pigra","4","3","Italian","L1"
"380",245,"positivo","4","8","Italian","L1"
"381",245,"negativo","5","2","Italian","L1"
"382",245,"leale","3","8","Italian","L1"
"383",245,"affidabile","3","8","Italian","L1"
"384",245,"indiscreta","6","2","Italian","L1"
"385",245,"crudele","7","1","Italian","L1"
"386",245,"buono","3","8","Italian","L1"
"387",245,"gentile","3","9","Italian","L1"
"388",245,"osceno","7","2","Italian","L1"
"389",245,"santo","3","8","Italian","L1"
"390",245,"paziente","2","8","Italian","L1"
"391",178,"inaffidabile","4","2","Italian","L1"
"392",178,"demone","7","2","Italian","L1"
"393",178,"positivo","3","8","Italian","L1"
"394",178,"indiscreta","6","2","Italian","L1"
"395",178,"elegante","3","7","Italian","L1"
"396",178,"leale","2","8","Italian","L1"
"397",178,"bugiarda","7","2","Italian","L1"
"398",178,"riservata","3","6","Italian","L1"
"399",178,"affidabile","2","8","Italian","L1"
"400",178,"saggia","3","7","Italian","L1"
"401",178,"cauta","1","7","Italian","L1"
"402",178,"scrupolosa","2","7","Italian","L1"
"403",178,"stronzo","8","1","Italian","L1"
"404",178,"sleale","7","3","Italian","L1"
"405",178,"gentile","1","8","Italian","L1"
"406",178,"negativo","6","3","Italian","L1"
"407",178,"buono","2","7","Italian","L1"
"408",178,"paziente","2","7","Italian","L1"
"409",178,"scortese","8","1","Italian","L1"
"410",178,"meschina","7","2","Italian","L1"
"411",178,"tesoro","2","8","Italian","L1"
"412",178,"pigra","6","3","Italian","L1"
"413",178,"osceno","8","2","Italian","L1"
"414",178,"santo","3","7","Italian","L1"
"415",178,"cattivo","8","2","Italian","L1"
"416",178,"crudele","8","1","Italian","L1"
"417",238,"riservata","2","5","Italian","L1"
"418",238,"tesoro","4","9","Italian","L1"
"419",238,"scrupolosa","3","3","Italian","L1"
"420",238,"saggia","2","9","Italian","L1"
"421",238,"osceno","1","1","Italian","L1"
"422",238,"sleale","5","1","Italian","L1"
"423",238,"santo","3","6","Italian","L1"
"424",238,"stronzo","5","1","Italian","L1"
"425",238,"indiscreta","5","1","Italian","L1"
"426",238,"inaffidabile","5","1","Italian","L1"
"427",238,"cauta","3","6","Italian","L1"
"428",238,"buono","3","7","Italian","L1"
"429",238,"negativo","5","1","Italian","L1"
"430",238,"scortese","5","1","Italian","L1"
"431",238,"crudele","5","1","Italian","L1"
"432",238,"cattivo","5","1","Italian","L1"
"433",238,"elegante","7","8","Italian","L1"
"434",238,"leale","3","9","Italian","L1"
"435",238,"pigra","3","3","Italian","L1"
"436",238,"bugiarda","3","1","Italian","L1"
"437",238,"meschina","3","1","Italian","L1"
"438",238,"positivo","1","9","Italian","L1"
"439",238,"gentile","1","9","Italian","L1"
"440",238,"affidabile","1","9","Italian","L1"
"441",238,"demone","2","1","Italian","L1"
"442",238,"paziente","5","7","Italian","L1"
"443",205,"riservata","1","8","Italian","L1"
"444",205,"osceno","1","1","Italian","L1"
"445",205,"meschina","1","1","Italian","L1"
"446",205,"cauta","1","9","Italian","L1"
"447",205,"scortese","1","1","Italian","L1"
"448",205,"negativo","1","1","Italian","L1"
"449",205,"sleale","1","1","Italian","L1"
"450",205,"cattivo","1","1","Italian","L1"
"451",205,"pigra","1","1","Italian","L1"
"452",205,"saggia","1","9","Italian","L1"
"453",205,"santo","1","8","Italian","L1"
"454",205,"stronzo","1","1","Italian","L1"
"455",205,"scrupolosa","1","9","Italian","L1"
"456",205,"positivo","1","9","Italian","L1"
"457",205,"paziente","1","9","Italian","L1"
"458",205,"affidabile","1","9","Italian","L1"
"459",205,"elegante","1","9","Italian","L1"
"460",205,"indiscreta","1","1","Italian","L1"
"461",205,"inaffidabile","1","1","Italian","L1"
"462",205,"demone","1","1","Italian","L1"
"463",205,"gentile","1","9","Italian","L1"
"464",205,"leale","1","9","Italian","L1"
"465",205,"crudele","1","1","Italian","L1"
"466",205,"tesoro","1","9","Italian","L1"
"467",205,"bugiarda","1","1","Italian","L1"
"468",205,"buono","1","9","Italian","L1"
"469",43,"pigra","1","3","Italian","L1"
"470",43,"riservata","1","5","Italian","L1"
"471",43,"sleale","6","1","Italian","L1"
"472",43,"cattivo","5","1","Italian","L1"
"473",43,"demone","8","3","Italian","L1"
"474",43,"osceno","9","4","Italian","L1"
"475",43,"leale","3","8","Italian","L1"
"476",43,"crudele","6","1","Italian","L1"
"477",43,"cauta","2","5","Italian","L1"
"478",43,"scrupolosa","5","5","Italian","L1"
"479",43,"meschina","7","3","Italian","L1"
"480",43,"santo","3","6","Italian","L1"
"481",43,"paziente","1","7","Italian","L1"
"482",43,"scortese","9","2","Italian","L1"
"483",43,"positivo","6","9","Italian","L1"
"484",43,"buono","5","9","Italian","L1"
"485",43,"affidabile","7","9","Italian","L1"
"486",43,"elegante","7","7","Italian","L1"
"487",43,"gentile","7","9","Italian","L1"
"488",43,"negativo","5","1","Italian","L1"
"489",43,"saggia","1","9","Italian","L1"
"490",43,"inaffidabile","5","1","Italian","L1"
"491",43,"bugiarda","1","3","Italian","L1"
"492",43,"indiscreta","8","5","Italian","L1"
"493",43,"tesoro","5","7","Italian","L1"
"494",43,"stronzo","9","1","Italian","L1"
"495",146,"affidabile","1","9","Italian","L1"
"496",146,"buono","1","9","Italian","L1"
"497",146,"indiscreta","7","3","Italian","L1"
"498",146,"positivo","9","9","Italian","L1"
"499",146,"inaffidabile","8","1","Italian","L1"
"500",146,"saggia","1","9","Italian","L1"
"501",146,"riservata","1","9","Italian","L1"
"502",146,"scrupolosa","6","5","Italian","L1"
"503",146,"osceno","9","1","Italian","L1"
"504",146,"leale","1","9","Italian","L1"
"505",146,"paziente","1","9","Italian","L1"
"506",146,"sleale","8","1","Italian","L1"
"507",146,"meschina","8","2","Italian","L1"
"508",146,"crudele","5","1","Italian","L1"
"509",146,"scortese","5","3","Italian","L1"
"510",146,"cattivo","1","1","Italian","L1"
"511",146,"negativo","1","1","Italian","L1"
"512",146,"cauta","4","7","Italian","L1"
"513",146,"gentile","1","9","Italian","L1"
"514",146,"bugiarda","9","1","Italian","L1"
"515",146,"elegante","1","9","Italian","L1"
"516",146,"pigra","1","5","Italian","L1"
"517",146,"tesoro","1","9","Italian","L1"
"518",146,"santo","1","9","Italian","L1"
"519",146,"demone","9","1","Italian","L1"
"520",146,"stronzo","1","1","Italian","L1"
"521",77,"crudele","7","7","Italian","L1"
"522",77,"buono","1","9","Italian","L1"
"523",77,"saggia","2","7","Italian","L1"
"524",77,"affidabile","4","7","Italian","L1"
"525",77,"tesoro","7","5","Italian","L1"
"526",77,"stronzo","5","4","Italian","L1"
"527",77,"scortese","8","1","Italian","L1"
"528",77,"scrupolosa","8","8","Italian","L1"
"529",77,"elegante","7","9","Italian","L1"
"530",77,"cauta","6","3","Italian","L1"
"531",77,"positivo","2","9","Italian","L1"
"532",77,"demone","9","7","Italian","L1"
"533",77,"leale","9","9","Italian","L1"
"534",77,"meschina","6","3","Italian","L1"
"535",77,"pigra","7","8","Italian","L1"
"536",77,"riservata","1","7","Italian","L1"
"537",77,"sleale","9","1","Italian","L1"
"538",77,"cattivo","7","2","Italian","L1"
"539",77,"osceno","8","4","Italian","L1"
"540",77,"paziente","1","9","Italian","L1"
"541",77,"negativo","1","1","Italian","L1"
"542",77,"gentile","7","9","Italian","L1"
"543",77,"indiscreta","1","1","Italian","L1"
"544",77,"santo","5","9","Italian","L1"
"545",77,"bugiarda","9","1","Italian","L1"
"546",77,"inaffidabile","9","1","Italian","L1"
"547",50,"bugiarda","8","2","Italian","L1"
"548",50,"paziente","1","8","Italian","L1"
"549",50,"affidabile","1","8","Italian","L1"
"550",50,"inaffidabile","7","2","Italian","L1"
"551",50,"meschina","8","1","Italian","L1"
"552",50,"saggia","1","9","Italian","L1"
"553",50,"riservata","2","7","Italian","L1"
"554",50,"scrupolosa","2","7","Italian","L1"
"555",50,"demone","8","1","Italian","L1"
"556",50,"pigra","5","3","Italian","L1"
"557",50,"cattivo","8","2","Italian","L1"
"558",50,"leale","1","8","Italian","L1"
"559",50,"tesoro","1","9","Italian","L1"
"560",50,"positivo","1","8","Italian","L1"
"561",50,"cauta","4","5","Italian","L1"
"562",50,"stronzo","8","1","Italian","L1"
"563",50,"sleale","7","3","Italian","L1"
"564",50,"buono","1","9","Italian","L1"
"565",50,"negativo","6","2","Italian","L1"
"566",50,"elegante","3","7","Italian","L1"
"567",50,"santo","4","7","Italian","L1"
"568",50,"crudele","7","2","Italian","L1"
"569",50,"scortese","7","3","Italian","L1"
"570",50,"indiscreta","6","4","Italian","L1"
"571",50,"gentile","1","9","Italian","L1"
"572",50,"osceno","7","2","Italian","L1"
"573",53,"cauta","5","7","Italian","L1"
"574",53,"gentile","6","7","Italian","L1"
"575",53,"paziente","7","8","Italian","L1"
"576",53,"sleale","8","1","Italian","L1"
"577",53,"indiscreta","5","2","Italian","L1"
"578",53,"scortese","7","1","Italian","L1"
"579",53,"leale","3","9","Italian","L1"
"580",53,"inaffidabile","6","2","Italian","L1"
"581",53,"osceno","4","1","Italian","L1"
"582",53,"positivo","6","8","Italian","L1"
"583",53,"bugiarda","4","1","Italian","L1"
"584",53,"negativo","4","2","Italian","L1"
"585",53,"stronzo","5","1","Italian","L1"
"586",53,"saggia","5","7","Italian","L1"
"587",53,"pigra","4","3","Italian","L1"
"588",53,"cattivo","5","3","Italian","L1"
"589",53,"crudele","5","1","Italian","L1"
"590",53,"santo","5","7","Italian","L1"
"591",53,"scrupolosa","5","5","Italian","L1"
"592",53,"tesoro","6","6","Italian","L1"
"593",53,"affidabile","6","8","Italian","L1"
"594",53,"buono","5","8","Italian","L1"
"595",53,"demone","5","1","Italian","L1"
"596",53,"meschina","4","1","Italian","L1"
"597",53,"riservata","5","6","Italian","L1"
"598",53,"elegante","6","8","Italian","L1"
"599",6,"meschina","4","2","Italian","L1"
"600",6,"pigra","3","4","Italian","L1"
"601",6,"sleale","7","2","Italian","L1"
"602",6,"gentile","1","9","Italian","L1"
"603",6,"leale","1","9","Italian","L1"
"604",6,"elegante","4","7","Italian","L1"
"605",6,"scrupolosa","2","9","Italian","L1"
"606",6,"santo","1","9","Italian","L1"
"607",6,"inaffidabile","7","1","Italian","L1"
"608",6,"saggia","1","9","Italian","L1"
"609",6,"demone","6","4","Italian","L1"
"610",6,"indiscreta","8","2","Italian","L1"
"611",6,"cauta","1","7","Italian","L1"
"612",6,"affidabile","1","9","Italian","L1"
"613",6,"paziente","1","9","Italian","L1"
"614",6,"cattivo","8","1","Italian","L1"
"615",6,"riservata","1","9","Italian","L1"
"616",6,"tesoro","1","9","Italian","L1"
"617",6,"bugiarda","9","1","Italian","L1"
"618",6,"positivo","1","9","Italian","L1"
"619",6,"crudele","9","1","Italian","L1"
"620",6,"negativo","5","3","Italian","L1"
"621",6,"buono","1","8","Italian","L1"
"622",6,"osceno","6","4","Italian","L1"
"623",6,"scortese","6","2","Italian","L1"
"624",6,"stronzo","5","3","Italian","L1"
"625",243,"sleale","7","1","Italian","L1"
"626",243,"cauta","2","7","Italian","L1"
"627",243,"stronzo","9","1","Italian","L1"
"628",243,"affidabile","1","7","Italian","L1"
"629",243,"osceno","6","4","Italian","L1"
"630",243,"saggia","1","9","Italian","L1"
"631",243,"cattivo","5","5","Italian","L1"
"632",243,"santo","3","4","Italian","L1"
"633",243,"scrupolosa","3","6","Italian","L1"
"634",243,"positivo","6","7","Italian","L1"
"635",243,"paziente","1","9","Italian","L1"
"636",243,"gentile","3","8","Italian","L1"
"637",243,"elegante","5","5","Italian","L1"
"638",243,"inaffidabile","6","3","Italian","L1"
"639",243,"crudele","8","1","Italian","L1"
"640",243,"buono","2","7","Italian","L1"
"641",243,"riservata","5","6","Italian","L1"
"642",243,"indiscreta","4","4","Italian","L1"
"643",243,"meschina","6","3","Italian","L1"
"644",243,"bugiarda","7","2","Italian","L1"
"645",243,"demone","5","5","Italian","L1"
"646",243,"pigra","3","6","Italian","L1"
"647",243,"tesoro","6","7","Italian","L1"
"648",243,"negativo","4","4","Italian","L1"
"649",243,"scortese","6","2","Italian","L1"
"650",243,"leale","1","7","Italian","L1"
"651",169,"elegante","4","8","Italian","L1"
"652",169,"osceno","3","1","Italian","L1"
"653",169,"positivo","4","8","Italian","L1"
"654",169,"inaffidabile","5","1","Italian","L1"
"655",169,"scrupolosa","4","7","Italian","L1"
"656",169,"scortese","1","1","Italian","L1"
"657",169,"affidabile","4","8","Italian","L1"
"658",169,"paziente","2","7","Italian","L1"
"659",169,"riservata","2","7","Italian","L1"
"660",169,"demone","2","1","Italian","L1"
"661",169,"cauta","3","7","Italian","L1"
"662",169,"sleale","3","1","Italian","L1"
"663",169,"leale","1","8","Italian","L1"
"664",169,"meschina","4","1","Italian","L1"
"665",169,"santo","3","7","Italian","L1"
"666",169,"bugiarda","3","1","Italian","L1"
"667",169,"gentile","2","7","Italian","L1"
"668",169,"crudele","4","1","Italian","L1"
"669",169,"pigra","1","1","Italian","L1"
"670",169,"tesoro","2","7","Italian","L1"
"671",169,"buono","2","7","Italian","L1"
"672",169,"negativo","2","3","Italian","L1"
"673",169,"stronzo","2","1","Italian","L1"
"674",169,"indiscreta","3","5","Italian","L1"
"675",169,"saggia","2","8","Italian","L1"
"676",169,"cattivo","2","1","Italian","L1"
"677",214,"osceno","6","3","Italian","L1"
"678",214,"sleale","7","2","Italian","L1"
"679",214,"cauta","3","6","Italian","L1"
"680",214,"inaffidabile","6","3","Italian","L1"
"681",214,"santo","4","6","Italian","L1"
"682",214,"scortese","7","3","Italian","L1"
"683",214,"scrupolosa","3","7","Italian","L1"
"684",214,"leale","3","7","Italian","L1"
"685",214,"stronzo","7","3","Italian","L1"
"686",214,"gentile","2","8","Italian","L1"
"687",214,"negativo","5","3","Italian","L1"
"688",214,"riservata","3","7","Italian","L1"
"689",214,"paziente","2","8","Italian","L1"
"690",214,"crudele","7","2","Italian","L1"
"691",214,"elegante","5","6","Italian","L1"
"692",214,"bugiarda","6","3","Italian","L1"
"693",214,"affidabile","2","8","Italian","L1"
"694",214,"pigra","6","4","Italian","L1"
"695",214,"buono","3","7","Italian","L1"
"696",214,"meschina","7","2","Italian","L1"
"697",214,"tesoro","3","7","Italian","L1"
"698",214,"positivo","2","8","Italian","L1"
"699",214,"indiscreta","7","3","Italian","L1"
"700",214,"cattivo","6","2","Italian","L1"
"701",214,"demone","5","5","Italian","L1"
"702",214,"saggia","2","8","Italian","L1"
"703",215,"stronzo","5","3","Italian","L1"
"704",215,"sleale","5","2","Italian","L1"
"705",215,"osceno","5","2","Italian","L1"
"706",215,"scrupolosa","4","6","Italian","L1"
"707",215,"positivo","3","8","Italian","L1"
"708",215,"pigra","2","3","Italian","L1"
"709",215,"cauta","4","5","Italian","L1"
"710",215,"elegante","2","8","Italian","L1"
"711",215,"riservata","3","6","Italian","L1"
"712",215,"buono","1","9","Italian","L1"
"713",215,"paziente","4","7","Italian","L1"
"714",215,"inaffidabile","5","2","Italian","L1"
"715",215,"leale","2","8","Italian","L1"
"716",215,"cattivo","5","2","Italian","L1"
"717",215,"santo","3","8","Italian","L1"
"718",215,"crudele","6","1","Italian","L1"
"719",215,"scortese","6","1","Italian","L1"
"720",215,"affidabile","3","8","Italian","L1"
"721",215,"indiscreta","5","5","Italian","L1"
"722",215,"demone","7","1","Italian","L1"
"723",215,"tesoro","3","8","Italian","L1"
"724",215,"negativo","5","2","Italian","L1"
"725",215,"meschina","6","2","Italian","L1"
"726",215,"saggia","4","8","Italian","L1"
"727",215,"bugiarda","6","2","Italian","L1"
"728",215,"gentile","3","7","Italian","L1"
"729",133,"scortese","9","1","Italian","L1"
"730",133,"bugiarda","9","1","Italian","L1"
"731",133,"tesoro","9","9","Italian","L1"
"732",133,"meschina","9","1","Italian","L1"
"733",133,"osceno","7","5","Italian","L1"
"734",133,"negativo","7","1","Italian","L1"
"735",133,"indiscreta","7","3","Italian","L1"
"736",133,"saggia","3","9","Italian","L1"
"737",133,"gentile","7","9","Italian","L1"
"738",133,"riservata","5","7","Italian","L1"
"739",133,"demone","7","5","Italian","L1"
"740",133,"scrupolosa","1","5","Italian","L1"
"741",133,"santo","1","5","Italian","L1"
"742",133,"paziente","1","7","Italian","L1"
"743",133,"positivo","5","9","Italian","L1"
"744",133,"elegante","7","7","Italian","L1"
"745",133,"stronzo","9","3","Italian","L1"
"746",133,"affidabile","5","9","Italian","L1"
"747",133,"inaffidabile","7","1","Italian","L1"
"748",133,"cauta","1","5","Italian","L1"
"749",133,"crudele","9","1","Italian","L1"
"750",133,"pigra","5","3","Italian","L1"
"751",133,"sleale","9","1","Italian","L1"
"752",133,"buono","7","9","Italian","L1"
"753",133,"cattivo","9","1","Italian","L1"
"754",133,"leale","9","9","Italian","L1"
"755",119,"elegante","3","9","Italian","L1"
"756",119,"pigra","5","4","Italian","L1"
"757",119,"negativo","5","3","Italian","L1"
"758",119,"affidabile","2","8","Italian","L1"
"759",119,"indiscreta","7","3","Italian","L1"
"760",119,"scortese","7","3","Italian","L1"
"761",119,"positivo","2","8","Italian","L1"
"762",119,"riservata","1","7","Italian","L1"
"763",119,"stronzo","9","1","Italian","L1"
"764",119,"bugiarda","9","1","Italian","L1"
"765",119,"paziente","1","7","Italian","L1"
"766",119,"buono","4","8","Italian","L1"
"767",119,"gentile","3","7","Italian","L1"
"768",119,"osceno","9","1","Italian","L1"
"769",119,"scrupolosa","4","6","Italian","L1"
"770",119,"meschina","7","1","Italian","L1"
"771",119,"santo","1","7","Italian","L1"
"772",119,"leale","3","9","Italian","L1"
"773",119,"tesoro","5","8","Italian","L1"
"774",119,"crudele","9","1","Italian","L1"
"775",119,"cattivo","7","1","Italian","L1"
"776",119,"demone","4","2","Italian","L1"
"777",119,"saggia","1","7","Italian","L1"
"778",119,"inaffidabile","6","3","Italian","L1"
"779",119,"cauta","3","5","Italian","L1"
"780",119,"sleale","6","2","Italian","L1"
"781",11,"stronzo","5","5","Italian","L1"
"782",11,"cattivo","5","5","Italian","L1"
"783",11,"buono","5","5","Italian","L1"
"784",11,"elegante","5","5","Italian","L1"
"785",11,"tesoro","5","5","Italian","L1"
"786",11,"pigra","5","5","Italian","L1"
"787",11,"santo","5","5","Italian","L1"
"788",11,"riservata","5","5","Italian","L1"
"789",11,"bugiarda","5","5","Italian","L1"
"790",11,"sleale","5","5","Italian","L1"
"791",11,"saggia","5","5","Italian","L1"
"792",11,"cauta","5","5","Italian","L1"
"793",11,"osceno","5","5","Italian","L1"
"794",11,"scortese","5","5","Italian","L1"
"795",11,"negativo","5","5","Italian","L1"
"796",11,"crudele","5","5","Italian","L1"
"797",11,"positivo","5","5","Italian","L1"
"798",11,"indiscreta","5","5","Italian","L1"
"799",11,"inaffidabile","5","5","Italian","L1"
"800",11,"paziente","5","5","Italian","L1"
"801",11,"demone","5","5","Italian","L1"
"802",11,"gentile","5","5","Italian","L1"
"803",11,"leale","5","5","Italian","L1"
"804",11,"affidabile","5","5","Italian","L1"
"805",11,"scrupolosa","5","5","Italian","L1"
"806",11,"meschina","5","5","Italian","L1"
"807",301,"meschina","3","5","Italian","L1"
"808",301,"demone","6","4","Italian","L1"
"809",301,"affidabile","2","7","Italian","L1"
"810",301,"cauta","2","6","Italian","L1"
"811",301,"bugiarda","5","4","Italian","L1"
"812",301,"scortese","5","2","Italian","L1"
"813",301,"negativo","4","3","Italian","L1"
"814",301,"sleale","5","2","Italian","L1"
"815",301,"leale","3","6","Italian","L1"
"816",301,"indiscreta","3","4","Italian","L1"
"817",301,"positivo","2","7","Italian","L1"
"818",301,"scrupolosa","1","8","Italian","L1"
"819",301,"gentile","2","9","Italian","L1"
"820",301,"inaffidabile","8","2","Italian","L1"
"821",301,"cattivo","4","3","Italian","L1"
"822",301,"osceno","2","4","Italian","L1"
"823",301,"elegante","2","2","Italian","L1"
"824",301,"tesoro","4","8","Italian","L1"
"825",301,"buono","3","7","Italian","L1"
"826",301,"saggia","3","8","Italian","L1"
"827",301,"riservata","2","8","Italian","L1"
"828",301,"stronzo","3","3","Italian","L1"
"829",301,"santo","3","5","Italian","L1"
"830",301,"crudele","2","3","Italian","L1"
"831",301,"paziente","2","7","Italian","L1"
"832",301,"pigra","2","3","Italian","L1"
"833",147,"cattivo","1","3","Italian","L1"
"834",147,"stronzo","2","1","Italian","L1"
"835",147,"riservata","1","6","Italian","L1"
"836",147,"meschina","1","1","Italian","L1"
"837",147,"buono","7","9","Italian","L1"
"838",147,"indiscreta","3","5","Italian","L1"
"839",147,"gentile","9","9","Italian","L1"
"840",147,"crudele","5","1","Italian","L1"
"841",147,"cauta","2","6","Italian","L1"
"842",147,"paziente","5","6","Italian","L1"
"843",147,"demone","4","1","Italian","L1"
"844",147,"leale","6","9","Italian","L1"
"845",147,"scortese","4","1","Italian","L1"
"846",147,"affidabile","6","4","Italian","L1"
"847",147,"pigra","5","1","Italian","L1"
"848",147,"negativo","4","1","Italian","L1"
"849",147,"bugiarda","3","1","Italian","L1"
"850",147,"saggia","5","9","Italian","L1"
"851",147,"santo","6","9","Italian","L1"
"852",147,"positivo","9","9","Italian","L1"
"853",147,"sleale","5","1","Italian","L1"
"854",147,"tesoro","7","9","Italian","L1"
"855",147,"osceno","2","1","Italian","L1"
"856",147,"inaffidabile","3","1","Italian","L1"
"857",147,"elegante","9","7","Italian","L1"
"858",147,"scrupolosa","5","7","Italian","L1"
"859",36,"inaffidabile","1","3","Italian","L1"
"860",36,"saggia","1","9","Italian","L1"
"861",36,"demone","1","2","Italian","L1"
"862",36,"negativo","1","1","Italian","L1"
"863",36,"elegante","5","9","Italian","L1"
"864",36,"stronzo","2","1","Italian","L1"
"865",36,"cattivo","6","1","Italian","L1"
"866",36,"buono","1","9","Italian","L1"
"867",36,"sleale","1","1","Italian","L1"
"868",36,"osceno","1","1","Italian","L1"
"869",36,"santo","6","9","Italian","L1"
"870",36,"bugiarda","1","1","Italian","L1"
"871",36,"gentile","6","9","Italian","L1"
"872",36,"meschina","1","1","Italian","L1"
"873",36,"tesoro","7","9","Italian","L1"
"874",36,"affidabile","7","9","Italian","L1"
"875",36,"cauta","3","9","Italian","L1"
"876",36,"paziente","2","9","Italian","L1"
"877",36,"crudele","1","1","Italian","L1"
"878",36,"scrupolosa","6","9","Italian","L1"
"879",36,"leale","6","9","Italian","L1"
"880",36,"indiscreta","4","3","Italian","L1"
"881",36,"scortese","1","1","Italian","L1"
"882",36,"riservata","2","6","Italian","L1"
"883",36,"positivo","6","9","Italian","L1"
"884",36,"pigra","3","9","Italian","L1"
"885",286,"santo","1","7","Italian","L1"
"886",286,"pigra","1","3","Italian","L1"
"887",286,"leale","3","9","Italian","L1"
"888",286,"scrupolosa","3","9","Italian","L1"
"889",286,"stronzo","7","1","Italian","L1"
"890",286,"tesoro","2","9","Italian","L1"
"891",286,"affidabile","3","8","Italian","L1"
"892",286,"indiscreta","7","2","Italian","L1"
"893",286,"saggia","1","9","Italian","L1"
"894",286,"positivo","1","9","Italian","L1"
"895",286,"riservata","1","9","Italian","L1"
"896",286,"inaffidabile","7","2","Italian","L1"
"897",286,"cattivo","8","1","Italian","L1"
"898",286,"gentile","2","8","Italian","L1"
"899",286,"demone","8","2","Italian","L1"
"900",286,"negativo","5","1","Italian","L1"
"901",286,"meschina","8","3","Italian","L1"
"902",286,"crudele","7","3","Italian","L1"
"903",286,"bugiarda","7","3","Italian","L1"
"904",286,"paziente","2","8","Italian","L1"
"905",286,"buono","2","8","Italian","L1"
"906",286,"scortese","7","2","Italian","L1"
"907",286,"sleale","7","2","Italian","L1"
"908",286,"cauta","4","8","Italian","L1"
"909",286,"osceno","8","2","Italian","L1"
"910",286,"elegante","3","7","Italian","L1"
"911",291,"scortese","6","3","Italian","L1"
"912",291,"paziente","3","8","Italian","L1"
"913",291,"cauta","1","7","Italian","L1"
"914",291,"bugiarda","9","1","Italian","L1"
"915",291,"tesoro","2","8","Italian","L1"
"916",291,"scrupolosa","2","8","Italian","L1"
"917",291,"cattivo","8","2","Italian","L1"
"918",291,"gentile","7","8","Italian","L1"
"919",291,"positivo","1","9","Italian","L1"
"920",291,"pigra","5","6","Italian","L1"
"921",291,"sleale","6","2","Italian","L1"
"922",291,"santo","1","8","Italian","L1"
"923",291,"meschina","6","1","Italian","L1"
"924",291,"osceno","9","1","Italian","L1"
"925",291,"affidabile","1","9","Italian","L1"
"926",291,"indiscreta","5","6","Italian","L1"
"927",291,"leale","1","8","Italian","L1"
"928",291,"negativo","8","1","Italian","L1"
"929",291,"inaffidabile","7","1","Italian","L1"
"930",291,"stronzo","7","1","Italian","L1"
"931",291,"saggia","1","9","Italian","L1"
"932",291,"buono","1","9","Italian","L1"
"933",291,"riservata","1","9","Italian","L1"
"934",291,"demone","7","1","Italian","L1"
"935",291,"crudele","8","1","Italian","L1"
"936",291,"elegante","1","9","Italian","L1"
"937",175,"santo","5","7","Italian","L1"
"938",175,"inaffidabile","4","3","Italian","L1"
"939",175,"meschina","6","2","Italian","L1"
"940",175,"paziente","3","6","Italian","L1"
"941",175,"sleale","5","3","Italian","L1"
"942",175,"demone","6","3","Italian","L1"
"943",175,"stronzo","6","2","Italian","L1"
"944",175,"gentile","3","8","Italian","L1"
"945",175,"buono","3","7","Italian","L1"
"946",175,"affidabile","3","7","Italian","L1"
"947",175,"pigra","5","5","Italian","L1"
"948",175,"bugiarda","6","3","Italian","L1"
"949",175,"negativo","5","3","Italian","L1"
"950",175,"riservata","5","5","Italian","L1"
"951",175,"elegante","4","6","Italian","L1"
"952",175,"scrupolosa","4","6","Italian","L1"
"953",175,"cauta","3","6","Italian","L1"
"954",175,"leale","3","8","Italian","L1"
"955",175,"indiscreta","5","3","Italian","L1"
"956",175,"osceno","6","3","Italian","L1"
"957",175,"scortese","8","3","Italian","L1"
"958",175,"cattivo","8","2","Italian","L1"
"959",175,"tesoro","3","7","Italian","L1"
"960",175,"crudele","8","3","Italian","L1"
"961",175,"positivo","3","8","Italian","L1"
"962",175,"saggia","3","7","Italian","L1"
"963",98,"elegante","4","7","Italian","L1"
"964",98,"crudele","8","1","Italian","L1"
"965",98,"gentile","2","8","Italian","L1"
"966",98,"bugiarda","7","2","Italian","L1"
"967",98,"affidabile","1","8","Italian","L1"
"968",98,"saggia","3","8","Italian","L1"
"969",98,"demone","9","1","Italian","L1"
"970",98,"indiscreta","7","2","Italian","L1"
"971",98,"tesoro","1","9","Italian","L1"
"972",98,"santo","5","5","Italian","L1"
"973",98,"scrupolosa","2","6","Italian","L1"
"974",98,"buono","1","9","Italian","L1"
"975",98,"inaffidabile","7","2","Italian","L1"
"976",98,"leale","2","8","Italian","L1"
"977",98,"cauta","2","7","Italian","L1"
"978",98,"paziente","1","8","Italian","L1"
"979",98,"meschina","7","1","Italian","L1"
"980",98,"sleale","7","1","Italian","L1"
"981",98,"cattivo","8","1","Italian","L1"
"982",98,"stronzo","9","1","Italian","L1"
"983",98,"osceno","9","2","Italian","L1"
"984",98,"negativo","8","2","Italian","L1"
"985",98,"riservata","1","6","Italian","L1"
"986",98,"pigra","2","4","Italian","L1"
"987",98,"scortese","6","2","Italian","L1"
"988",98,"positivo","3","8","Italian","L1"
"989",275,"osceno","6","5","Italian","L1"
"990",275,"saggia","2","7","Italian","L1"
"991",275,"meschina","6","5","Italian","L1"
"992",275,"indiscreta","6","4","Italian","L1"
"993",275,"stronzo","9","7","Italian","L1"
"994",275,"pigra","7","3","Italian","L1"
"995",275,"scrupolosa","4","7","Italian","L1"
"996",275,"tesoro","5","9","Italian","L1"
"997",275,"buono","7","9","Italian","L1"
"998",275,"positivo","5","7","Italian","L1"
"999",275,"affidabile","7","8","Italian","L1"
"1000",275,"cauta","5","5","Italian","L1"
"1001",275,"demone","7","4","Italian","L1"
"1002",275,"crudele","7","2","Italian","L1"
"1003",275,"leale","7","7","Italian","L1"
"1004",275,"gentile","9","9","Italian","L1"
"1005",275,"inaffidabile","8","2","Italian","L1"
"1006",275,"bugiarda","8","2","Italian","L1"
"1007",275,"paziente","8","8","Italian","L1"
"1008",275,"cattivo","9","1","Italian","L1"
"1009",275,"riservata","5","4","Italian","L1"
"1010",275,"sleale","8","1","Italian","L1"
"1011",275,"scortese","9","1","Italian","L1"
"1012",275,"negativo","6","4","Italian","L1"
"1013",275,"elegante","5","6","Italian","L1"
"1014",275,"santo","5","3","Italian","L1"
"1015",256,"inaffidabile","5","3","Italian","L1"
"1016",256,"bugiarda","5","2","Italian","L1"
"1017",256,"leale","6","6","Italian","L1"
"1018",256,"stronzo","6","1","Italian","L1"
"1019",256,"crudele","5","1","Italian","L1"
"1020",256,"cauta","1","6","Italian","L1"
"1021",256,"demone","6","3","Italian","L1"
"1022",256,"paziente","2","7","Italian","L1"
"1023",256,"scortese","5","1","Italian","L1"
"1024",256,"santo","3","5","Italian","L1"
"1025",256,"saggia","1","7","Italian","L1"
"1026",256,"osceno","9","9","Italian","L1"
"1027",256,"gentile","7","9","Italian","L1"
"1028",256,"tesoro","8","9","Italian","L1"
"1029",256,"meschina","5","1","Italian","L1"
"1030",256,"pigra","3","6","Italian","L1"
"1031",256,"elegante","6","5","Italian","L1"
"1032",256,"indiscreta","5","1","Italian","L1"
"1033",256,"positivo","8","9","Italian","L1"
"1034",256,"scrupolosa","5","5","Italian","L1"
"1035",256,"riservata","5","5","Italian","L1"
"1036",256,"cattivo","5","1","Italian","L1"
"1037",256,"buono","3","7","Italian","L1"
"1038",256,"sleale","5","1","Italian","L1"
"1039",256,"negativo","5","1","Italian","L1"
"1040",256,"affidabile","3","8","Italian","L1"
"1041",76,"sleale","7","2","Italian","L1"
"1042",76,"saggia","1","9","Italian","L1"
"1043",76,"gentile","7","9","Italian","L1"
"1044",76,"affidabile","3","8","Italian","L1"
"1045",76,"meschina","6","2","Italian","L1"
"1046",76,"demone","5","5","Italian","L1"
"1047",76,"leale","2","8","Italian","L1"
"1048",76,"crudele","5","3","Italian","L1"
"1049",76,"cauta","5","5","Italian","L1"
"1050",76,"riservata","5","5","Italian","L1"
"1051",76,"bugiarda","4","3","Italian","L1"
"1052",76,"negativo","6","2","Italian","L1"
"1053",76,"elegante","2","7","Italian","L1"
"1054",76,"osceno","6","3","Italian","L1"
"1055",76,"buono","1","8","Italian","L1"
"1056",76,"santo","2","7","Italian","L1"
"1057",76,"pigra","5","5","Italian","L1"
"1058",76,"scortese","5","3","Italian","L1"
"1059",76,"scrupolosa","5","5","Italian","L1"
"1060",76,"positivo","2","7","Italian","L1"
"1061",76,"stronzo","6","2","Italian","L1"
"1062",76,"tesoro","3","8","Italian","L1"
"1063",76,"paziente","2","7","Italian","L1"
"1064",76,"inaffidabile","6","3","Italian","L1"
"1065",76,"indiscreta","5","5","Italian","L1"
"1066",76,"cattivo","5","3","Italian","L1"
"1067",21,"negativo","7","3","Italian","L1"
"1068",21,"cauta","6","5","Italian","L1"
"1069",21,"stronzo","7","3","Italian","L1"
"1070",21,"riservata","3","5","Italian","L1"
"1071",21,"buono","2","7","Italian","L1"
"1072",21,"sleale","7","2","Italian","L1"
"1073",21,"affidabile","1","8","Italian","L1"
"1074",21,"santo","3","5","Italian","L1"
"1075",21,"crudele","8","1","Italian","L1"
"1076",21,"paziente","1","9","Italian","L1"
"1077",21,"meschina","9","1","Italian","L1"
"1078",21,"tesoro","3","6","Italian","L1"
"1079",21,"pigra","3","6","Italian","L1"
"1080",21,"scrupolosa","8","3","Italian","L1"
"1081",21,"inaffidabile","7","2","Italian","L1"
"1082",21,"saggia","3","8","Italian","L1"
"1083",21,"demone","5","1","Italian","L1"
"1084",21,"osceno","8","1","Italian","L1"
"1085",21,"scortese","7","1","Italian","L1"
"1086",21,"gentile","4","7","Italian","L1"
"1087",21,"positivo","6","8","Italian","L1"
"1088",21,"indiscreta","9","3","Italian","L1"
"1089",21,"cattivo","9","1","Italian","L1"
"1090",21,"bugiarda","5","5","Italian","L1"
"1091",21,"leale","4","7","Italian","L1"
"1092",21,"elegante","7","5","Italian","L1"
"1093",65,"sleale","6","2","Italian","L1"
"1094",65,"buono","2","9","Italian","L1"
"1095",65,"leale","2","8","Italian","L1"
"1096",65,"osceno","7","3","Italian","L1"
"1097",65,"pigra","6","4","Italian","L1"
"1098",65,"crudele","8","2","Italian","L1"
"1099",65,"riservata","1","7","Italian","L1"
"1100",65,"tesoro","1","8","Italian","L1"
"1101",65,"gentile","1","9","Italian","L1"
"1102",65,"demone","8","2","Italian","L1"
"1103",65,"inaffidabile","7","3","Italian","L1"
"1104",65,"indiscreta","6","3","Italian","L1"
"1105",65,"affidabile","2","8","Italian","L1"
"1106",65,"paziente","2","8","Italian","L1"
"1107",65,"cauta","1","7","Italian","L1"
"1108",65,"negativo","6","4","Italian","L1"
"1109",65,"saggia","2","7","Italian","L1"
"1110",65,"cattivo","7","2","Italian","L1"
"1111",65,"stronzo","7","2","Italian","L1"
"1112",65,"meschina","9","1","Italian","L1"
"1113",65,"scortese","7","3","Italian","L1"
"1114",65,"bugiarda","7","3","Italian","L1"
"1115",65,"scrupolosa","1","6","Italian","L1"
"1116",65,"santo","1","6","Italian","L1"
"1117",65,"positivo","1","5","Italian","L1"
"1118",65,"elegante","2","7","Italian","L1"
"1119",287,"paziente","2","3","Italian","L1"
"1120",287,"tesoro","5","9","Italian","L1"
"1121",287,"meschina","9","1","Italian","L1"
"1122",287,"demone","3","4","Italian","L1"
"1123",287,"bugiarda","9","1","Italian","L1"
"1124",287,"leale","9","9","Italian","L1"
"1125",287,"elegante","9","9","Italian","L1"
"1126",287,"cauta","5","7","Italian","L1"
"1127",287,"scrupolosa","5","5","Italian","L1"
"1128",287,"sleale","8","1","Italian","L1"
"1129",287,"inaffidabile","9","1","Italian","L1"
"1130",287,"affidabile","5","6","Italian","L1"
"1131",287,"scortese","8","5","Italian","L1"
"1132",287,"santo","9","9","Italian","L1"
"1133",287,"pigra","7","1","Italian","L1"
"1134",287,"riservata","8","9","Italian","L1"
"1135",287,"positivo","9","9","Italian","L1"
"1136",287,"indiscreta","5","5","Italian","L1"
"1137",287,"crudele","6","1","Italian","L1"
"1138",287,"gentile","9","9","Italian","L1"
"1139",287,"osceno","6","1","Italian","L1"
"1140",287,"stronzo","5","3","Italian","L1"
"1141",287,"negativo","5","3","Italian","L1"
"1142",287,"buono","5","5","Italian","L1"
"1143",287,"saggia","6","6","Italian","L1"
"1144",287,"cattivo","5","1","Italian","L1"
"1145",262,"santo","4","5","Italian","L1"
"1146",262,"leale","6","7","Italian","L1"
"1147",262,"inaffidabile","6","5","Italian","L1"
"1148",262,"cauta","3","7","Italian","L1"
"1149",262,"positivo","2","8","Italian","L1"
"1150",262,"osceno","5","5","Italian","L1"
"1151",262,"scortese","6","3","Italian","L1"
"1152",262,"stronzo","8","3","Italian","L1"
"1153",262,"sleale","4","4","Italian","L1"
"1154",262,"indiscreta","6","2","Italian","L1"
"1155",262,"meschina","6","3","Italian","L1"
"1156",262,"negativo","5","5","Italian","L1"
"1157",262,"gentile","3","7","Italian","L1"
"1158",262,"buono","7","8","Italian","L1"
"1159",262,"affidabile","5","8","Italian","L1"
"1160",262,"pigra","2","3","Italian","L1"
"1161",262,"bugiarda","6","3","Italian","L1"
"1162",262,"paziente","2","7","Italian","L1"
"1163",262,"cattivo","6","3","Italian","L1"
"1164",262,"tesoro","3","7","Italian","L1"
"1165",262,"saggia","1","5","Italian","L1"
"1166",262,"scrupolosa","2","5","Italian","L1"
"1167",262,"demone","6","1","Italian","L1"
"1168",262,"crudele","4","3","Italian","L1"
"1169",262,"riservata","3","6","Italian","L1"
"1170",262,"elegante","5","9","Italian","L1"
"1171",64,"paziente","1","5","Italian","L1"
"1172",64,"gentile","1","5","Italian","L1"
"1173",64,"bugiarda","5","5","Italian","L1"
"1174",64,"crudele","5","5","Italian","L1"
"1175",64,"cauta","5","5","Italian","L1"
"1176",64,"scortese","6","5","Italian","L1"
"1177",64,"demone","6","5","Italian","L1"
"1178",64,"elegante","7","5","Italian","L1"
"1179",64,"leale","1","5","Italian","L1"
"1180",64,"affidabile","1","5","Italian","L1"
"1181",64,"sleale","5","5","Italian","L1"
"1182",64,"meschina","5","4","Italian","L1"
"1183",64,"stronzo","7","5","Italian","L1"
"1184",64,"scrupolosa","1","5","Italian","L1"
"1185",64,"osceno","6","5","Italian","L1"
"1186",64,"pigra","1","5","Italian","L1"
"1187",64,"buono","1","5","Italian","L1"
"1188",64,"saggia","1","5","Italian","L1"
"1189",64,"positivo","1","9","Italian","L1"
"1190",64,"tesoro","9","9","Italian","L1"
"1191",64,"negativo","9","1","Italian","L1"
"1192",64,"riservata","1","5","Italian","L1"
"1193",64,"santo","1","5","Italian","L1"
"1194",64,"cattivo","5","5","Italian","L1"
"1195",64,"inaffidabile","5","5","Italian","L1"
"1196",64,"indiscreta","5","5","Italian","L1"
"1197",223,"saggia","2","6","Italian","L1"
"1198",223,"elegante","4","5","Italian","L1"
"1199",223,"scrupolosa","6","5","Italian","L1"
"1200",223,"gentile","2","7","Italian","L1"
"1201",223,"positivo","3","6","Italian","L1"
"1202",223,"scortese","7","3","Italian","L1"
"1203",223,"paziente","1","6","Italian","L1"
"1204",223,"affidabile","1","7","Italian","L1"
"1205",223,"leale","1","7","Italian","L1"
"1206",223,"stronzo","6","4","Italian","L1"
"1207",223,"bugiarda","7","2","Italian","L1"
"1208",223,"cauta","2","5","Italian","L1"
"1209",223,"cattivo","7","3","Italian","L1"
"1210",223,"crudele","8","1","Italian","L1"
"1211",223,"osceno","6","2","Italian","L1"
"1212",223,"negativo","5","4","Italian","L1"
"1213",223,"demone","5","5","Italian","L1"
"1214",223,"riservata","2","5","Italian","L1"
"1215",223,"santo","1","5","Italian","L1"
"1216",223,"pigra","6","4","Italian","L1"
"1217",223,"sleale","5","1","Italian","L1"
"1218",223,"indiscreta","5","4","Italian","L1"
"1219",223,"inaffidabile","6","3","Italian","L1"
"1220",223,"tesoro","9","9","Italian","L1"
"1221",223,"meschina","7","1","Italian","L1"
"1222",223,"buono","5","7","Italian","L1"
"1223",233,"demone","4","1","Italian","L1"
"1224",233,"santo","7","9","Italian","L1"
"1225",233,"tesoro","8","9","Italian","L1"
"1226",233,"saggia","7","9","Italian","L1"
"1227",233,"bugiarda","5","1","Italian","L1"
"1228",233,"scrupolosa","2","7","Italian","L1"
"1229",233,"riservata","4","7","Italian","L1"
"1230",233,"cauta","4","7","Italian","L1"
"1231",233,"buono","5","9","Italian","L1"
"1232",233,"affidabile","6","9","Italian","L1"
"1233",233,"meschina","4","1","Italian","L1"
"1234",233,"elegante","4","8","Italian","L1"
"1235",233,"leale","5","9","Italian","L1"
"1236",233,"cattivo","5","3","Italian","L1"
"1237",233,"osceno","5","2","Italian","L1"
"1238",233,"scortese","5","3","Italian","L1"
"1239",233,"crudele","5","3","Italian","L1"
"1240",233,"gentile","5","9","Italian","L1"
"1241",233,"negativo","5","5","Italian","L1"
"1242",233,"sleale","5","3","Italian","L1"
"1243",233,"pigra","5","3","Italian","L1"
"1244",233,"positivo","5","9","Italian","L1"
"1245",233,"indiscreta","6","3","Italian","L1"
"1246",233,"inaffidabile","5","3","Italian","L1"
"1247",233,"paziente","6","8","Italian","L1"
"1248",233,"stronzo","6","1","Italian","L1"
"1249",18,"stronzo","6","2","Italian","L1"
"1250",18,"santo","3","8","Italian","L1"
"1251",18,"crudele","6","1","Italian","L1"
"1252",18,"indiscreta","6","3","Italian","L1"
"1253",18,"inaffidabile","6","3","Italian","L1"
"1254",18,"meschina","6","1","Italian","L1"
"1255",18,"leale","1","9","Italian","L1"
"1256",18,"positivo","1","9","Italian","L1"
"1257",18,"bugiarda","6","1","Italian","L1"
"1258",18,"cattivo","6","1","Italian","L1"
"1259",18,"negativo","7","1","Italian","L1"
"1260",18,"scrupolosa","4","7","Italian","L1"
"1261",18,"saggia","2","8","Italian","L1"
"1262",18,"cauta","3","7","Italian","L1"
"1263",18,"osceno","6","2","Italian","L1"
"1264",18,"elegante","1","9","Italian","L1"
"1265",18,"demone","7","2","Italian","L1"
"1266",18,"affidabile","1","9","Italian","L1"
"1267",18,"buono","1","9","Italian","L1"
"1268",18,"scortese","7","2","Italian","L1"
"1269",18,"paziente","1","7","Italian","L1"
"1270",18,"pigra","4","3","Italian","L1"
"1271",18,"riservata","4","7","Italian","L1"
"1272",18,"gentile","3","8","Italian","L1"
"1273",18,"sleale","6","2","Italian","L1"
"1274",18,"tesoro","5","9","Italian","L1"
"1275",181,"elegante","5","7","Italian","L1"
"1276",181,"cattivo","7","2","Italian","L1"
"1277",181,"inaffidabile","7","2","Italian","L1"
"1278",181,"crudele","9","1","Italian","L1"
"1279",181,"osceno","8","2","Italian","L1"
"1280",181,"stronzo","7","1","Italian","L1"
"1281",181,"negativo","6","1","Italian","L1"
"1282",181,"indiscreta","3","7","Italian","L1"
"1283",181,"demone","8","2","Italian","L1"
"1284",181,"bugiarda","8","3","Italian","L1"
"1285",181,"paziente","2","6","Italian","L1"
"1286",181,"buono","4","7","Italian","L1"
"1287",181,"tesoro","2","7","Italian","L1"
"1288",181,"affidabile","1","8","Italian","L1"
"1289",181,"cauta","4","6","Italian","L1"
"1290",181,"positivo","8","8","Italian","L1"
"1291",181,"meschina","8","2","Italian","L1"
"1292",181,"sleale","7","1","Italian","L1"
"1293",181,"pigra","3","4","Italian","L1"
"1294",181,"leale","3","8","Italian","L1"
"1295",181,"scortese","7","1","Italian","L1"
"1296",181,"gentile","3","8","Italian","L1"
"1297",181,"riservata","4","6","Italian","L1"
"1298",181,"santo","2","6","Italian","L1"
"1299",181,"saggia","3","8","Italian","L1"
"1300",181,"scrupolosa","5","7","Italian","L1"
"1301",206,"cattivo","6","2","Italian","L1"
"1302",206,"cauta","3","6","Italian","L1"
"1303",206,"demone","5","2","Italian","L1"
"1304",206,"pigra","2","5","Italian","L1"
"1305",206,"osceno","5","4","Italian","L1"
"1306",206,"positivo","7","8","Italian","L1"
"1307",206,"inaffidabile","5","3","Italian","L1"
"1308",206,"scrupolosa","4","6","Italian","L1"
"1309",206,"buono","8","8","Italian","L1"
"1310",206,"meschina","4","3","Italian","L1"
"1311",206,"tesoro","8","8","Italian","L1"
"1312",206,"stronzo","5","3","Italian","L1"
"1313",206,"elegante","5","7","Italian","L1"
"1314",206,"paziente","4","6","Italian","L1"
"1315",206,"scortese","4","3","Italian","L1"
"1316",206,"negativo","4","2","Italian","L1"
"1317",206,"crudele","5","2","Italian","L1"
"1318",206,"gentile","4","8","Italian","L1"
"1319",206,"indiscreta","4","4","Italian","L1"
"1320",206,"saggia","4","6","Italian","L1"
"1321",206,"riservata","4","6","Italian","L1"
"1322",206,"affidabile","3","7","Italian","L1"
"1323",206,"leale","6","8","Italian","L1"
"1324",206,"santo","3","8","Italian","L1"
"1325",206,"bugiarda","4","3","Italian","L1"
"1326",206,"sleale","3","2","Italian","L1"
"1327",109,"scortese","4","3","Italian","L1"
"1328",109,"saggia","3","7","Italian","L1"
"1329",109,"tesoro","7","8","Italian","L1"
"1330",109,"cauta","2","6","Italian","L1"
"1331",109,"elegante","3","7","Italian","L1"
"1332",109,"buono","6","8","Italian","L1"
"1333",109,"sleale","3","3","Italian","L1"
"1334",109,"scrupolosa","3","7","Italian","L1"
"1335",109,"meschina","6","2","Italian","L1"
"1336",109,"santo","2","7","Italian","L1"
"1337",109,"indiscreta","4","3","Italian","L1"
"1338",109,"demone","9","2","Italian","L1"
"1339",109,"paziente","1","8","Italian","L1"
"1340",109,"gentile","4","8","Italian","L1"
"1341",109,"crudele","7","2","Italian","L1"
"1342",109,"leale","4","7","Italian","L1"
"1343",109,"negativo","5","3","Italian","L1"
"1344",109,"pigra","2","4","Italian","L1"
"1345",109,"inaffidabile","4","3","Italian","L1"
"1346",109,"positivo","5","8","Italian","L1"
"1347",109,"cattivo","6","1","Italian","L1"
"1348",109,"stronzo","8","1","Italian","L1"
"1349",109,"riservata","2","6","Italian","L1"
"1350",109,"osceno","7","3","Italian","L1"
"1351",109,"affidabile","3","7","Italian","L1"
"1352",109,"bugiarda","5","3","Italian","L1"
"1353",123,"inaffidabile","7","7","Italian","L1"
"1354",123,"riservata","5","5","Italian","L1"
"1355",123,"sleale","5","4","Italian","L1"
"1356",123,"affidabile","5","5","Italian","L1"
"1357",123,"negativo","9","1","Italian","L1"
"1358",123,"indiscreta","3","2","Italian","L1"
"1359",123,"leale","5","5","Italian","L1"
"1360",123,"pigra","3","3","Italian","L1"
"1361",123,"cauta","5","5","Italian","L1"
"1362",123,"demone","4","1","Italian","L1"
"1363",123,"osceno","5","1","Italian","L1"
"1364",123,"tesoro","1","9","Italian","L1"
"1365",123,"positivo","1","9","Italian","L1"
"1366",123,"santo","2","6","Italian","L1"
"1367",123,"cattivo","9","1","Italian","L1"
"1368",123,"scrupolosa","5","5","Italian","L1"
"1369",123,"bugiarda","7","1","Italian","L1"
"1370",123,"paziente","5","4","Italian","L1"
"1371",123,"elegante","3","8","Italian","L1"
"1372",123,"crudele","6","4","Italian","L1"
"1373",123,"buono","3","8","Italian","L1"
"1374",123,"stronzo","7","1","Italian","L1"
"1375",123,"saggia","5","4","Italian","L1"
"1376",123,"meschina","6","1","Italian","L1"
"1377",123,"gentile","4","7","Italian","L1"
"1378",123,"scortese","5","4","Italian","L1"
"1379",108,"elegante","7","8","Italian","L1"
"1380",108,"saggia","8","8","Italian","L1"
"1381",108,"negativo","5","2","Italian","L1"
"1382",108,"crudele","5","2","Italian","L1"
"1383",108,"meschina","5","1","Italian","L1"
"1384",108,"bugiarda","5","2","Italian","L1"
"1385",108,"affidabile","7","8","Italian","L1"
"1386",108,"tesoro","9","9","Italian","L1"
"1387",108,"indiscreta","5","2","Italian","L1"
"1388",108,"gentile","7","8","Italian","L1"
"1389",108,"leale","7","8","Italian","L1"
"1390",108,"riservata","6","8","Italian","L1"
"1391",108,"stronzo","5","2","Italian","L1"
"1392",108,"buono","6","8","Italian","L1"
"1393",108,"scrupolosa","7","8","Italian","L1"
"1394",108,"demone","5","1","Italian","L1"
"1395",108,"sleale","5","1","Italian","L1"
"1396",108,"santo","7","8","Italian","L1"
"1397",108,"osceno","5","2","Italian","L1"
"1398",108,"inaffidabile","5","1","Italian","L1"
"1399",108,"pigra","5","2","Italian","L1"
"1400",108,"cauta","6","7","Italian","L1"
"1401",108,"cattivo","5","2","Italian","L1"
"1402",108,"positivo","7","8","Italian","L1"
"1403",108,"scortese","5","2","Italian","L1"
"1404",108,"paziente","6","7","Italian","L1"
"1405",54,"meschina","5","2","Italian","L1"
"1406",54,"santo","4","7","Italian","L1"
"1407",54,"gentile","2","7","Italian","L1"
"1408",54,"cauta","4","5","Italian","L1"
"1409",54,"cattivo","5","3","Italian","L1"
"1410",54,"leale","5","6","Italian","L1"
"1411",54,"elegante","3","6","Italian","L1"
"1412",54,"scrupolosa","5","5","Italian","L1"
"1413",54,"sleale","5","4","Italian","L1"
"1414",54,"osceno","5","3","Italian","L1"
"1415",54,"bugiarda","5","4","Italian","L1"
"1416",54,"stronzo","5","5","Italian","L1"
"1417",54,"demone","5","4","Italian","L1"
"1418",54,"crudele","5","4","Italian","L1"
"1419",54,"buono","5","6","Italian","L1"
"1420",54,"inaffidabile","4","4","Italian","L1"
"1421",54,"scortese","4","4","Italian","L1"
"1422",54,"affidabile","4","5","Italian","L1"
"1423",54,"tesoro","4","5","Italian","L1"
"1424",54,"paziente","4","5","Italian","L1"
"1425",54,"riservata","4","5","Italian","L1"
"1426",54,"saggia","4","5","Italian","L1"
"1427",54,"negativo","4","4","Italian","L1"
"1428",54,"positivo","4","5","Italian","L1"
"1429",54,"pigra","5","5","Italian","L1"
"1430",54,"indiscreta","4","4","Italian","L1"
"1431",296,"stronzo","7","3","Italian","L1"
"1432",296,"gentile","1","8","Italian","L1"
"1433",296,"negativo","7","4","Italian","L1"
"1434",296,"scortese","6","3","Italian","L1"
"1435",296,"elegante","3","7","Italian","L1"
"1436",296,"positivo","7","8","Italian","L1"
"1437",296,"buono","4","9","Italian","L1"
"1438",296,"tesoro","6","9","Italian","L1"
"1439",296,"inaffidabile","7","1","Italian","L1"
"1440",296,"santo","3","7","Italian","L1"
"1441",296,"cattivo","8","2","Italian","L1"
"1442",296,"riservata","1","6","Italian","L1"
"1443",296,"cauta","5","7","Italian","L1"
"1444",296,"paziente","1","6","Italian","L1"
"1445",296,"meschina","8","1","Italian","L1"
"1446",296,"scrupolosa","4","5","Italian","L1"
"1447",296,"sleale","7","1","Italian","L1"
"1448",296,"indiscreta","6","4","Italian","L1"
"1449",296,"leale","3","9","Italian","L1"
"1450",296,"pigra","5","4","Italian","L1"
"1451",296,"crudele","9","1","Italian","L1"
"1452",296,"bugiarda","9","1","Italian","L1"
"1453",296,"demone","6","4","Italian","L1"
"1454",296,"affidabile","3","9","Italian","L1"
"1455",296,"saggia","1","9","Italian","L1"
"1456",296,"osceno","6","3","Italian","L1"
"1457",217,"osceno","5","2","Italian","L1"
"1458",217,"santo","1","9","Italian","L1"
"1459",217,"stronzo","6","3","Italian","L1"
"1460",217,"riservata","1","4","Italian","L1"
"1461",217,"meschina","7","1","Italian","L1"
"1462",217,"demone","8","1","Italian","L1"
"1463",217,"scortese","6","1","Italian","L1"
"1464",217,"crudele","6","1","Italian","L1"
"1465",217,"scrupolosa","6","9","Italian","L1"
"1466",217,"saggia","2","9","Italian","L1"
"1467",217,"cattivo","6","1","Italian","L1"
"1468",217,"affidabile","3","9","Italian","L1"
"1469",217,"paziente","6","7","Italian","L1"
"1470",217,"negativo","7","3","Italian","L1"
"1471",217,"positivo","4","8","Italian","L1"
"1472",217,"pigra","7","4","Italian","L1"
"1473",217,"buono","4","8","Italian","L1"
"1474",217,"bugiarda","7","3","Italian","L1"
"1475",217,"elegante","9","9","Italian","L1"
"1476",217,"tesoro","6","9","Italian","L1"
"1477",217,"leale","6","7","Italian","L1"
"1478",217,"inaffidabile","5","1","Italian","L1"
"1479",217,"sleale","4","3","Italian","L1"
"1480",217,"cauta","4","7","Italian","L1"
"1481",217,"indiscreta","6","3","Italian","L1"
"1482",217,"gentile","4","7","Italian","L1"
"1483",289,"demone","8","6","Italian","L1"
"1484",289,"leale","3","9","Italian","L1"
"1485",289,"affidabile","1","9","Italian","L1"
"1486",289,"gentile","6","7","Italian","L1"
"1487",289,"riservata","4","5","Italian","L1"
"1488",289,"osceno","5","2","Italian","L1"
"1489",289,"scrupolosa","4","7","Italian","L1"
"1490",289,"buono","5","7","Italian","L1"
"1491",289,"crudele","6","2","Italian","L1"
"1492",289,"cattivo","7","3","Italian","L1"
"1493",289,"meschina","5","1","Italian","L1"
"1494",289,"inaffidabile","6","1","Italian","L1"
"1495",289,"elegante","9","9","Italian","L1"
"1496",289,"pigra","7","2","Italian","L1"
"1497",289,"paziente","1","8","Italian","L1"
"1498",289,"sleale","7","1","Italian","L1"
"1499",289,"tesoro","5","5","Italian","L1"
"1500",289,"negativo","5","3","Italian","L1"
"1501",289,"indiscreta","6","3","Italian","L1"
"1502",289,"positivo","7","7","Italian","L1"
"1503",289,"scortese","5","2","Italian","L1"
"1504",289,"saggia","7","8","Italian","L1"
"1505",289,"bugiarda","8","2","Italian","L1"
"1506",289,"stronzo","8","1","Italian","L1"
"1507",289,"santo","5","4","Italian","L1"
"1508",289,"cauta","4","6","Italian","L1"
"1509",177,"paziente","3","5","Italian","L1"
"1510",177,"scortese","7","3","Italian","L1"
"1511",177,"crudele","7","2","Italian","L1"
"1512",177,"inaffidabile","4","4","Italian","L1"
"1513",177,"osceno","5","3","Italian","L1"
"1514",177,"elegante","2","5","Italian","L1"
"1515",177,"saggia","1","9","Italian","L1"
"1516",177,"positivo","3","9","Italian","L1"
"1517",177,"cauta","1","8","Italian","L1"
"1518",177,"leale","3","8","Italian","L1"
"1519",177,"santo","4","5","Italian","L1"
"1520",177,"bugiarda","6","3","Italian","L1"
"1521",177,"affidabile","1","9","Italian","L1"
"1522",177,"gentile","7","9","Italian","L1"
"1523",177,"stronzo","7","2","Italian","L1"
"1524",177,"riservata","1","7","Italian","L1"
"1525",177,"scrupolosa","4","8","Italian","L1"
"1526",177,"demone","9","1","Italian","L1"
"1527",177,"tesoro","2","9","Italian","L1"
"1528",177,"meschina","6","2","Italian","L1"
"1529",177,"pigra","5","5","Italian","L1"
"1530",177,"negativo","5","2","Italian","L1"
"1531",177,"cattivo","6","1","Italian","L1"
"1532",177,"buono","2","8","Italian","L1"
"1533",177,"sleale","7","3","Italian","L1"
"1534",177,"indiscreta","8","1","Italian","L1"
"1535",52,"saggia","1","7","Italian","L1"
"1536",52,"gentile","1","9","Italian","L1"
"1537",52,"indiscreta","7","2","Italian","L1"
"1538",52,"sleale","7","1","Italian","L1"
"1539",52,"pigra","4","5","Italian","L1"
"1540",52,"demone","9","1","Italian","L1"
"1541",52,"riservata","1","7","Italian","L1"
"1542",52,"scrupolosa","4","7","Italian","L1"
"1543",52,"osceno","5","4","Italian","L1"
"1544",52,"cattivo","8","1","Italian","L1"
"1545",52,"leale","1","9","Italian","L1"
"1546",52,"santo","6","1","Italian","L1"
"1547",52,"inaffidabile","8","1","Italian","L1"
"1548",52,"paziente","3","7","Italian","L1"
"1549",52,"affidabile","1","9","Italian","L1"
"1550",52,"buono","1","9","Italian","L1"
"1551",52,"tesoro","3","9","Italian","L1"
"1552",52,"bugiarda","8","1","Italian","L1"
"1553",52,"stronzo","8","1","Italian","L1"
"1554",52,"elegante","2","8","Italian","L1"
"1555",52,"cauta","1","9","Italian","L1"
"1556",52,"positivo","2","9","Italian","L1"
"1557",52,"scortese","8","1","Italian","L1"
"1558",52,"meschina","8","1","Italian","L1"
"1559",52,"crudele","9","1","Italian","L1"
"1560",52,"negativo","7","2","Italian","L1"
"1561",19,"indiscreta","3","2","Italian","L1"
"1562",19,"tesoro","6","8","Italian","L1"
"1563",19,"pigra","1","2","Italian","L1"
"1564",19,"inaffidabile","3","1","Italian","L1"
"1565",19,"cauta","2","5","Italian","L1"
"1566",19,"crudele","6","1","Italian","L1"
"1567",19,"positivo","7","9","Italian","L1"
"1568",19,"osceno","7","1","Italian","L1"
"1569",19,"cattivo","5","1","Italian","L1"
"1570",19,"demone","8","1","Italian","L1"
"1571",19,"scortese","5","4","Italian","L1"
"1572",19,"buono","5","8","Italian","L1"
"1573",19,"negativo","4","1","Italian","L1"
"1574",19,"elegante","3","7","Italian","L1"
"1575",19,"leale","3","7","Italian","L1"
"1576",19,"affidabile","3","7","Italian","L1"
"1577",19,"meschina","6","3","Italian","L1"
"1578",19,"riservata","2","2","Italian","L1"
"1579",19,"scrupolosa","6","3","Italian","L1"
"1580",19,"stronzo","5","1","Italian","L1"
"1581",19,"bugiarda","5","1","Italian","L1"
"1582",19,"sleale","5","1","Italian","L1"
"1583",19,"gentile","3","6","Italian","L1"
"1584",19,"santo","2","7","Italian","L1"
"1585",19,"paziente","1","7","Italian","L1"
"1586",19,"saggia","2","8","Italian","L1"
"1587",158,"paziente","2","7","Italian","L1"
"1588",158,"stronzo","7","2","Italian","L1"
"1589",158,"indiscreta","7","3","Italian","L1"
"1590",158,"inaffidabile","8","3","Italian","L1"
"1591",158,"leale","7","7","Italian","L1"
"1592",158,"osceno","7","2","Italian","L1"
"1593",158,"scrupolosa","6","4","Italian","L1"
"1594",158,"positivo","8","8","Italian","L1"
"1595",158,"santo","1","9","Italian","L1"
"1596",158,"demone","8","1","Italian","L1"
"1597",158,"meschina","7","3","Italian","L1"
"1598",158,"crudele","8","2","Italian","L1"
"1599",158,"riservata","2","7","Italian","L1"
"1600",158,"pigra","4","5","Italian","L1"
"1601",158,"elegante","2","8","Italian","L1"
"1602",158,"negativo","7","1","Italian","L1"
"1603",158,"cattivo","9","2","Italian","L1"
"1604",158,"cauta","1","6","Italian","L1"
"1605",158,"gentile","2","8","Italian","L1"
"1606",158,"affidabile","2","8","Italian","L1"
"1607",158,"buono","1","9","Italian","L1"
"1608",158,"sleale","9","2","Italian","L1"
"1609",158,"tesoro","8","8","Italian","L1"
"1610",158,"bugiarda","8","2","Italian","L1"
"1611",158,"scortese","8","2","Italian","L1"
"1612",158,"saggia","1","8","Italian","L1"
"1613",251,"riservata","1","5","Italian","L1"
"1614",251,"santo","1","9","Italian","L1"
"1615",251,"tesoro","6","9","Italian","L1"
"1616",251,"cattivo","9","1","Italian","L1"
"1617",251,"affidabile","1","9","Italian","L1"
"1618",251,"buono","4","9","Italian","L1"
"1619",251,"crudele","9","1","Italian","L1"
"1620",251,"sleale","9","1","Italian","L1"
"1621",251,"gentile","1","9","Italian","L1"
"1622",251,"saggia","5","8","Italian","L1"
"1623",251,"paziente","3","9","Italian","L1"
"1624",251,"positivo","9","9","Italian","L1"
"1625",251,"indiscreta","6","2","Italian","L1"
"1626",251,"cauta","4","9","Italian","L1"
"1627",251,"demone","9","1","Italian","L1"
"1628",251,"pigra","4","9","Italian","L1"
"1629",251,"inaffidabile","8","1","Italian","L1"
"1630",251,"scortese","5","1","Italian","L1"
"1631",251,"osceno","9","1","Italian","L1"
"1632",251,"meschina","7","1","Italian","L1"
"1633",251,"elegante","1","9","Italian","L1"
"1634",251,"leale","1","9","Italian","L1"
"1635",251,"stronzo","4","1","Italian","L1"
"1636",251,"scrupolosa","8","9","Italian","L1"
"1637",251,"negativo","6","1","Italian","L1"
"1638",251,"bugiarda","6","2","Italian","L1"
"1639",14,"scrupolosa","4","5","Italian","L1"
"1640",14,"leale","5","9","Italian","L1"
"1641",14,"cattivo","6","1","Italian","L1"
"1642",14,"negativo","5","2","Italian","L1"
"1643",14,"paziente","1","9","Italian","L1"
"1644",14,"gentile","1","9","Italian","L1"
"1645",14,"demone","8","5","Italian","L1"
"1646",14,"santo","3","7","Italian","L1"
"1647",14,"elegante","3","7","Italian","L1"
"1648",14,"meschina","5","1","Italian","L1"
"1649",14,"positivo","2","7","Italian","L1"
"1650",14,"saggia","2","8","Italian","L1"
"1651",14,"pigra","5","5","Italian","L1"
"1652",14,"scortese","5","1","Italian","L1"
"1653",14,"osceno","5","2","Italian","L1"
"1654",14,"buono","1","9","Italian","L1"
"1655",14,"inaffidabile","5","2","Italian","L1"
"1656",14,"tesoro","1","9","Italian","L1"
"1657",14,"riservata","4","6","Italian","L1"
"1658",14,"stronzo","5","1","Italian","L1"
"1659",14,"crudele","5","1","Italian","L1"
"1660",14,"sleale","5","1","Italian","L1"
"1661",14,"bugiarda","5","1","Italian","L1"
"1662",14,"cauta","5","5","Italian","L1"
"1663",14,"affidabile","5","9","Italian","L1"
"1664",14,"indiscreta","5","1","Italian","L1"
"1665",285,"indiscreta","6","4","Italian","L1"
"1666",285,"scrupolosa","6","7","Italian","L1"
"1667",285,"saggia","4","8","Italian","L1"
"1668",285,"paziente","3","7","Italian","L1"
"1669",285,"meschina","6","3","Italian","L1"
"1670",285,"demone","7","4","Italian","L1"
"1671",285,"gentile","4","8","Italian","L1"
"1672",285,"santo","2","8","Italian","L1"
"1673",285,"riservata","4","7","Italian","L1"
"1674",285,"cauta","3","6","Italian","L1"
"1675",285,"stronzo","7","3","Italian","L1"
"1676",285,"negativo","6","2","Italian","L1"
"1677",285,"leale","3","8","Italian","L1"
"1678",285,"inaffidabile","5","3","Italian","L1"
"1679",285,"cattivo","7","3","Italian","L1"
"1680",285,"affidabile","4","7","Italian","L1"
"1681",285,"osceno","8","4","Italian","L1"
"1682",285,"bugiarda","6","2","Italian","L1"
"1683",285,"pigra","3","6","Italian","L1"
"1684",285,"buono","2","8","Italian","L1"
"1685",285,"crudele","7","2","Italian","L1"
"1686",285,"tesoro","3","7","Italian","L1"
"1687",285,"elegante","2","7","Italian","L1"
"1688",285,"scortese","6","2","Italian","L1"
"1689",285,"positivo","3","7","Italian","L1"
"1690",285,"sleale","5","3","Italian","L1"
"1691",67,"scrupolosa","1","5","Italian","L1"
"1692",67,"riservata","1","5","Italian","L1"
"1693",67,"tesoro","7","8","Italian","L1"
"1694",67,"positivo","7","8","Italian","L1"
"1695",67,"elegante","7","8","Italian","L1"
"1696",67,"pigra","7","4","Italian","L1"
"1697",67,"crudele","7","2","Italian","L1"
"1698",67,"bugiarda","7","1","Italian","L1"
"1699",67,"cauta","5","5","Italian","L1"
"1700",67,"buono","7","7","Italian","L1"
"1701",67,"indiscreta","8","1","Italian","L1"
"1702",67,"cattivo","8","1","Italian","L1"
"1703",67,"leale","8","9","Italian","L1"
"1704",67,"sleale","8","1","Italian","L1"
"1705",67,"stronzo","7","3","Italian","L1"
"1706",67,"inaffidabile","7","3","Italian","L1"
"1707",67,"osceno","5","5","Italian","L1"
"1708",67,"saggia","2","7","Italian","L1"
"1709",67,"scortese","7","2","Italian","L1"
"1710",67,"gentile","1","9","Italian","L1"
"1711",67,"negativo","6","1","Italian","L1"
"1712",67,"meschina","8","1","Italian","L1"
"1713",67,"santo","3","5","Italian","L1"
"1714",67,"paziente","3","3","Italian","L1"
"1715",67,"affidabile","2","7","Italian","L1"
"1716",67,"demone","6","5","Italian","L1"
"1717",225,"elegante","5","7","Italian","L1"
"1718",225,"gentile","7","8","Italian","L1"
"1719",225,"positivo","9","9","Italian","L1"
"1720",225,"sleale","3","2","Italian","L1"
"1721",225,"inaffidabile","6","4","Italian","L1"
"1722",225,"crudele","3","2","Italian","L1"
"1723",225,"negativo","4","1","Italian","L1"
"1724",225,"pigra","5","5","Italian","L1"
"1725",225,"cattivo","4","1","Italian","L1"
"1726",225,"santo","7","9","Italian","L1"
"1727",225,"tesoro","9","9","Italian","L1"
"1728",225,"scortese","6","2","Italian","L1"
"1729",225,"indiscreta","6","3","Italian","L1"
"1730",225,"bugiarda","5","3","Italian","L1"
"1731",225,"meschina","7","2","Italian","L1"
"1732",225,"scrupolosa","5","6","Italian","L1"
"1733",225,"buono","2","8","Italian","L1"
"1734",225,"osceno","6","5","Italian","L1"
"1735",225,"demone","8","2","Italian","L1"
"1736",225,"riservata","3","9","Italian","L1"
"1737",225,"saggia","1","9","Italian","L1"
"1738",225,"stronzo","9","1","Italian","L1"
"1739",225,"cauta","1","9","Italian","L1"
"1740",225,"leale","3","8","Italian","L1"
"1741",225,"paziente","7","5","Italian","L1"
"1742",225,"affidabile","5","7","Italian","L1"
"1743",297,"meschina","5","2","Italian","L1"
"1744",297,"sleale","5","1","Italian","L1"
"1745",297,"negativo","4","2","Italian","L1"
"1746",297,"saggia","2","7","Italian","L1"
"1747",297,"leale","8","8","Italian","L1"
"1748",297,"inaffidabile","5","1","Italian","L1"
"1749",297,"cattivo","5","1","Italian","L1"
"1750",297,"gentile","6","8","Italian","L1"
"1751",297,"demone","5","1","Italian","L1"
"1752",297,"pigra","5","5","Italian","L1"
"1753",297,"buono","7","8","Italian","L1"
"1754",297,"paziente","3","6","Italian","L1"
"1755",297,"cauta","5","5","Italian","L1"
"1756",297,"scrupolosa","5","5","Italian","L1"
"1757",297,"riservata","5","5","Italian","L1"
"1758",297,"scortese","5","1","Italian","L1"
"1759",297,"stronzo","5","1","Italian","L1"
"1760",297,"elegante","5","5","Italian","L1"
"1761",297,"tesoro","6","5","Italian","L1"
"1762",297,"positivo","7","8","Italian","L1"
"1763",297,"crudele","5","1","Italian","L1"
"1764",297,"santo","5","5","Italian","L1"
"1765",297,"bugiarda","5","1","Italian","L1"
"1766",297,"affidabile","3","5","Italian","L1"
"1767",297,"indiscreta","5","2","Italian","L1"
"1768",297,"osceno","5","3","Italian","L1"
"1769",46,"inaffidabile","5","2","Italian","L1"
"1770",46,"paziente","1","8","Italian","L1"
"1771",46,"demone","3","2","Italian","L1"
"1772",46,"bugiarda","5","1","Italian","L1"
"1773",46,"buono","7","9","Italian","L1"
"1774",46,"riservata","3","6","Italian","L1"
"1775",46,"elegante","8","7","Italian","L1"
"1776",46,"gentile","3","8","Italian","L1"
"1777",46,"stronzo","8","2","Italian","L1"
"1778",46,"santo","3","5","Italian","L1"
"1779",46,"leale","3","7","Italian","L1"
"1780",46,"sleale","3","2","Italian","L1"
"1781",46,"pigra","2","5","Italian","L1"
"1782",46,"osceno","5","1","Italian","L1"
"1783",46,"indiscreta","5","6","Italian","L1"
"1784",46,"saggia","6","8","Italian","L1"
"1785",46,"scortese","5","2","Italian","L1"
"1786",46,"affidabile","7","8","Italian","L1"
"1787",46,"cauta","1","8","Italian","L1"
"1788",46,"crudele","1","1","Italian","L1"
"1789",46,"scrupolosa","7","6","Italian","L1"
"1790",46,"negativo","5","1","Italian","L1"
"1791",46,"tesoro","9","9","Italian","L1"
"1792",46,"cattivo","3","1","Italian","L1"
"1793",46,"meschina","3","2","Italian","L1"
"1794",46,"positivo","8","9","Italian","L1"
"1795",61,"scortese","5","4","Italian","L1"
"1796",61,"santo","1","6","Italian","L1"
"1797",61,"stronzo","7","3","Italian","L1"
"1798",61,"scrupolosa","6","5","Italian","L1"
"1799",61,"elegante","4","6","Italian","L1"
"1800",61,"indiscreta","4","6","Italian","L1"
"1801",61,"riservata","3","5","Italian","L1"
"1802",61,"sleale","6","4","Italian","L1"
"1803",61,"affidabile","4","6","Italian","L1"
"1804",61,"osceno","8","3","Italian","L1"
"1805",61,"cauta","2","7","Italian","L1"
"1806",61,"inaffidabile","8","4","Italian","L1"
"1807",61,"bugiarda","9","2","Italian","L1"
"1808",61,"tesoro","3","7","Italian","L1"
"1809",61,"cattivo","7","2","Italian","L1"
"1810",61,"positivo","3","9","Italian","L1"
"1811",61,"saggia","1","8","Italian","L1"
"1812",61,"meschina","7","3","Italian","L1"
"1813",61,"leale","3","8","Italian","L1"
"1814",61,"negativo","8","3","Italian","L1"
"1815",61,"pigra","2","3","Italian","L1"
"1816",61,"paziente","1","5","Italian","L1"
"1817",61,"gentile","2","8","Italian","L1"
"1818",61,"demone","9","1","Italian","L1"
"1819",61,"buono","3","9","Italian","L1"
"1820",61,"crudele","7","1","Italian","L1"
"1821",152,"demone","7","3","Italian","L1"
"1822",152,"santo","3","7","Italian","L1"
"1823",152,"positivo","5","7","Italian","L1"
"1824",152,"cattivo","6","4","Italian","L1"
"1825",152,"bugiarda","7","4","Italian","L1"
"1826",152,"scortese","6","4","Italian","L1"
"1827",152,"cauta","2","7","Italian","L1"
"1828",152,"paziente","2","7","Italian","L1"
"1829",152,"tesoro","7","8","Italian","L1"
"1830",152,"riservata","3","5","Italian","L1"
"1831",152,"elegante","5","7","Italian","L1"
"1832",152,"sleale","6","4","Italian","L1"
"1833",152,"meschina","6","3","Italian","L1"
"1834",152,"saggia","3","6","Italian","L1"
"1835",152,"gentile","4","6","Italian","L1"
"1836",152,"crudele","7","3","Italian","L1"
"1837",152,"negativo","5","4","Italian","L1"
"1838",152,"buono","4","6","Italian","L1"
"1839",152,"stronzo","7","3","Italian","L1"
"1840",152,"indiscreta","4","3","Italian","L1"
"1841",152,"leale","6","6","Italian","L1"
"1842",152,"osceno","7","2","Italian","L1"
"1843",152,"scrupolosa","5","6","Italian","L1"
"1844",152,"affidabile","6","7","Italian","L1"
"1845",152,"inaffidabile","7","4","Italian","L1"
"1846",152,"pigra","6","4","Italian","L1"
"1847",292,"paziente","2","8","Italian","L1"
"1848",292,"crudele","7","1","Italian","L1"
"1849",292,"osceno","6","2","Italian","L1"
"1850",292,"tesoro","7","7","Italian","L1"
"1851",292,"cattivo","8","1","Italian","L1"
"1852",292,"leale","1","8","Italian","L1"
"1853",292,"scortese","7","2","Italian","L1"
"1854",292,"cauta","1","7","Italian","L1"
"1855",292,"sleale","7","3","Italian","L1"
"1856",292,"meschina","9","1","Italian","L1"
"1857",292,"elegante","5","7","Italian","L1"
"1858",292,"positivo","1","9","Italian","L1"
"1859",292,"inaffidabile","7","2","Italian","L1"
"1860",292,"stronzo","8","1","Italian","L1"
"1861",292,"indiscreta","6","3","Italian","L1"
"1862",292,"buono","1","8","Italian","L1"
"1863",292,"santo","5","5","Italian","L1"
"1864",292,"negativo","7","1","Italian","L1"
"1865",292,"scrupolosa","2","7","Italian","L1"
"1866",292,"affidabile","1","8","Italian","L1"
"1867",292,"saggia","3","7","Italian","L1"
"1868",292,"demone","9","1","Italian","L1"
"1869",292,"bugiarda","9","1","Italian","L1"
"1870",292,"pigra","5","3","Italian","L1"
"1871",292,"gentile","1","9","Italian","L1"
"1872",292,"riservata","2","7","Italian","L1"
"1873",165,"affidabile","2","7","Italian","L1"
"1874",165,"bugiarda","6","3","Italian","L1"
"1875",165,"paziente","1","6","Italian","L1"
"1876",165,"demone","7","4","Italian","L1"
"1877",165,"tesoro","7","8","Italian","L1"
"1878",165,"stronzo","7","2","Italian","L1"
"1879",165,"scrupolosa","4","7","Italian","L1"
"1880",165,"gentile","1","9","Italian","L1"
"1881",165,"meschina","6","3","Italian","L1"
"1882",165,"elegante","2","6","Italian","L1"
"1883",165,"leale","1","7","Italian","L1"
"1884",165,"crudele","7","1","Italian","L1"
"1885",165,"scortese","5","3","Italian","L1"
"1886",165,"cauta","1","6","Italian","L1"
"1887",165,"inaffidabile","4","2","Italian","L1"
"1888",165,"riservata","2","5","Italian","L1"
"1889",165,"negativo","4","2","Italian","L1"
"1890",165,"indiscreta","6","3","Italian","L1"
"1891",165,"santo","6","6","Italian","L1"
"1892",165,"positivo","6","9","Italian","L1"
"1893",165,"pigra","2","6","Italian","L1"
"1894",165,"buono","2","9","Italian","L1"
"1895",165,"sleale","6","1","Italian","L1"
"1896",165,"osceno","8","2","Italian","L1"
"1897",165,"saggia","2","7","Italian","L1"
"1898",165,"cattivo","6","2","Italian","L1"
"1899",149,"indiscreta","6","3","Italian","L1"
"1900",149,"paziente","2","7","Italian","L1"
"1901",149,"riservata","2","7","Italian","L1"
"1902",149,"stronzo","6","2","Italian","L1"
"1903",149,"sleale","5","2","Italian","L1"
"1904",149,"elegante","4","6","Italian","L1"
"1905",149,"negativo","5","2","Italian","L1"
"1906",149,"crudele","6","1","Italian","L1"
"1907",149,"scrupolosa","7","6","Italian","L1"
"1908",149,"buono","3","8","Italian","L1"
"1909",149,"demone","8","1","Italian","L1"
"1910",149,"positivo","5","9","Italian","L1"
"1911",149,"saggia","1","8","Italian","L1"
"1912",149,"inaffidabile","6","3","Italian","L1"
"1913",149,"gentile","2","8","Italian","L1"
"1914",149,"meschina","7","1","Italian","L1"
"1915",149,"tesoro","4","8","Italian","L1"
"1916",149,"pigra","5","3","Italian","L1"
"1917",149,"affidabile","2","8","Italian","L1"
"1918",149,"cattivo","5","2","Italian","L1"
"1919",149,"scortese","5","3","Italian","L1"
"1920",149,"bugiarda","5","2","Italian","L1"
"1921",149,"cauta","2","6","Italian","L1"
"1922",149,"osceno","7","4","Italian","L1"
"1923",149,"leale","2","8","Italian","L1"
"1924",149,"santo","5","7","Italian","L1"
"1925",82,"buono","2","8","Italian","L1"
"1926",82,"stronzo","6","2","Italian","L1"
"1927",82,"cattivo","6","1","Italian","L1"
"1928",82,"elegante","2","8","Italian","L1"
"1929",82,"cauta","1","5","Italian","L1"
"1930",82,"scrupolosa","1","6","Italian","L1"
"1931",82,"pigra","2","2","Italian","L1"
"1932",82,"demone","8","1","Italian","L1"
"1933",82,"riservata","4","6","Italian","L1"
"1934",82,"scortese","2","2","Italian","L1"
"1935",82,"indiscreta","8","5","Italian","L1"
"1936",82,"gentile","3","8","Italian","L1"
"1937",82,"leale","4","9","Italian","L1"
"1938",82,"positivo","5","9","Italian","L1"
"1939",82,"saggia","1","7","Italian","L1"
"1940",82,"paziente","1","6","Italian","L1"
"1941",82,"santo","1","8","Italian","L1"
"1942",82,"meschina","5","3","Italian","L1"
"1943",82,"osceno","8","2","Italian","L1"
"1944",82,"negativo","6","1","Italian","L1"
"1945",82,"affidabile","4","7","Italian","L1"
"1946",82,"sleale","5","3","Italian","L1"
"1947",82,"inaffidabile","6","3","Italian","L1"
"1948",82,"bugiarda","4","3","Italian","L1"
"1949",82,"tesoro","7","7","Italian","L1"
"1950",82,"crudele","7","1","Italian","L1"
"1951",148,"scortese","7","2","Italian","L1"
"1952",148,"elegante","7","9","Italian","L1"
"1953",148,"pigra","4","2","Italian","L1"
"1954",148,"santo","5","4","Italian","L1"
"1955",148,"riservata","5","8","Italian","L1"
"1956",148,"paziente","6","8","Italian","L1"
"1957",148,"cauta","5","8","Italian","L1"
"1958",148,"osceno","3","1","Italian","L1"
"1959",148,"indiscreta","6","1","Italian","L1"
"1960",148,"cattivo","6","1","Italian","L1"
"1961",148,"meschina","6","1","Italian","L1"
"1962",148,"scrupolosa","3","8","Italian","L1"
"1963",148,"crudele","4","1","Italian","L1"
"1964",148,"positivo","5","7","Italian","L1"
"1965",148,"stronzo","5","2","Italian","L1"
"1966",148,"bugiarda","4","1","Italian","L1"
"1967",148,"gentile","6","8","Italian","L1"
"1968",148,"demone","6","1","Italian","L1"
"1969",148,"saggia","5","9","Italian","L1"
"1970",148,"buono","5","9","Italian","L1"
"1971",148,"inaffidabile","7","1","Italian","L1"
"1972",148,"negativo","7","4","Italian","L1"
"1973",148,"leale","5","7","Italian","L1"
"1974",148,"affidabile","5","8","Italian","L1"
"1975",148,"sleale","6","2","Italian","L1"
"1976",148,"tesoro","5","8","Italian","L1"
"1977",197,"paziente","1","7","Italian","L1"
"1978",197,"positivo","4","8","Italian","L1"
"1979",197,"inaffidabile","6","2","Italian","L1"
"1980",197,"stronzo","6","1","Italian","L1"
"1981",197,"scortese","6","2","Italian","L1"
"1982",197,"tesoro","4","9","Italian","L1"
"1983",197,"crudele","6","1","Italian","L1"
"1984",197,"saggia","6","9","Italian","L1"
"1985",197,"bugiarda","6","1","Italian","L1"
"1986",197,"demone","5","2","Italian","L1"
"1987",197,"sleale","6","1","Italian","L1"
"1988",197,"meschina","6","1","Italian","L1"
"1989",197,"santo","1","7","Italian","L1"
"1990",197,"gentile","1","8","Italian","L1"
"1991",197,"cauta","1","8","Italian","L1"
"1992",197,"negativo","1","3","Italian","L1"
"1993",197,"pigra","1","3","Italian","L1"
"1994",197,"affidabile","6","9","Italian","L1"
"1995",197,"leale","3","8","Italian","L1"
"1996",197,"scrupolosa","4","6","Italian","L1"
"1997",197,"riservata","1","6","Italian","L1"
"1998",197,"indiscreta","1","2","Italian","L1"
"1999",197,"cattivo","2","1","Italian","L1"
"2000",197,"osceno","2","3","Italian","L1"
"2001",197,"buono","1","7","Italian","L1"
"2002",197,"elegante","1","7","Italian","L1"
"2003",237,"inaffidabile","5","2","Italian","L1"
"2004",237,"paziente","1","8","Italian","L1"
"2005",237,"scrupolosa","5","7","Italian","L1"
"2006",237,"affidabile","1","8","Italian","L1"
"2007",237,"meschina","5","1","Italian","L1"
"2008",237,"leale","7","9","Italian","L1"
"2009",237,"buono","8","9","Italian","L1"
"2010",237,"elegante","6","9","Italian","L1"
"2011",237,"tesoro","5","8","Italian","L1"
"2012",237,"gentile","1","9","Italian","L1"
"2013",237,"pigra","3","3","Italian","L1"
"2014",237,"demone","5","2","Italian","L1"
"2015",237,"scortese","5","1","Italian","L1"
"2016",237,"indiscreta","4","3","Italian","L1"
"2017",237,"negativo","5","1","Italian","L1"
"2018",237,"crudele","5","1","Italian","L1"
"2019",237,"sleale","5","1","Italian","L1"
"2020",237,"riservata","2","6","Italian","L1"
"2021",237,"santo","1","9","Italian","L1"
"2022",237,"cauta","1","8","Italian","L1"
"2023",237,"stronzo","5","1","Italian","L1"
"2024",237,"positivo","8","9","Italian","L1"
"2025",237,"cattivo","4","1","Italian","L1"
"2026",237,"bugiarda","5","1","Italian","L1"
"2027",237,"saggia","2","8","Italian","L1"
"2028",237,"osceno","5","2","Italian","L1"
"2029",73,"positivo","5","9","Italian","L1"
"2030",73,"cattivo","5","1","Italian","L1"
"2031",73,"paziente","1","7","Italian","L1"
"2032",73,"cauta","1","6","Italian","L1"
"2033",73,"bugiarda","5","1","Italian","L1"
"2034",73,"saggia","1","9","Italian","L1"
"2035",73,"tesoro","9","9","Italian","L1"
"2036",73,"affidabile","6","9","Italian","L1"
"2037",73,"indiscreta","9","1","Italian","L1"
"2038",73,"leale","1","9","Italian","L1"
"2039",73,"osceno","5","1","Italian","L1"
"2040",73,"scrupolosa","1","9","Italian","L1"
"2041",73,"scortese","5","1","Italian","L1"
"2042",73,"pigra","5","1","Italian","L1"
"2043",73,"buono","4","9","Italian","L1"
"2044",73,"inaffidabile","9","1","Italian","L1"
"2045",73,"meschina","5","1","Italian","L1"
"2046",73,"elegante","1","9","Italian","L1"
"2047",73,"stronzo","9","1","Italian","L1"
"2048",73,"riservata","4","9","Italian","L1"
"2049",73,"demone","5","1","Italian","L1"
"2050",73,"crudele","6","1","Italian","L1"
"2051",73,"sleale","6","1","Italian","L1"
"2052",73,"gentile","1","9","Italian","L1"
"2053",73,"negativo","6","1","Italian","L1"
"2054",73,"santo","1","9","Italian","L1"
"2055",51,"riservata","2","5","Italian","L1"
"2056",51,"tesoro","4","8","Italian","L1"
"2057",51,"affidabile","2","8","Italian","L1"
"2058",51,"pigra","2","6","Italian","L1"
"2059",51,"stronzo","6","5","Italian","L1"
"2060",51,"cattivo","5","3","Italian","L1"
"2061",51,"saggia","2","7","Italian","L1"
"2062",51,"scortese","5","1","Italian","L1"
"2063",51,"elegante","6","8","Italian","L1"
"2064",51,"indiscreta","4","2","Italian","L1"
"2065",51,"osceno","4","1","Italian","L1"
"2066",51,"demone","5","1","Italian","L1"
"2067",51,"meschina","4","1","Italian","L1"
"2068",51,"scrupolosa","5","6","Italian","L1"
"2069",51,"inaffidabile","4","2","Italian","L1"
"2070",51,"bugiarda","3","2","Italian","L1"
"2071",51,"crudele","3","1","Italian","L1"
"2072",51,"leale","5","8","Italian","L1"
"2073",51,"santo","3","8","Italian","L1"
"2074",51,"buono","2","8","Italian","L1"
"2075",51,"positivo","8","9","Italian","L1"
"2076",51,"cauta","3","5","Italian","L1"
"2077",51,"paziente","2","6","Italian","L1"
"2078",51,"negativo","5","2","Italian","L1"
"2079",51,"sleale","5","2","Italian","L1"
"2080",51,"gentile","8","9","Italian","L1"
"2081",130,"inaffidabile","5","2","Italian","L1"
"2082",130,"cauta","5","6","Italian","L1"
"2083",130,"negativo","6","1","Italian","L1"
"2084",130,"riservata","3","5","Italian","L1"
"2085",130,"meschina","6","1","Italian","L1"
"2086",130,"pigra","5","5","Italian","L1"
"2087",130,"cattivo","7","1","Italian","L1"
"2088",130,"leale","7","9","Italian","L1"
"2089",130,"saggia","1","9","Italian","L1"
"2090",130,"scortese","8","3","Italian","L1"
"2091",130,"positivo","6","7","Italian","L1"
"2092",130,"tesoro","7","9","Italian","L1"
"2093",130,"indiscreta","6","3","Italian","L1"
"2094",130,"demone","8","1","Italian","L1"
"2095",130,"buono","6","9","Italian","L1"
"2096",130,"santo","5","5","Italian","L1"
"2097",130,"affidabile","3","8","Italian","L1"
"2098",130,"paziente","4","7","Italian","L1"
"2099",130,"gentile","2","9","Italian","L1"
"2100",130,"osceno","8","1","Italian","L1"
"2101",130,"crudele","7","2","Italian","L1"
"2102",130,"stronzo","7","1","Italian","L1"
"2103",130,"bugiarda","7","3","Italian","L1"
"2104",130,"sleale","9","1","Italian","L1"
"2105",130,"elegante","5","5","Italian","L1"
"2106",130,"scrupolosa","5","4","Italian","L1"
"2107",56,"tesoro","7","8","Italian","L1"
"2108",56,"scrupolosa","3","5","Italian","L1"
"2109",56,"affidabile","5","6","Italian","L1"
"2110",56,"scortese","8","2","Italian","L1"
"2111",56,"sleale","8","3","Italian","L1"
"2112",56,"stronzo","8","1","Italian","L1"
"2113",56,"demone","6","3","Italian","L1"
"2114",56,"santo","2","6","Italian","L1"
"2115",56,"cattivo","8","1","Italian","L1"
"2116",56,"crudele","7","1","Italian","L1"
"2117",56,"elegante","4","8","Italian","L1"
"2118",56,"osceno","7","2","Italian","L1"
"2119",56,"pigra","3","1","Italian","L1"
"2120",56,"leale","1","9","Italian","L1"
"2121",56,"meschina","7","1","Italian","L1"
"2122",56,"gentile","2","9","Italian","L1"
"2123",56,"riservata","1","6","Italian","L1"
"2124",56,"saggia","1","8","Italian","L1"
"2125",56,"inaffidabile","6","1","Italian","L1"
"2126",56,"positivo","1","9","Italian","L1"
"2127",56,"indiscreta","6","3","Italian","L1"
"2128",56,"bugiarda","6","2","Italian","L1"
"2129",56,"negativo","7","1","Italian","L1"
"2130",56,"buono","1","9","Italian","L1"
"2131",56,"paziente","1","8","Italian","L1"
"2132",56,"cauta","5","5","Italian","L1"
"2133",127,"stronzo","7","1","Italian","L1"
"2134",127,"paziente","1","8","Italian","L1"
"2135",127,"osceno","8","1","Italian","L1"
"2136",127,"negativo","9","1","Italian","L1"
"2137",127,"sleale","8","2","Italian","L1"
"2138",127,"riservata","1","7","Italian","L1"
"2139",127,"saggia","2","8","Italian","L1"
"2140",127,"leale","1","9","Italian","L1"
"2141",127,"gentile","1","9","Italian","L1"
"2142",127,"demone","9","1","Italian","L1"
"2143",127,"elegante","2","7","Italian","L1"
"2144",127,"cattivo","7","1","Italian","L1"
"2145",127,"positivo","1","9","Italian","L1"
"2146",127,"pigra","6","3","Italian","L1"
"2147",127,"scrupolosa","3","7","Italian","L1"
"2148",127,"cauta","3","8","Italian","L1"
"2149",127,"buono","2","7","Italian","L1"
"2150",127,"scortese","8","1","Italian","L1"
"2151",127,"meschina","9","1","Italian","L1"
"2152",127,"tesoro","3","8","Italian","L1"
"2153",127,"inaffidabile","7","2","Italian","L1"
"2154",127,"santo","1","6","Italian","L1"
"2155",127,"affidabile","1","7","Italian","L1"
"2156",127,"indiscreta","6","1","Italian","L1"
"2157",127,"crudele","9","1","Italian","L1"
"2158",127,"bugiarda","9","1","Italian","L1"
"2159",4,"gentile","6","6","Italian","L1"
"2160",4,"meschina","8","3","Italian","L1"
"2161",4,"scrupolosa","6","9","Italian","L1"
"2162",4,"negativo","7","3","Italian","L1"
"2163",4,"stronzo","9","1","Italian","L1"
"2164",4,"cauta","3","9","Italian","L1"
"2165",4,"crudele","9","1","Italian","L1"
"2166",4,"pigra","9","1","Italian","L1"
"2167",4,"demone","9","1","Italian","L1"
"2168",4,"indiscreta","9","1","Italian","L1"
"2169",4,"leale","1","9","Italian","L1"
"2170",4,"scortese","9","2","Italian","L1"
"2171",4,"tesoro","1","9","Italian","L1"
"2172",4,"inaffidabile","2","1","Italian","L1"
"2173",4,"buono","4","9","Italian","L1"
"2174",4,"osceno","9","1","Italian","L1"
"2175",4,"paziente","1","8","Italian","L1"
"2176",4,"sleale","7","1","Italian","L1"
"2177",4,"cattivo","4","1","Italian","L1"
"2178",4,"riservata","3","8","Italian","L1"
"2179",4,"santo","1","9","Italian","L1"
"2180",4,"elegante","3","9","Italian","L1"
"2181",4,"affidabile","3","9","Italian","L1"
"2182",4,"positivo","3","9","Italian","L1"
"2183",4,"saggia","3","9","Italian","L1"
"2184",4,"bugiarda","9","1","Italian","L1"
"2185",160,"riservata","8","7","Italian","L1"
"2186",160,"osceno","5","4","Italian","L1"
"2187",160,"cattivo","6","2","Italian","L1"
"2188",160,"paziente","8","7","Italian","L1"
"2189",160,"leale","8","9","Italian","L1"
"2190",160,"saggia","8","9","Italian","L1"
"2191",160,"pigra","3","2","Italian","L1"
"2192",160,"gentile","6","8","Italian","L1"
"2193",160,"tesoro","9","9","Italian","L1"
"2194",160,"demone","7","1","Italian","L1"
"2195",160,"scrupolosa","7","8","Italian","L1"
"2196",160,"indiscreta","5","7","Italian","L1"
"2197",160,"santo","2","5","Italian","L1"
"2198",160,"scortese","6","2","Italian","L1"
"2199",160,"bugiarda","4","2","Italian","L1"
"2200",160,"cauta","6","3","Italian","L1"
"2201",160,"crudele","7","1","Italian","L1"
"2202",160,"buono","2","9","Italian","L1"
"2203",160,"sleale","2","1","Italian","L1"
"2204",160,"stronzo","5","1","Italian","L1"
"2205",160,"affidabile","1","8","Italian","L1"
"2206",160,"elegante","2","8","Italian","L1"
"2207",160,"inaffidabile","8","2","Italian","L1"
"2208",160,"meschina","9","1","Italian","L1"
"2209",160,"negativo","8","1","Italian","L1"
"2210",160,"positivo","1","8","Italian","L1"
"2211",90,"tesoro","6","7","Italian","L1"
"2212",90,"inaffidabile","5","2","Italian","L1"
"2213",90,"pigra","3","5","Italian","L1"
"2214",90,"osceno","7","3","Italian","L1"
"2215",90,"affidabile","2","8","Italian","L1"
"2216",90,"cattivo","9","2","Italian","L1"
"2217",90,"stronzo","7","2","Italian","L1"
"2218",90,"sleale","8","2","Italian","L1"
"2219",90,"crudele","7","3","Italian","L1"
"2220",90,"scortese","3","4","Italian","L1"
"2221",90,"paziente","2","6","Italian","L1"
"2222",90,"santo","1","8","Italian","L1"
"2223",90,"saggia","1","9","Italian","L1"
"2224",90,"scrupolosa","5","7","Italian","L1"
"2225",90,"meschina","7","3","Italian","L1"
"2226",90,"gentile","3","7","Italian","L1"
"2227",90,"cauta","3","6","Italian","L1"
"2228",90,"riservata","2","6","Italian","L1"
"2229",90,"bugiarda","8","3","Italian","L1"
"2230",90,"buono","2","7","Italian","L1"
"2231",90,"negativo","8","2","Italian","L1"
"2232",90,"indiscreta","7","4","Italian","L1"
"2233",90,"positivo","2","9","Italian","L1"
"2234",90,"leale","2","7","Italian","L1"
"2235",90,"elegante","1","8","Italian","L1"
"2236",90,"demone","8","1","Italian","L1"
"2237",134,"affidabile","1","7","Italian","L1"
"2238",134,"indiscreta","7","4","Italian","L1"
"2239",134,"crudele","6","2","Italian","L1"
"2240",134,"cattivo","5","4","Italian","L1"
"2241",134,"negativo","3","3","Italian","L1"
"2242",134,"positivo","2","6","Italian","L1"
"2243",134,"buono","2","7","Italian","L1"
"2244",134,"sleale","8","2","Italian","L1"
"2245",134,"osceno","9","1","Italian","L1"
"2246",134,"gentile","2","8","Italian","L1"
"2247",134,"pigra","6","2","Italian","L1"
"2248",134,"elegante","1","7","Italian","L1"
"2249",134,"tesoro","2","5","Italian","L1"
"2250",134,"scrupolosa","4","8","Italian","L1"
"2251",134,"cauta","2","4","Italian","L1"
"2252",134,"inaffidabile","6","1","Italian","L1"
"2253",134,"meschina","4","2","Italian","L1"
"2254",134,"saggia","2","8","Italian","L1"
"2255",134,"paziente","1","7","Italian","L1"
"2256",134,"santo","5","5","Italian","L1"
"2257",134,"riservata","1","5","Italian","L1"
"2258",134,"demone","1","5","Italian","L1"
"2259",134,"scortese","1","3","Italian","L1"
"2260",134,"stronzo","6","3","Italian","L1"
"2261",134,"leale","6","7","Italian","L1"
"2262",134,"bugiarda","7","2","Italian","L1"
"2263",95,"meschina","7","4","Italian","L1"
"2264",95,"leale","5","6","Italian","L1"
"2265",95,"saggia","5","7","Italian","L1"
"2266",95,"sleale","5","4","Italian","L1"
"2267",95,"gentile","7","7","Italian","L1"
"2268",95,"scrupolosa","7","8","Italian","L1"
"2269",95,"riservata","7","7","Italian","L1"
"2270",95,"affidabile","7","7","Italian","L1"
"2271",95,"elegante","5","8","Italian","L1"
"2272",95,"stronzo","5","4","Italian","L1"
"2273",95,"osceno","5","3","Italian","L1"
"2274",95,"demone","6","7","Italian","L1"
"2275",95,"buono","8","7","Italian","L1"
"2276",95,"indiscreta","5","4","Italian","L1"
"2277",95,"crudele","5","3","Italian","L1"
"2278",95,"paziente","9","7","Italian","L1"
"2279",95,"inaffidabile","5","4","Italian","L1"
"2280",95,"tesoro","8","7","Italian","L1"
"2281",95,"pigra","5","9","Italian","L1"
"2282",95,"santo","5","7","Italian","L1"
"2283",95,"cauta","5","7","Italian","L1"
"2284",95,"cattivo","4","4","Italian","L1"
"2285",95,"scortese","3","3","Italian","L1"
"2286",95,"positivo","6","8","Italian","L1"
"2287",95,"bugiarda","5","3","Italian","L1"
"2288",95,"negativo","3","3","Italian","L1"
"2289",288,"scortese","4","2","Italian","L1"
"2290",288,"negativo","5","1","Italian","L1"
"2291",288,"sleale","3","1","Italian","L1"
"2292",288,"positivo","7","9","Italian","L1"
"2293",288,"inaffidabile","4","2","Italian","L1"
"2294",288,"stronzo","4","1","Italian","L1"
"2295",288,"cauta","1","6","Italian","L1"
"2296",288,"riservata","2","6","Italian","L1"
"2297",288,"leale","5","9","Italian","L1"
"2298",288,"demone","7","3","Italian","L1"
"2299",288,"paziente","1","7","Italian","L1"
"2300",288,"affidabile","2","9","Italian","L1"
"2301",288,"saggia","2","9","Italian","L1"
"2302",288,"elegante","6","8","Italian","L1"
"2303",288,"gentile","3","9","Italian","L1"
"2304",288,"meschina","4","2","Italian","L1"
"2305",288,"scrupolosa","6","8","Italian","L1"
"2306",288,"indiscreta","6","2","Italian","L1"
"2307",288,"tesoro","7","9","Italian","L1"
"2308",288,"bugiarda","3","1","Italian","L1"
"2309",288,"santo","3","7","Italian","L1"
"2310",288,"pigra","2","5","Italian","L1"
"2311",288,"buono","6","9","Italian","L1"
"2312",288,"osceno","5","1","Italian","L1"
"2313",288,"cattivo","5","1","Italian","L1"
"2314",288,"crudele","6","1","Italian","L1"
"2315",139,"cattivo","6","3","Italian","L1"
"2316",139,"meschina","6","3","Italian","L1"
"2317",139,"santo","8","7","Italian","L1"
"2318",139,"gentile","2","8","Italian","L1"
"2319",139,"elegante","3","7","Italian","L1"
"2320",139,"tesoro","1","9","Italian","L1"
"2321",139,"cauta","2","6","Italian","L1"
"2322",139,"indiscreta","3","7","Italian","L1"
"2323",139,"affidabile","2","8","Italian","L1"
"2324",139,"osceno","7","3","Italian","L1"
"2325",139,"leale","2","9","Italian","L1"
"2326",139,"buono","3","9","Italian","L1"
"2327",139,"bugiarda","6","3","Italian","L1"
"2328",139,"negativo","6","2","Italian","L1"
"2329",139,"scrupolosa","3","7","Italian","L1"
"2330",139,"saggia","2","8","Italian","L1"
"2331",139,"sleale","6","3","Italian","L1"
"2332",139,"scortese","8","3","Italian","L1"
"2333",139,"pigra","4","4","Italian","L1"
"2334",139,"crudele","7","3","Italian","L1"
"2335",139,"paziente","1","8","Italian","L1"
"2336",139,"positivo","2","8","Italian","L1"
"2337",139,"demone","8","3","Italian","L1"
"2338",139,"stronzo","7","2","Italian","L1"
"2339",139,"inaffidabile","6","3","Italian","L1"
"2340",139,"riservata","2","7","Italian","L1"
"2341",280,"meschina","6","3","Italian","L1"
"2342",280,"sleale","5","3","Italian","L1"
"2343",280,"negativo","6","2","Italian","L1"
"2344",280,"cauta","2","6","Italian","L1"
"2345",280,"gentile","1","8","Italian","L1"
"2346",280,"santo","1","7","Italian","L1"
"2347",280,"demone","6","1","Italian","L1"
"2348",280,"saggia","1","8","Italian","L1"
"2349",280,"inaffidabile","4","1","Italian","L1"
"2350",280,"crudele","9","1","Italian","L1"
"2351",280,"scortese","6","1","Italian","L1"
"2352",280,"leale","2","8","Italian","L1"
"2353",280,"elegante","1","9","Italian","L1"
"2354",280,"tesoro","2","9","Italian","L1"
"2355",280,"buono","2","9","Italian","L1"
"2356",280,"bugiarda","8","1","Italian","L1"
"2357",280,"affidabile","2","9","Italian","L1"
"2358",280,"cattivo","8","1","Italian","L1"
"2359",280,"indiscreta","5","3","Italian","L1"
"2360",280,"paziente","1","6","Italian","L1"
"2361",280,"pigra","1","7","Italian","L1"
"2362",280,"scrupolosa","2","7","Italian","L1"
"2363",280,"riservata","1","7","Italian","L1"
"2364",280,"positivo","1","9","Italian","L1"
"2365",280,"stronzo","9","3","Italian","L1"
"2366",280,"osceno","9","1","Italian","L1"
"2367",274,"sleale","1","1","Italian","L1"
"2368",274,"negativo","3","1","Italian","L1"
"2369",274,"santo","7","7","Italian","L1"
"2370",274,"riservata","7","6","Italian","L1"
"2371",274,"pigra","3","3","Italian","L1"
"2372",274,"leale","9","9","Italian","L1"
"2373",274,"bugiarda","2","1","Italian","L1"
"2374",274,"cauta","4","7","Italian","L1"
"2375",274,"osceno","1","1","Italian","L1"
"2376",274,"indiscreta","3","3","Italian","L1"
"2377",274,"cattivo","2","1","Italian","L1"
"2378",274,"affidabile","9","9","Italian","L1"
"2379",274,"scrupolosa","9","9","Italian","L1"
"2380",274,"buono","9","9","Italian","L1"
"2381",274,"elegante","9","9","Italian","L1"
"2382",274,"gentile","8","9","Italian","L1"
"2383",274,"paziente","8","8","Italian","L1"
"2384",274,"scortese","1","1","Italian","L1"
"2385",274,"crudele","1","1","Italian","L1"
"2386",274,"meschina","1","1","Italian","L1"
"2387",274,"inaffidabile","1","1","Italian","L1"
"2388",274,"positivo","9","9","Italian","L1"
"2389",274,"stronzo","1","1","Italian","L1"
"2390",274,"tesoro","9","9","Italian","L1"
"2391",274,"saggia","9","9","Italian","L1"
"2392",274,"demone","1","1","Italian","L1"
"2393",59,"indiscreta","3","5","Italian","L1"
"2394",59,"cauta","7","4","Italian","L1"
"2395",59,"stronzo","8","2","Italian","L1"
"2396",59,"scrupolosa","7","5","Italian","L1"
"2397",59,"santo","3","9","Italian","L1"
"2398",59,"buono","3","8","Italian","L1"
"2399",59,"paziente","1","7","Italian","L1"
"2400",59,"scortese","8","2","Italian","L1"
"2401",59,"negativo","8","1","Italian","L1"
"2402",59,"bugiarda","7","2","Italian","L1"
"2403",59,"tesoro","8","9","Italian","L1"
"2404",59,"cattivo","8","3","Italian","L1"
"2405",59,"demone","7","1","Italian","L1"
"2406",59,"sleale","6","3","Italian","L1"
"2407",59,"positivo","7","8","Italian","L1"
"2408",59,"osceno","6","4","Italian","L1"
"2409",59,"pigra","2","6","Italian","L1"
"2410",59,"inaffidabile","5","4","Italian","L1"
"2411",59,"crudele","8","4","Italian","L1"
"2412",59,"saggia","4","7","Italian","L1"
"2413",59,"gentile","3","8","Italian","L1"
"2414",59,"leale","4","7","Italian","L1"
"2415",59,"meschina","7","3","Italian","L1"
"2416",59,"elegante","7","7","Italian","L1"
"2417",59,"affidabile","7","8","Italian","L1"
"2418",59,"riservata","4","6","Italian","L1"
"2419",27,"paziente","1","5","Italian","L1"
"2420",27,"saggia","2","7","Italian","L1"
"2421",27,"positivo","7","9","Italian","L1"
"2422",27,"bugiarda","6","1","Italian","L1"
"2423",27,"leale","2","8","Italian","L1"
"2424",27,"elegante","1","8","Italian","L1"
"2425",27,"scrupolosa","1","6","Italian","L1"
"2426",27,"tesoro","7","7","Italian","L1"
"2427",27,"osceno","7","1","Italian","L1"
"2428",27,"inaffidabile","7","1","Italian","L1"
"2429",27,"meschina","8","1","Italian","L1"
"2430",27,"crudele","6","3","Italian","L1"
"2431",27,"sleale","5","2","Italian","L1"
"2432",27,"scortese","5","4","Italian","L1"
"2433",27,"negativo","2","3","Italian","L1"
"2434",27,"santo","1","7","Italian","L1"
"2435",27,"cauta","1","7","Italian","L1"
"2436",27,"pigra","1","3","Italian","L1"
"2437",27,"cattivo","4","1","Italian","L1"
"2438",27,"riservata","1","7","Italian","L1"
"2439",27,"indiscreta","2","2","Italian","L1"
"2440",27,"affidabile","8","8","Italian","L1"
"2441",27,"stronzo","6","1","Italian","L1"
"2442",27,"gentile","1","8","Italian","L1"
"2443",27,"demone","5","1","Italian","L1"
"2444",27,"buono","3","7","Italian","L1"
"2445",230,"cauta","6","4","Italian","L1"
"2446",230,"inaffidabile","8","1","Italian","L1"
"2447",230,"santo","1","9","Italian","L1"
"2448",230,"tesoro","3","9","Italian","L1"
"2449",230,"osceno","9","1","Italian","L1"
"2450",230,"riservata","4","5","Italian","L1"
"2451",230,"meschina","9","1","Italian","L1"
"2452",230,"scrupolosa","7","5","Italian","L1"
"2453",230,"buono","8","9","Italian","L1"
"2454",230,"stronzo","9","1","Italian","L1"
"2455",230,"sleale","9","1","Italian","L1"
"2456",230,"cattivo","9","1","Italian","L1"
"2457",230,"indiscreta","6","3","Italian","L1"
"2458",230,"bugiarda","9","1","Italian","L1"
"2459",230,"leale","1","9","Italian","L1"
"2460",230,"paziente","1","9","Italian","L1"
"2461",230,"gentile","1","9","Italian","L1"
"2462",230,"pigra","3","3","Italian","L1"
"2463",230,"positivo","1","9","Italian","L1"
"2464",230,"affidabile","7","9","Italian","L1"
"2465",230,"negativo","8","1","Italian","L1"
"2466",230,"demone","5","1","Italian","L1"
"2467",230,"scortese","6","1","Italian","L1"
"2468",230,"crudele","7","1","Italian","L1"
"2469",230,"saggia","2","9","Italian","L1"
"2470",230,"elegante","1","7","Italian","L1"
"2471",141,"stronzo","6","3","Italian","L1"
"2472",141,"cauta","6","5","Italian","L1"
"2473",141,"gentile","6","7","Italian","L1"
"2474",141,"santo","3","6","Italian","L1"
"2475",141,"affidabile","7","6","Italian","L1"
"2476",141,"inaffidabile","5","2","Italian","L1"
"2477",141,"bugiarda","6","2","Italian","L1"
"2478",141,"negativo","6","2","Italian","L1"
"2479",141,"meschina","7","2","Italian","L1"
"2480",141,"osceno","7","3","Italian","L1"
"2481",141,"pigra","8","2","Italian","L1"
"2482",141,"sleale","7","1","Italian","L1"
"2483",141,"indiscreta","7","2","Italian","L1"
"2484",141,"saggia","2","7","Italian","L1"
"2485",141,"crudele","7","2","Italian","L1"
"2486",141,"scortese","7","2","Italian","L1"
"2487",141,"cattivo","6","2","Italian","L1"
"2488",141,"elegante","7","7","Italian","L1"
"2489",141,"paziente","1","5","Italian","L1"
"2490",141,"scrupolosa","2","7","Italian","L1"
"2491",141,"positivo","2","6","Italian","L1"
"2492",141,"demone","9","2","Italian","L1"
"2493",141,"buono","2","8","Italian","L1"
"2494",141,"leale","4","8","Italian","L1"
"2495",141,"riservata","7","7","Italian","L1"
"2496",141,"tesoro","5","7","Italian","L1"
"2497",240,"cauta","1","4","Italian","L1"
"2498",240,"negativo","1","1","Italian","L1"
"2499",240,"leale","1","8","Italian","L1"
"2500",240,"sleale","9","3","Italian","L1"
"2501",240,"saggia","2","5","Italian","L1"
"2502",240,"stronzo","9","2","Italian","L1"
"2503",240,"elegante","3","5","Italian","L1"
"2504",240,"cattivo","9","1","Italian","L1"
"2505",240,"indiscreta","6","3","Italian","L1"
"2506",240,"scortese","9","1","Italian","L1"
"2507",240,"inaffidabile","7","1","Italian","L1"
"2508",240,"paziente","3","6","Italian","L1"
"2509",240,"osceno","9","1","Italian","L1"
"2510",240,"bugiarda","9","1","Italian","L1"
"2511",240,"scrupolosa","4","4","Italian","L1"
"2512",240,"meschina","9","1","Italian","L1"
"2513",240,"buono","3","7","Italian","L1"
"2514",240,"gentile","1","8","Italian","L1"
"2515",240,"santo","3","4","Italian","L1"
"2516",240,"affidabile","1","8","Italian","L1"
"2517",240,"demone","9","1","Italian","L1"
"2518",240,"riservata","2","3","Italian","L1"
"2519",240,"tesoro","9","9","Italian","L1"
"2520",240,"pigra","1","4","Italian","L1"
"2521",240,"positivo","6","8","Italian","L1"
"2522",240,"crudele","9","1","Italian","L1"
"2523",187,"elegante","5","8","Italian","L1"
"2524",187,"scrupolosa","5","6","Italian","L1"
"2525",187,"meschina","3","3","Italian","L1"
"2526",187,"cattivo","4","2","Italian","L1"
"2527",187,"sleale","3","3","Italian","L1"
"2528",187,"tesoro","7","9","Italian","L1"
"2529",187,"pigra","6","6","Italian","L1"
"2530",187,"saggia","8","9","Italian","L1"
"2531",187,"gentile","9","9","Italian","L1"
"2532",187,"demone","5","1","Italian","L1"
"2533",187,"bugiarda","3","2","Italian","L1"
"2534",187,"osceno","5","3","Italian","L1"
"2535",187,"leale","8","8","Italian","L1"
"2536",187,"santo","4","7","Italian","L1"
"2537",187,"crudele","5","2","Italian","L1"
"2538",187,"cauta","4","7","Italian","L1"
"2539",187,"scortese","4","2","Italian","L1"
"2540",187,"indiscreta","3","3","Italian","L1"
"2541",187,"inaffidabile","3","2","Italian","L1"
"2542",187,"paziente","5","8","Italian","L1"
"2543",187,"affidabile","7","8","Italian","L1"
"2544",187,"riservata","5","7","Italian","L1"
"2545",187,"buono","6","8","Italian","L1"
"2546",187,"negativo","5","3","Italian","L1"
"2547",187,"stronzo","4","2","Italian","L1"
"2548",187,"positivo","5","7","Italian","L1"
"2549",44,"leale","1","6","Italian","L1"
"2550",44,"cattivo","3","5","Italian","L1"
"2551",44,"cauta","2","5","Italian","L1"
"2552",44,"scortese","3","5","Italian","L1"
"2553",44,"osceno","3","4","Italian","L1"
"2554",44,"tesoro","2","5","Italian","L1"
"2555",44,"positivo","3","6","Italian","L1"
"2556",44,"riservata","2","6","Italian","L1"
"2557",44,"pigra","1","5","Italian","L1"
"2558",44,"indiscreta","3","5","Italian","L1"
"2559",44,"bugiarda","4","4","Italian","L1"
"2560",44,"stronzo","5","3","Italian","L1"
"2561",44,"gentile","6","7","Italian","L1"
"2562",44,"elegante","5","6","Italian","L1"
"2563",44,"sleale","3","4","Italian","L1"
"2564",44,"scrupolosa","5","5","Italian","L1"
"2565",44,"crudele","5","3","Italian","L1"
"2566",44,"buono","6","7","Italian","L1"
"2567",44,"santo","5","6","Italian","L1"
"2568",44,"negativo","2","4","Italian","L1"
"2569",44,"meschina","3","3","Italian","L1"
"2570",44,"affidabile","6","7","Italian","L1"
"2571",44,"saggia","6","7","Italian","L1"
"2572",44,"demone","3","2","Italian","L1"
"2573",44,"inaffidabile","3","4","Italian","L1"
"2574",44,"paziente","6","6","Italian","L1"
"2575",167,"stronzo","8","2","Italian","L1"
"2576",167,"positivo","7","8","Italian","L1"
"2577",167,"sleale","7","3","Italian","L1"
"2578",167,"affidabile","1","9","Italian","L1"
"2579",167,"demone","5","5","Italian","L1"
"2580",167,"buono","1","9","Italian","L1"
"2581",167,"santo","5","5","Italian","L1"
"2582",167,"inaffidabile","7","3","Italian","L1"
"2583",167,"tesoro","5","5","Italian","L1"
"2584",167,"gentile","3","7","Italian","L1"
"2585",167,"paziente","3","7","Italian","L1"
"2586",167,"indiscreta","7","3","Italian","L1"
"2587",167,"negativo","5","1","Italian","L1"
"2588",167,"meschina","8","2","Italian","L1"
"2589",167,"cattivo","8","2","Italian","L1"
"2590",167,"scrupolosa","2","7","Italian","L1"
"2591",167,"bugiarda","6","3","Italian","L1"
"2592",167,"leale","2","8","Italian","L1"
"2593",167,"crudele","9","1","Italian","L1"
"2594",167,"osceno","5","5","Italian","L1"
"2595",167,"elegante","4","6","Italian","L1"
"2596",167,"pigra","6","4","Italian","L1"
"2597",167,"saggia","2","8","Italian","L1"
"2598",167,"scortese","8","2","Italian","L1"
"2599",167,"riservata","2","8","Italian","L1"
"2600",167,"cauta","4","6","Italian","L1"
"2601",192,"positivo","5","7","Italian","L1"
"2602",192,"buono","6","6","Italian","L1"
"2603",192,"demone","6","5","Italian","L1"
"2604",192,"santo","6","4","Italian","L1"
"2605",192,"meschina","4","3","Italian","L1"
"2606",192,"cattivo","6","3","Italian","L1"
"2607",192,"scortese","5","1","Italian","L1"
"2608",192,"sleale","4","1","Italian","L1"
"2609",192,"cauta","5","5","Italian","L1"
"2610",192,"tesoro","3","7","Italian","L1"
"2611",192,"crudele","8","3","Italian","L1"
"2612",192,"stronzo","5","1","Italian","L1"
"2613",192,"scrupolosa","3","4","Italian","L1"
"2614",192,"riservata","1","6","Italian","L1"
"2615",192,"pigra","3","3","Italian","L1"
"2616",192,"elegante","5","5","Italian","L1"
"2617",192,"paziente","3","6","Italian","L1"
"2618",192,"indiscreta","4","3","Italian","L1"
"2619",192,"osceno","5","2","Italian","L1"
"2620",192,"leale","3","5","Italian","L1"
"2621",192,"bugiarda","4","2","Italian","L1"
"2622",192,"saggia","3","6","Italian","L1"
"2623",192,"negativo","3","3","Italian","L1"
"2624",192,"gentile","4","7","Italian","L1"
"2625",192,"inaffidabile","5","2","Italian","L1"
"2626",192,"affidabile","3","6","Italian","L1"
"2627",129,"osceno","9","1","Italian","L1"
"2628",129,"stronzo","7","1","Italian","L1"
"2629",129,"meschina","7","1","Italian","L1"
"2630",129,"affidabile","5","9","Italian","L1"
"2631",129,"demone","9","1","Italian","L1"
"2632",129,"cattivo","7","1","Italian","L1"
"2633",129,"paziente","1","9","Italian","L1"
"2634",129,"scrupolosa","1","8","Italian","L1"
"2635",129,"gentile","1","9","Italian","L1"
"2636",129,"sleale","5","1","Italian","L1"
"2637",129,"pigra","5","5","Italian","L1"
"2638",129,"inaffidabile","6","2","Italian","L1"
"2639",129,"leale","6","9","Italian","L1"
"2640",129,"tesoro","6","9","Italian","L1"
"2641",129,"santo","5","8","Italian","L1"
"2642",129,"cauta","5","7","Italian","L1"
"2643",129,"negativo","5","3","Italian","L1"
"2644",129,"bugiarda","7","2","Italian","L1"
"2645",129,"buono","7","8","Italian","L1"
"2646",129,"scortese","8","1","Italian","L1"
"2647",129,"positivo","5","8","Italian","L1"
"2648",129,"indiscreta","7","2","Italian","L1"
"2649",129,"saggia","6","8","Italian","L1"
"2650",129,"elegante","5","7","Italian","L1"
"2651",129,"crudele","8","1","Italian","L1"
"2652",129,"riservata","5","9","Italian","L1"
"2653",9,"santo","3","7","Italian","L1"
"2654",9,"saggia","1","8","Italian","L1"
"2655",9,"leale","3","9","Italian","L1"
"2656",9,"meschina","6","1","Italian","L1"
"2657",9,"indiscreta","5","4","Italian","L1"
"2658",9,"buono","3","6","Italian","L1"
"2659",9,"bugiarda","7","2","Italian","L1"
"2660",9,"sleale","8","1","Italian","L1"
"2661",9,"scortese","6","2","Italian","L1"
"2662",9,"cauta","4","6","Italian","L1"
"2663",9,"affidabile","2","8","Italian","L1"
"2664",9,"elegante","5","5","Italian","L1"
"2665",9,"cattivo","3","2","Italian","L1"
"2666",9,"riservata","3","5","Italian","L1"
"2667",9,"stronzo","6","6","Italian","L1"
"2668",9,"paziente","6","4","Italian","L1"
"2669",9,"gentile","3","7","Italian","L1"
"2670",9,"negativo","7","2","Italian","L1"
"2671",9,"crudele","9","1","Italian","L1"
"2672",9,"demone","8","2","Italian","L1"
"2673",9,"pigra","4","3","Italian","L1"
"2674",9,"inaffidabile","7","2","Italian","L1"
"2675",9,"tesoro","6","6","Italian","L1"
"2676",9,"positivo","7","6","Italian","L1"
"2677",9,"scrupolosa","2","8","Italian","L1"
"2678",9,"osceno","5","3","Italian","L1"
"2679",182,"affidabile","5","6","Italian","L1"
"2680",182,"osceno","5","4","Italian","L1"
"2681",182,"sleale","5","4","Italian","L1"
"2682",182,"meschina","5","4","Italian","L1"
"2683",182,"negativo","5","2","Italian","L1"
"2684",182,"demone","5","2","Italian","L1"
"2685",182,"scrupolosa","5","5","Italian","L1"
"2686",182,"saggia","4","6","Italian","L1"
"2687",182,"paziente","4","7","Italian","L1"
"2688",182,"gentile","5","6","Italian","L1"
"2689",182,"riservata","5","5","Italian","L1"
"2690",182,"cattivo","5","3","Italian","L1"
"2691",182,"crudele","5","3","Italian","L1"
"2692",182,"cauta","5","5","Italian","L1"
"2693",182,"pigra","5","5","Italian","L1"
"2694",182,"indiscreta","5","4","Italian","L1"
"2695",182,"positivo","6","8","Italian","L1"
"2696",182,"scortese","5","4","Italian","L1"
"2697",182,"bugiarda","5","4","Italian","L1"
"2698",182,"buono","5","6","Italian","L1"
"2699",182,"stronzo","6","6","Italian","L1"
"2700",182,"tesoro","6","8","Italian","L1"
"2701",182,"leale","9","9","Italian","L1"
"2702",182,"elegante","6","6","Italian","L1"
"2703",182,"santo","5","5","Italian","L1"
"2704",182,"inaffidabile","5","3","Italian","L1"
"2705",25,"buono","5","7","Italian","L1"
"2706",25,"elegante","8","8","Italian","L1"
"2707",25,"indiscreta","3","2","Italian","L1"
"2708",25,"santo","9","9","Italian","L1"
"2709",25,"leale","2","9","Italian","L1"
"2710",25,"paziente","1","9","Italian","L1"
"2711",25,"cattivo","5","1","Italian","L1"
"2712",25,"sleale","5","1","Italian","L1"
"2713",25,"positivo","5","9","Italian","L1"
"2714",25,"pigra","5","3","Italian","L1"
"2715",25,"demone","1","1","Italian","L1"
"2716",25,"affidabile","6","9","Italian","L1"
"2717",25,"scortese","5","1","Italian","L1"
"2718",25,"negativo","5","2","Italian","L1"
"2719",25,"tesoro","5","9","Italian","L1"
"2720",25,"inaffidabile","3","1","Italian","L1"
"2721",25,"stronzo","5","1","Italian","L1"
"2722",25,"crudele","5","1","Italian","L1"
"2723",25,"cauta","6","7","Italian","L1"
"2724",25,"scrupolosa","5","7","Italian","L1"
"2725",25,"riservata","5","6","Italian","L1"
"2726",25,"bugiarda","5","1","Italian","L1"
"2727",25,"saggia","6","8","Italian","L1"
"2728",25,"osceno","2","1","Italian","L1"
"2729",25,"gentile","5","9","Italian","L1"
"2730",25,"meschina","5","1","Italian","L1"
"2731",261,"indiscreta","8","3","Italian","L1"
"2732",261,"santo","1","5","Italian","L1"
"2733",261,"leale","2","6","Italian","L1"
"2734",261,"cattivo","9","1","Italian","L1"
"2735",261,"inaffidabile","5","4","Italian","L1"
"2736",261,"scrupolosa","5","6","Italian","L1"
"2737",261,"positivo","5","8","Italian","L1"
"2738",261,"demone","7","5","Italian","L1"
"2739",261,"cauta","6","5","Italian","L1"
"2740",261,"buono","3","9","Italian","L1"
"2741",261,"meschina","7","1","Italian","L1"
"2742",261,"negativo","5","3","Italian","L1"
"2743",261,"paziente","2","6","Italian","L1"
"2744",261,"tesoro","7","9","Italian","L1"
"2745",261,"stronzo","8","2","Italian","L1"
"2746",261,"crudele","8","2","Italian","L1"
"2747",261,"gentile","6","9","Italian","L1"
"2748",261,"saggia","2","6","Italian","L1"
"2749",261,"osceno","5","5","Italian","L1"
"2750",261,"bugiarda","7","1","Italian","L1"
"2751",261,"elegante","3","5","Italian","L1"
"2752",261,"riservata","2","5","Italian","L1"
"2753",261,"scortese","6","4","Italian","L1"
"2754",261,"pigra","1","5","Italian","L1"
"2755",261,"sleale","5","3","Italian","L1"
"2756",261,"affidabile","2","6","Italian","L1"
"2757",86,"meschina","7","2","Italian","L1"
"2758",86,"paziente","2","7","Italian","L1"
"2759",86,"positivo","7","7","Italian","L1"
"2760",86,"cattivo","8","2","Italian","L1"
"2761",86,"santo","8","8","Italian","L1"
"2762",86,"inaffidabile","7","3","Italian","L1"
"2763",86,"riservata","2","7","Italian","L1"
"2764",86,"indiscreta","6","2","Italian","L1"
"2765",86,"saggia","4","7","Italian","L1"
"2766",86,"tesoro","7","8","Italian","L1"
"2767",86,"cauta","3","5","Italian","L1"
"2768",86,"leale","5","7","Italian","L1"
"2769",86,"buono","7","8","Italian","L1"
"2770",86,"elegante","4","6","Italian","L1"
"2771",86,"scrupolosa","2","7","Italian","L1"
"2772",86,"demone","7","1","Italian","L1"
"2773",86,"gentile","6","8","Italian","L1"
"2774",86,"scortese","8","1","Italian","L1"
"2775",86,"negativo","7","1","Italian","L1"
"2776",86,"affidabile","6","8","Italian","L1"
"2777",86,"pigra","5","3","Italian","L1"
"2778",86,"stronzo","8","1","Italian","L1"
"2779",86,"crudele","8","1","Italian","L1"
"2780",86,"osceno","8","1","Italian","L1"
"2781",86,"bugiarda","6","1","Italian","L1"
"2782",86,"sleale","8","1","Italian","L1"
"2783",150,"osceno","5","3","Italian","L1"
"2784",150,"scrupolosa","1","8","Italian","L1"
"2785",150,"tesoro","8","9","Italian","L1"
"2786",150,"cattivo","5","2","Italian","L1"
"2787",150,"gentile","2","7","Italian","L1"
"2788",150,"riservata","1","8","Italian","L1"
"2789",150,"crudele","6","3","Italian","L1"
"2790",150,"positivo","4","9","Italian","L1"
"2791",150,"bugiarda","8","1","Italian","L1"
"2792",150,"sleale","9","1","Italian","L1"
"2793",150,"saggia","2","6","Italian","L1"
"2794",150,"cauta","2","5","Italian","L1"
"2795",150,"affidabile","3","7","Italian","L1"
"2796",150,"scortese","6","2","Italian","L1"
"2797",150,"stronzo","7","4","Italian","L1"
"2798",150,"elegante","2","6","Italian","L1"
"2799",150,"leale","3","9","Italian","L1"
"2800",150,"santo","1","5","Italian","L1"
"2801",150,"pigra","5","3","Italian","L1"
"2802",150,"inaffidabile","5","2","Italian","L1"
"2803",150,"negativo","4","2","Italian","L1"
"2804",150,"meschina","6","1","Italian","L1"
"2805",150,"demone","4","5","Italian","L1"
"2806",150,"paziente","1","7","Italian","L1"
"2807",150,"buono","4","8","Italian","L1"
"2808",150,"indiscreta","5","3","Italian","L1"
"2809",266,"stronzo","8","5","Italian","L1"
"2810",266,"cattivo","7","1","Italian","L1"
"2811",266,"pigra","3","6","Italian","L1"
"2812",266,"demone","6","4","Italian","L1"
"2813",266,"osceno","7","6","Italian","L1"
"2814",266,"negativo","4","2","Italian","L1"
"2815",266,"gentile","2","7","Italian","L1"
"2816",266,"scrupolosa","6","4","Italian","L1"
"2817",266,"sleale","7","3","Italian","L1"
"2818",266,"saggia","3","6","Italian","L1"
"2819",266,"santo","4","7","Italian","L1"
"2820",266,"bugiarda","5","4","Italian","L1"
"2821",266,"elegante","2","6","Italian","L1"
"2822",266,"positivo","7","6","Italian","L1"
"2823",266,"tesoro","7","7","Italian","L1"
"2824",266,"cauta","3","6","Italian","L1"
"2825",266,"indiscreta","6","3","Italian","L1"
"2826",266,"paziente","2","7","Italian","L1"
"2827",266,"affidabile","3","7","Italian","L1"
"2828",266,"buono","7","6","Italian","L1"
"2829",266,"inaffidabile","7","3","Italian","L1"
"2830",266,"crudele","2","3","Italian","L1"
"2831",266,"leale","5","6","Italian","L1"
"2832",266,"scortese","6","3","Italian","L1"
"2833",266,"riservata","5","6","Italian","L1"
"2834",266,"meschina","6","3","Italian","L1"
"2835",124,"crudele","7","2","Italian","L1"
"2836",124,"demone","7","2","Italian","L1"
"2837",124,"cauta","3","5","Italian","L1"
"2838",124,"pigra","5","4","Italian","L1"
"2839",124,"scortese","7","3","Italian","L1"
"2840",124,"bugiarda","6","2","Italian","L1"
"2841",124,"santo","3","7","Italian","L1"
"2842",124,"paziente","5","3","Italian","L1"
"2843",124,"sleale","7","2","Italian","L1"
"2844",124,"stronzo","7","2","Italian","L1"
"2845",124,"indiscreta","6","3","Italian","L1"
"2846",124,"scrupolosa","3","7","Italian","L1"
"2847",124,"meschina","7","2","Italian","L1"
"2848",124,"leale","3","8","Italian","L1"
"2849",124,"affidabile","2","8","Italian","L1"
"2850",124,"saggia","3","7","Italian","L1"
"2851",124,"tesoro","2","8","Italian","L1"
"2852",124,"positivo","3","8","Italian","L1"
"2853",124,"osceno","7","2","Italian","L1"
"2854",124,"gentile","2","8","Italian","L1"
"2855",124,"negativo","5","2","Italian","L1"
"2856",124,"elegante","3","7","Italian","L1"
"2857",124,"riservata","2","7","Italian","L1"
"2858",124,"cattivo","2","8","Italian","L1"
"2859",124,"buono","2","8","Italian","L1"
"2860",124,"inaffidabile","7","3","Italian","L1"
"2861",66,"demone","6","7","Italian","L1"
"2862",66,"meschina","4","8","Italian","L1"
"2863",66,"scortese","4","4","Italian","L1"
"2864",66,"leale","9","9","Italian","L1"
"2865",66,"tesoro","8","6","Italian","L1"
"2866",66,"crudele","3","4","Italian","L1"
"2867",66,"santo","1","8","Italian","L1"
"2868",66,"pigra","4","7","Italian","L1"
"2869",66,"paziente","1","9","Italian","L1"
"2870",66,"buono","2","9","Italian","L1"
"2871",66,"bugiarda","7","4","Italian","L1"
"2872",66,"riservata","2","9","Italian","L1"
"2873",66,"affidabile","1","7","Italian","L1"
"2874",66,"negativo","6","3","Italian","L1"
"2875",66,"cattivo","8","2","Italian","L1"
"2876",66,"osceno","6","1","Italian","L1"
"2877",66,"stronzo","7","1","Italian","L1"
"2878",66,"positivo","2","8","Italian","L1"
"2879",66,"indiscreta","9","2","Italian","L1"
"2880",66,"cauta","5","9","Italian","L1"
"2881",66,"scrupolosa","7","7","Italian","L1"
"2882",66,"saggia","2","9","Italian","L1"
"2883",66,"sleale","7","3","Italian","L1"
"2884",66,"gentile","3","8","Italian","L1"
"2885",66,"elegante","6","3","Italian","L1"
"2886",66,"inaffidabile","7","1","Italian","L1"
"2887",252,"buono","2","9","Italian","L1"
"2888",252,"indiscreta","6","4","Italian","L1"
"2889",252,"elegante","7","7","Italian","L1"
"2890",252,"paziente","4","5","Italian","L1"
"2891",252,"gentile","3","8","Italian","L1"
"2892",252,"santo","4","4","Italian","L1"
"2893",252,"stronzo","6","1","Italian","L1"
"2894",252,"riservata","3","6","Italian","L1"
"2895",252,"leale","3","8","Italian","L1"
"2896",252,"demone","8","2","Italian","L1"
"2897",252,"scrupolosa","7","5","Italian","L1"
"2898",252,"tesoro","8","9","Italian","L1"
"2899",252,"cauta","2","5","Italian","L1"
"2900",252,"negativo","5","4","Italian","L1"
"2901",252,"affidabile","2","9","Italian","L1"
"2902",252,"sleale","7","2","Italian","L1"
"2903",252,"cattivo","7","1","Italian","L1"
"2904",252,"scortese","8","1","Italian","L1"
"2905",252,"osceno","7","3","Italian","L1"
"2906",252,"meschina","8","2","Italian","L1"
"2907",252,"bugiarda","7","3","Italian","L1"
"2908",252,"positivo","5","6","Italian","L1"
"2909",252,"crudele","9","1","Italian","L1"
"2910",252,"saggia","2","8","Italian","L1"
"2911",252,"inaffidabile","7","1","Italian","L1"
"2912",252,"pigra","3","5","Italian","L1"
"2913",29,"inaffidabile","4","1","Italian","L1"
"2914",29,"pigra","1","4","Italian","L1"
"2915",29,"crudele","6","1","Italian","L1"
"2916",29,"osceno","4","2","Italian","L1"
"2917",29,"indiscreta","1","6","Italian","L1"
"2918",29,"cattivo","4","3","Italian","L1"
"2919",29,"paziente","1","9","Italian","L1"
"2920",29,"bugiarda","6","3","Italian","L1"
"2921",29,"leale","3","9","Italian","L1"
"2922",29,"elegante","8","9","Italian","L1"
"2923",29,"scortese","4","1","Italian","L1"
"2924",29,"riservata","5","6","Italian","L1"
"2925",29,"scrupolosa","4","7","Italian","L1"
"2926",29,"sleale","6","1","Italian","L1"
"2927",29,"stronzo","7","2","Italian","L1"
"2928",29,"cauta","5","7","Italian","L1"
"2929",29,"buono","5","9","Italian","L1"
"2930",29,"negativo","4","4","Italian","L1"
"2931",29,"affidabile","6","9","Italian","L1"
"2932",29,"saggia","1","9","Italian","L1"
"2933",29,"meschina","3","1","Italian","L1"
"2934",29,"santo","7","8","Italian","L1"
"2935",29,"positivo","8","8","Italian","L1"
"2936",29,"tesoro","1","8","Italian","L1"
"2937",29,"demone","7","2","Italian","L1"
"2938",29,"gentile","1","9","Italian","L1"
"2939",228,"santo","3","8","Italian","L1"
"2940",228,"scortese","4","4","Italian","L1"
"2941",228,"riservata","2","5","Italian","L1"
"2942",228,"crudele","4","2","Italian","L1"
"2943",228,"scrupolosa","3","5","Italian","L1"
"2944",228,"elegante","4","8","Italian","L1"
"2945",228,"bugiarda","7","2","Italian","L1"
"2946",228,"inaffidabile","7","2","Italian","L1"
"2947",228,"stronzo","8","1","Italian","L1"
"2948",228,"paziente","3","7","Italian","L1"
"2949",228,"positivo","1","9","Italian","L1"
"2950",228,"saggia","3","8","Italian","L1"
"2951",228,"buono","4","9","Italian","L1"
"2952",228,"gentile","4","9","Italian","L1"
"2953",228,"cattivo","5","2","Italian","L1"
"2954",228,"osceno","7","3","Italian","L1"
"2955",228,"meschina","7","4","Italian","L1"
"2956",228,"negativo","7","4","Italian","L1"
"2957",228,"tesoro","3","9","Italian","L1"
"2958",228,"indiscreta","5","5","Italian","L1"
"2959",228,"leale","3","8","Italian","L1"
"2960",228,"affidabile","3","8","Italian","L1"
"2961",228,"sleale","8","3","Italian","L1"
"2962",228,"pigra","3","3","Italian","L1"
"2963",228,"demone","9","1","Italian","L1"
"2964",228,"cauta","1","7","Italian","L1"
"2965",202,"sleale","6","2","Italian","L1"
"2966",202,"stronzo","7","1","Italian","L1"
"2967",202,"riservata","3","6","Italian","L1"
"2968",202,"demone","7","1","Italian","L1"
"2969",202,"santo","1","8","Italian","L1"
"2970",202,"tesoro","2","9","Italian","L1"
"2971",202,"crudele","7","2","Italian","L1"
"2972",202,"cattivo","6","4","Italian","L1"
"2973",202,"leale","4","8","Italian","L1"
"2974",202,"scortese","8","3","Italian","L1"
"2975",202,"negativo","8","1","Italian","L1"
"2976",202,"indiscreta","7","3","Italian","L1"
"2977",202,"pigra","6","2","Italian","L1"
"2978",202,"saggia","4","8","Italian","L1"
"2979",202,"positivo","2","8","Italian","L1"
"2980",202,"bugiarda","8","2","Italian","L1"
"2981",202,"buono","1","8","Italian","L1"
"2982",202,"osceno","8","1","Italian","L1"
"2983",202,"elegante","3","8","Italian","L1"
"2984",202,"affidabile","1","8","Italian","L1"
"2985",202,"scrupolosa","2","7","Italian","L1"
"2986",202,"paziente","1","8","Italian","L1"
"2987",202,"inaffidabile","8","2","Italian","L1"
"2988",202,"gentile","1","9","Italian","L1"
"2989",202,"cauta","2","9","Italian","L1"
"2990",202,"meschina","7","1","Italian","L1"
"2991",30,"tesoro","8","6","Italian","L1"
"2992",30,"negativo","5","3","Italian","L1"
"2993",30,"inaffidabile","3","3","Italian","L1"
"2994",30,"riservata","3","5","Italian","L1"
"2995",30,"affidabile","4","7","Italian","L1"
"2996",30,"elegante","4","7","Italian","L1"
"2997",30,"meschina","4","1","Italian","L1"
"2998",30,"crudele","5","2","Italian","L1"
"2999",30,"scrupolosa","4","7","Italian","L1"
"3000",30,"demone","5","5","Italian","L1"
"3001",30,"sleale","5","1","Italian","L1"
"3002",30,"osceno","5","2","Italian","L1"
"3003",30,"positivo","4","7","Italian","L1"
"3004",30,"bugiarda","6","1","Italian","L1"
"3005",30,"saggia","1","9","Italian","L1"
"3006",30,"gentile","6","8","Italian","L1"
"3007",30,"pigra","1","8","Italian","L1"
"3008",30,"scortese","4","2","Italian","L1"
"3009",30,"paziente","4","7","Italian","L1"
"3010",30,"leale","7","9","Italian","L1"
"3011",30,"indiscreta","5","3","Italian","L1"
"3012",30,"cauta","4","4","Italian","L1"
"3013",30,"stronzo","6","4","Italian","L1"
"3014",30,"santo","1","1","Italian","L1"
"3015",30,"buono","6","9","Italian","L1"
"3016",30,"cattivo","5","1","Italian","L1"
"3017",132,"indiscreta","5","5","Italian","L1"
"3018",132,"gentile","8","6","Italian","L1"
"3019",132,"demone","5","1","Italian","L1"
"3020",132,"crudele","2","1","Italian","L1"
"3021",132,"leale","5","6","Italian","L1"
"3022",132,"inaffidabile","5","1","Italian","L1"
"3023",132,"scortese","5","1","Italian","L1"
"3024",132,"sleale","5","1","Italian","L1"
"3025",132,"santo","5","9","Italian","L1"
"3026",132,"negativo","6","2","Italian","L1"
"3027",132,"meschina","5","1","Italian","L1"
"3028",132,"saggia","5","6","Italian","L1"
"3029",132,"cauta","5","1","Italian","L1"
"3030",132,"tesoro","5","8","Italian","L1"
"3031",132,"cattivo","5","1","Italian","L1"
"3032",132,"riservata","5","5","Italian","L1"
"3033",132,"bugiarda","5","1","Italian","L1"
"3034",132,"elegante","5","7","Italian","L1"
"3035",132,"stronzo","5","1","Italian","L1"
"3036",132,"positivo","7","9","Italian","L1"
"3037",132,"buono","6","9","Italian","L1"
"3038",132,"affidabile","5","9","Italian","L1"
"3039",132,"osceno","5","1","Italian","L1"
"3040",132,"pigra","5","6","Italian","L1"
"3041",132,"scrupolosa","6","5","Italian","L1"
"3042",132,"paziente","5","5","Italian","L1"
"3043",270,"paziente","2","8","Italian","L1"
"3044",270,"meschina","4","2","Italian","L1"
"3045",270,"scortese","3","4","Italian","L1"
"3046",270,"gentile","5","7","Italian","L1"
"3047",270,"buono","6","8","Italian","L1"
"3048",270,"tesoro","5","8","Italian","L1"
"3049",270,"indiscreta","6","3","Italian","L1"
"3050",270,"cauta","5","4","Italian","L1"
"3051",270,"demone","7","2","Italian","L1"
"3052",270,"crudele","5","1","Italian","L1"
"3053",270,"negativo","3","3","Italian","L1"
"3054",270,"scrupolosa","2","6","Italian","L1"
"3055",270,"santo","1","4","Italian","L1"
"3056",270,"cattivo","2","3","Italian","L1"
"3057",270,"positivo","5","7","Italian","L1"
"3058",270,"bugiarda","5","1","Italian","L1"
"3059",270,"riservata","3","5","Italian","L1"
"3060",270,"sleale","6","1","Italian","L1"
"3061",270,"saggia","1","8","Italian","L1"
"3062",270,"leale","2","8","Italian","L1"
"3063",270,"osceno","7","1","Italian","L1"
"3064",270,"inaffidabile","3","2","Italian","L1"
"3065",270,"affidabile","1","8","Italian","L1"
"3066",270,"pigra","1","4","Italian","L1"
"3067",270,"elegante","5","8","Italian","L1"
"3068",270,"stronzo","6","4","Italian","L1"
"3069",161,"cauta","4","5","Italian","L1"
"3070",161,"elegante","4","6","Italian","L1"
"3071",161,"tesoro","8","5","Italian","L1"
"3072",161,"inaffidabile","5","1","Italian","L1"
"3073",161,"saggia","4","8","Italian","L1"
"3074",161,"scortese","3","3","Italian","L1"
"3075",161,"affidabile","6","7","Italian","L1"
"3076",161,"santo","2","5","Italian","L1"
"3077",161,"meschina","4","1","Italian","L1"
"3078",161,"sleale","2","4","Italian","L1"
"3079",161,"positivo","7","7","Italian","L1"
"3080",161,"scrupolosa","6","7","Italian","L1"
"3081",161,"riservata","6","7","Italian","L1"
"3082",161,"buono","4","7","Italian","L1"
"3083",161,"negativo","3","3","Italian","L1"
"3084",161,"cattivo","4","3","Italian","L1"
"3085",161,"bugiarda","4","3","Italian","L1"
"3086",161,"paziente","5","6","Italian","L1"
"3087",161,"leale","4","8","Italian","L1"
"3088",161,"gentile","5","7","Italian","L1"
"3089",161,"demone","5","3","Italian","L1"
"3090",161,"indiscreta","4","3","Italian","L1"
"3091",161,"stronzo","6","3","Italian","L1"
"3092",161,"pigra","4","3","Italian","L1"
"3093",161,"osceno","5","3","Italian","L1"
"3094",161,"crudele","6","2","Italian","L1"
"3095",85,"sleale","4","1","Italian","L1"
"3096",85,"cauta","2","6","Italian","L1"
"3097",85,"indiscreta","7","2","Italian","L1"
"3098",85,"santo","1","6","Italian","L1"
"3099",85,"gentile","2","8","Italian","L1"
"3100",85,"affidabile","1","8","Italian","L1"
"3101",85,"cattivo","7","1","Italian","L1"
"3102",85,"bugiarda","5","1","Italian","L1"
"3103",85,"leale","1","8","Italian","L1"
"3104",85,"scrupolosa","2","5","Italian","L1"
"3105",85,"meschina","5","1","Italian","L1"
"3106",85,"paziente","2","7","Italian","L1"
"3107",85,"demone","6","1","Italian","L1"
"3108",85,"elegante","8","6","Italian","L1"
"3109",85,"buono","2","8","Italian","L1"
"3110",85,"negativo","7","1","Italian","L1"
"3111",85,"positivo","2","8","Italian","L1"
"3112",85,"inaffidabile","7","1","Italian","L1"
"3113",85,"pigra","2","2","Italian","L1"
"3114",85,"crudele","8","1","Italian","L1"
"3115",85,"stronzo","5","2","Italian","L1"
"3116",85,"riservata","6","8","Italian","L1"
"3117",85,"saggia","6","9","Italian","L1"
"3118",85,"scortese","5","1","Italian","L1"
"3119",85,"tesoro","7","9","Italian","L1"
"3120",85,"osceno","4","3","Italian","L1"
"3121",28,"buono","2","9","Italian","L1"
"3122",28,"riservata","6","5","Italian","L1"
"3123",28,"gentile","2","9","Italian","L1"
"3124",28,"scortese","7","3","Italian","L1"
"3125",28,"demone","9","1","Italian","L1"
"3126",28,"sleale","8","1","Italian","L1"
"3127",28,"scrupolosa","3","8","Italian","L1"
"3128",28,"positivo","1","9","Italian","L1"
"3129",28,"crudele","9","1","Italian","L1"
"3130",28,"meschina","9","1","Italian","L1"
"3131",28,"cattivo","9","1","Italian","L1"
"3132",28,"tesoro","2","9","Italian","L1"
"3133",28,"stronzo","7","1","Italian","L1"
"3134",28,"affidabile","1","9","Italian","L1"
"3135",28,"inaffidabile","8","2","Italian","L1"
"3136",28,"cauta","7","6","Italian","L1"
"3137",28,"santo","3","9","Italian","L1"
"3138",28,"leale","1","9","Italian","L1"
"3139",28,"negativo","8","1","Italian","L1"
"3140",28,"bugiarda","8","1","Italian","L1"
"3141",28,"saggia","1","9","Italian","L1"
"3142",28,"pigra","4","5","Italian","L1"
"3143",28,"paziente","4","8","Italian","L1"
"3144",28,"elegante","2","9","Italian","L1"
"3145",28,"osceno","6","3","Italian","L1"
"3146",28,"indiscreta","7","3","Italian","L1"
"3147",81,"demone","7","5","Italian","L1"
"3148",81,"elegante","7","7","Italian","L1"
"3149",81,"sleale","7","2","Italian","L1"
"3150",81,"osceno","7","2","Italian","L1"
"3151",81,"santo","3","6","Italian","L1"
"3152",81,"paziente","5","5","Italian","L1"
"3153",81,"stronzo","7","1","Italian","L1"
"3154",81,"affidabile","7","8","Italian","L1"
"3155",81,"tesoro","8","7","Italian","L1"
"3156",81,"indiscreta","7","7","Italian","L1"
"3157",81,"leale","7","7","Italian","L1"
"3158",81,"cauta","6","6","Italian","L1"
"3159",81,"scrupolosa","7","7","Italian","L1"
"3160",81,"riservata","7","7","Italian","L1"
"3161",81,"inaffidabile","4","2","Italian","L1"
"3162",81,"bugiarda","6","1","Italian","L1"
"3163",81,"buono","6","6","Italian","L1"
"3164",81,"crudele","3","1","Italian","L1"
"3165",81,"meschina","5","2","Italian","L1"
"3166",81,"scortese","4","2","Italian","L1"
"3167",81,"positivo","6","7","Italian","L1"
"3168",81,"saggia","4","7","Italian","L1"
"3169",81,"pigra","4","4","Italian","L1"
"3170",81,"negativo","3","3","Italian","L1"
"3171",81,"gentile","4","6","Italian","L1"
"3172",81,"cattivo","6","2","Italian","L1"
"3173",199,"buono","1","9","Italian","L1"
"3174",199,"scrupolosa","5","5","Italian","L1"
"3175",199,"positivo","7","8","Italian","L1"
"3176",199,"negativo","5","1","Italian","L1"
"3177",199,"santo","5","5","Italian","L1"
"3178",199,"tesoro","2","8","Italian","L1"
"3179",199,"affidabile","2","9","Italian","L1"
"3180",199,"saggia","2","8","Italian","L1"
"3181",199,"demone","5","1","Italian","L1"
"3182",199,"pigra","5","3","Italian","L1"
"3183",199,"bugiarda","5","1","Italian","L1"
"3184",199,"cattivo","5","1","Italian","L1"
"3185",199,"inaffidabile","5","1","Italian","L1"
"3186",199,"gentile","1","9","Italian","L1"
"3187",199,"elegante","5","9","Italian","L1"
"3188",199,"leale","2","9","Italian","L1"
"3189",199,"stronzo","5","1","Italian","L1"
"3190",199,"crudele","5","1","Italian","L1"
"3191",199,"riservata","5","5","Italian","L1"
"3192",199,"sleale","5","1","Italian","L1"
"3193",199,"scortese","5","1","Italian","L1"
"3194",199,"cauta","2","7","Italian","L1"
"3195",199,"indiscreta","5","1","Italian","L1"
"3196",199,"paziente","2","7","Italian","L1"
"3197",199,"meschina","5","1","Italian","L1"
"3198",199,"osceno","5","1","Italian","L1"
"3199",255,"stronzo","3","3","Italian","L1"
"3200",255,"saggia","2","7","Italian","L1"
"3201",255,"paziente","2","6","Italian","L1"
"3202",255,"santo","6","7","Italian","L1"
"3203",255,"leale","2","5","Italian","L1"
"3204",255,"pigra","5","5","Italian","L1"
"3205",255,"indiscreta","3","3","Italian","L1"
"3206",255,"cauta","4","2","Italian","L1"
"3207",255,"positivo","6","6","Italian","L1"
"3208",255,"tesoro","8","7","Italian","L1"
"3209",255,"riservata","5","5","Italian","L1"
"3210",255,"scrupolosa","6","4","Italian","L1"
"3211",255,"osceno","8","1","Italian","L1"
"3212",255,"cattivo","7","3","Italian","L1"
"3213",255,"bugiarda","8","2","Italian","L1"
"3214",255,"affidabile","6","7","Italian","L1"
"3215",255,"crudele","9","3","Italian","L1"
"3216",255,"negativo","3","2","Italian","L1"
"3217",255,"scortese","7","2","Italian","L1"
"3218",255,"gentile","4","6","Italian","L1"
"3219",255,"meschina","8","2","Italian","L1"
"3220",255,"elegante","3","6","Italian","L1"
"3221",255,"sleale","5","2","Italian","L1"
"3222",255,"buono","5","8","Italian","L1"
"3223",255,"inaffidabile","5","2","Italian","L1"
"3224",255,"demone","6","1","Italian","L1"
"3225",38,"inaffidabile","6","4","Italian","L1"
"3226",38,"paziente","1","5","Italian","L1"
"3227",38,"crudele","3","4","Italian","L1"
"3228",38,"leale","3","5","Italian","L1"
"3229",38,"meschina","7","2","Italian","L1"
"3230",38,"indiscreta","7","3","Italian","L1"
"3231",38,"positivo","4","8","Italian","L1"
"3232",38,"saggia","3","6","Italian","L1"
"3233",38,"stronzo","9","2","Italian","L1"
"3234",38,"negativo","7","3","Italian","L1"
"3235",38,"santo","5","5","Italian","L1"
"3236",38,"demone","7","3","Italian","L1"
"3237",38,"riservata","2","8","Italian","L1"
"3238",38,"cattivo","7","6","Italian","L1"
"3239",38,"gentile","2","6","Italian","L1"
"3240",38,"elegante","5","4","Italian","L1"
"3241",38,"sleale","5","3","Italian","L1"
"3242",38,"affidabile","6","7","Italian","L1"
"3243",38,"osceno","8","3","Italian","L1"
"3244",38,"scrupolosa","3","7","Italian","L1"
"3245",38,"buono","7","7","Italian","L1"
"3246",38,"bugiarda","7","2","Italian","L1"
"3247",38,"cauta","3","7","Italian","L1"
"3248",38,"tesoro","4","8","Italian","L1"
"3249",38,"pigra","1","6","Italian","L1"
"3250",38,"scortese","9","2","Italian","L1"
"3251",68,"affidabile","5","7","Italian","L1"
"3252",68,"riservata","6","7","Italian","L1"
"3253",68,"leale","8","8","Italian","L1"
"3254",68,"paziente","3","7","Italian","L1"
"3255",68,"demone","9","2","Italian","L1"
"3256",68,"osceno","5","1","Italian","L1"
"3257",68,"negativo","6","1","Italian","L1"
"3258",68,"bugiarda","5","1","Italian","L1"
"3259",68,"crudele","6","1","Italian","L1"
"3260",68,"positivo","1","9","Italian","L1"
"3261",68,"santo","1","9","Italian","L1"
"3262",68,"pigra","2","4","Italian","L1"
"3263",68,"elegante","7","8","Italian","L1"
"3264",68,"indiscreta","5","3","Italian","L1"
"3265",68,"tesoro","8","8","Italian","L1"
"3266",68,"cattivo","7","2","Italian","L1"
"3267",68,"buono","1","9","Italian","L1"
"3268",68,"scrupolosa","7","8","Italian","L1"
"3269",68,"meschina","5","1","Italian","L1"
"3270",68,"cauta","2","7","Italian","L1"
"3271",68,"scortese","8","2","Italian","L1"
"3272",68,"saggia","6","8","Italian","L1"
"3273",68,"gentile","1","8","Italian","L1"
"3274",68,"stronzo","9","1","Italian","L1"
"3275",68,"sleale","7","2","Italian","L1"
"3276",68,"inaffidabile","6","3","Italian","L1"
"3277",183,"affidabile","4","8","Italian","L1"
"3278",183,"santo","7","8","Italian","L1"
"3279",183,"tesoro","8","8","Italian","L1"
"3280",183,"crudele","8","1","Italian","L1"
"3281",183,"meschina","8","1","Italian","L1"
"3282",183,"scortese","6","3","Italian","L1"
"3283",183,"paziente","2","8","Italian","L1"
"3284",183,"scrupolosa","2","8","Italian","L1"
"3285",183,"pigra","6","2","Italian","L1"
"3286",183,"bugiarda","7","2","Italian","L1"
"3287",183,"stronzo","8","1","Italian","L1"
"3288",183,"sleale","7","1","Italian","L1"
"3289",183,"osceno","8","2","Italian","L1"
"3290",183,"buono","5","8","Italian","L1"
"3291",183,"elegante","2","8","Italian","L1"
"3292",183,"cauta","5","5","Italian","L1"
"3293",183,"saggia","2","8","Italian","L1"
"3294",183,"riservata","3","5","Italian","L1"
"3295",183,"positivo","5","7","Italian","L1"
"3296",183,"leale","2","8","Italian","L1"
"3297",183,"cattivo","7","2","Italian","L1"
"3298",183,"indiscreta","7","3","Italian","L1"
"3299",183,"negativo","6","2","Italian","L1"
"3300",183,"inaffidabile","7","2","Italian","L1"
"3301",183,"demone","7","2","Italian","L1"
"3302",183,"gentile","2","8","Italian","L1"
"3303",93,"elegante","2","7","Italian","L1"
"3304",93,"positivo","2","9","Italian","L1"
"3305",93,"riservata","2","6","Italian","L1"
"3306",93,"sleale","6","1","Italian","L1"
"3307",93,"affidabile","2","9","Italian","L1"
"3308",93,"osceno","8","1","Italian","L1"
"3309",93,"meschina","9","1","Italian","L1"
"3310",93,"leale","3","9","Italian","L1"
"3311",93,"inaffidabile","4","1","Italian","L1"
"3312",93,"demone","5","2","Italian","L1"
"3313",93,"paziente","2","7","Italian","L1"
"3314",93,"stronzo","7","2","Italian","L1"
"3315",93,"scrupolosa","3","7","Italian","L1"
"3316",93,"buono","1","9","Italian","L1"
"3317",93,"saggia","2","9","Italian","L1"
"3318",93,"gentile","2","9","Italian","L1"
"3319",93,"pigra","4","4","Italian","L1"
"3320",93,"santo","2","8","Italian","L1"
"3321",93,"negativo","5","2","Italian","L1"
"3322",93,"cattivo","6","2","Italian","L1"
"3323",93,"indiscreta","6","4","Italian","L1"
"3324",93,"scortese","5","3","Italian","L1"
"3325",93,"crudele","8","1","Italian","L1"
"3326",93,"cauta","3","7","Italian","L1"
"3327",93,"tesoro","1","9","Italian","L1"
"3328",93,"bugiarda","9","1","Italian","L1"
"3329",105,"paziente","2","7","Italian","L1"
"3330",105,"bugiarda","6","2","Italian","L1"
"3331",105,"santo","2","8","Italian","L1"
"3332",105,"pigra","4","3","Italian","L1"
"3333",105,"riservata","2","6","Italian","L1"
"3334",105,"indiscreta","5","3","Italian","L1"
"3335",105,"elegante","3","7","Italian","L1"
"3336",105,"scortese","5","2","Italian","L1"
"3337",105,"demone","7","2","Italian","L1"
"3338",105,"cattivo","5","2","Italian","L1"
"3339",105,"inaffidabile","5","2","Italian","L1"
"3340",105,"gentile","2","8","Italian","L1"
"3341",105,"tesoro","3","9","Italian","L1"
"3342",105,"leale","3","8","Italian","L1"
"3343",105,"positivo","4","8","Italian","L1"
"3344",105,"negativo","4","2","Italian","L1"
"3345",105,"scrupolosa","3","7","Italian","L1"
"3346",105,"stronzo","8","1","Italian","L1"
"3347",105,"buono","2","7","Italian","L1"
"3348",105,"affidabile","3","8","Italian","L1"
"3349",105,"saggia","2","8","Italian","L1"
"3350",105,"osceno","7","1","Italian","L1"
"3351",105,"cauta","2","6","Italian","L1"
"3352",105,"sleale","6","2","Italian","L1"
"3353",105,"crudele","7","1","Italian","L1"
"3354",105,"meschina","5","2","Italian","L1"
"3355",254,"gentile","1","6","Italian","L1"
"3356",254,"santo","4","4","Italian","L1"
"3357",254,"stronzo","8","7","Italian","L1"
"3358",254,"elegante","5","3","Italian","L1"
"3359",254,"scortese","6","2","Italian","L1"
"3360",254,"cattivo","7","5","Italian","L1"
"3361",254,"crudele","6","3","Italian","L1"
"3362",254,"scrupolosa","6","7","Italian","L1"
"3363",254,"paziente","4","8","Italian","L1"
"3364",254,"buono","5","7","Italian","L1"
"3365",254,"bugiarda","8","3","Italian","L1"
"3366",254,"indiscreta","5","3","Italian","L1"
"3367",254,"positivo","4","5","Italian","L1"
"3368",254,"tesoro","5","5","Italian","L1"
"3369",254,"affidabile","2","7","Italian","L1"
"3370",254,"demone","6","5","Italian","L1"
"3371",254,"pigra","6","5","Italian","L1"
"3372",254,"osceno","5","4","Italian","L1"
"3373",254,"riservata","3","6","Italian","L1"
"3374",254,"meschina","5","2","Italian","L1"
"3375",254,"inaffidabile","8","3","Italian","L1"
"3376",254,"sleale","6","2","Italian","L1"
"3377",254,"leale","3","7","Italian","L1"
"3378",254,"cauta","3","6","Italian","L1"
"3379",254,"saggia","1","7","Italian","L1"
"3380",254,"negativo","5","2","Italian","L1"
"3381",110,"cattivo","6","5","Italian","L1"
"3382",110,"demone","7","5","Italian","L1"
"3383",110,"riservata","2","5","Italian","L1"
"3384",110,"buono","5","7","Italian","L1"
"3385",110,"sleale","5","4","Italian","L1"
"3386",110,"affidabile","5","5","Italian","L1"
"3387",110,"osceno","5","3","Italian","L1"
"3388",110,"inaffidabile","5","2","Italian","L1"
"3389",110,"elegante","8","7","Italian","L1"
"3390",110,"leale","4","9","Italian","L1"
"3391",110,"stronzo","4","3","Italian","L1"
"3392",110,"paziente","5","5","Italian","L1"
"3393",110,"positivo","5","5","Italian","L1"
"3394",110,"meschina","6","1","Italian","L1"
"3395",110,"bugiarda","6","5","Italian","L1"
"3396",110,"cauta","3","5","Italian","L1"
"3397",110,"santo","1","3","Italian","L1"
"3398",110,"indiscreta","5","5","Italian","L1"
"3399",110,"saggia","5","5","Italian","L1"
"3400",110,"scortese","5","5","Italian","L1"
"3401",110,"pigra","5","5","Italian","L1"
"3402",110,"tesoro","5","5","Italian","L1"
"3403",110,"gentile","3","6","Italian","L1"
"3404",110,"negativo","5","5","Italian","L1"
"3405",110,"crudele","7","3","Italian","L1"
"3406",110,"scrupolosa","5","5","Italian","L1"
"3407",198,"buono","1","9","Italian","L1"
"3408",198,"demone","9","1","Italian","L1"
"3409",198,"osceno","5","1","Italian","L1"
"3410",198,"negativo","5","1","Italian","L1"
"3411",198,"crudele","5","1","Italian","L1"
"3412",198,"cattivo","5","1","Italian","L1"
"3413",198,"pigra","5","1","Italian","L1"
"3414",198,"elegante","9","9","Italian","L1"
"3415",198,"bugiarda","5","1","Italian","L1"
"3416",198,"positivo","5","1","Italian","L1"
"3417",198,"santo","1","9","Italian","L1"
"3418",198,"meschina","5","1","Italian","L1"
"3419",198,"tesoro","1","9","Italian","L1"
"3420",198,"inaffidabile","5","1","Italian","L1"
"3421",198,"paziente","1","9","Italian","L1"
"3422",198,"sleale","5","1","Italian","L1"
"3423",198,"riservata","4","6","Italian","L1"
"3424",198,"affidabile","1","9","Italian","L1"
"3425",198,"stronzo","5","1","Italian","L1"
"3426",198,"gentile","1","9","Italian","L1"
"3427",198,"scortese","5","1","Italian","L1"
"3428",198,"saggia","1","9","Italian","L1"
"3429",198,"scrupolosa","1","9","Italian","L1"
"3430",198,"leale","1","9","Italian","L1"
"3431",198,"cauta","1","9","Italian","L1"
"3432",198,"indiscreta","5","1","Italian","L1"
"3433",89,"scrupolosa","2","8","Italian","L1"
"3434",89,"positivo","5","8","Italian","L1"
"3435",89,"cattivo","8","2","Italian","L1"
"3436",89,"elegante","6","7","Italian","L1"
"3437",89,"cauta","2","8","Italian","L1"
"3438",89,"santo","2","8","Italian","L1"
"3439",89,"gentile","2","8","Italian","L1"
"3440",89,"bugiarda","8","2","Italian","L1"
"3441",89,"riservata","1","7","Italian","L1"
"3442",89,"inaffidabile","4","3","Italian","L1"
"3443",89,"osceno","8","2","Italian","L1"
"3444",89,"affidabile","5","8","Italian","L1"
"3445",89,"paziente","1","7","Italian","L1"
"3446",89,"sleale","8","2","Italian","L1"
"3447",89,"pigra","4","4","Italian","L1"
"3448",89,"tesoro","8","9","Italian","L1"
"3449",89,"meschina","9","1","Italian","L1"
"3450",89,"leale","1","8","Italian","L1"
"3451",89,"buono","2","9","Italian","L1"
"3452",89,"stronzo","9","1","Italian","L1"
"3453",89,"saggia","2","8","Italian","L1"
"3454",89,"demone","9","1","Italian","L1"
"3455",89,"indiscreta","5","3","Italian","L1"
"3456",89,"crudele","9","1","Italian","L1"
"3457",89,"negativo","7","4","Italian","L1"
"3458",89,"scortese","7","2","Italian","L1"
"3459",16,"affidabile","2","7","Italian","L1"
"3460",16,"tesoro","5","7","Italian","L1"
"3461",16,"bugiarda","5","5","Italian","L1"
"3462",16,"paziente","1","7","Italian","L1"
"3463",16,"cauta","1","6","Italian","L1"
"3464",16,"sleale","6","4","Italian","L1"
"3465",16,"pigra","5","4","Italian","L1"
"3466",16,"scortese","5","4","Italian","L1"
"3467",16,"saggia","1","8","Italian","L1"
"3468",16,"osceno","5","3","Italian","L1"
"3469",16,"buono","1","8","Italian","L1"
"3470",16,"cattivo","5","3","Italian","L1"
"3471",16,"positivo","1","7","Italian","L1"
"3472",16,"meschina","5","4","Italian","L1"
"3473",16,"elegante","7","7","Italian","L1"
"3474",16,"gentile","6","8","Italian","L1"
"3475",16,"riservata","5","5","Italian","L1"
"3476",16,"leale","1","6","Italian","L1"
"3477",16,"negativo","5","5","Italian","L1"
"3478",16,"scrupolosa","2","7","Italian","L1"
"3479",16,"crudele","5","3","Italian","L1"
"3480",16,"santo","5","5","Italian","L1"
"3481",16,"stronzo","6","4","Italian","L1"
"3482",16,"indiscreta","5","6","Italian","L1"
"3483",16,"inaffidabile","7","4","Italian","L1"
"3484",16,"demone","6","4","Italian","L1"
"3485",244,"positivo","8","6","Italian","L1"
"3486",244,"scrupolosa","5","3","Italian","L1"
"3487",244,"cauta","2","7","Italian","L1"
"3488",244,"tesoro","3","7","Italian","L1"
"3489",244,"elegante","2","8","Italian","L1"
"3490",244,"santo","6","5","Italian","L1"
"3491",244,"inaffidabile","7","5","Italian","L1"
"3492",244,"osceno","5","2","Italian","L1"
"3493",244,"affidabile","5","7","Italian","L1"
"3494",244,"crudele","5","2","Italian","L1"
"3495",244,"pigra","5","2","Italian","L1"
"3496",244,"demone","7","1","Italian","L1"
"3497",244,"stronzo","5","1","Italian","L1"
"3498",244,"negativo","5","2","Italian","L1"
"3499",244,"meschina","6","2","Italian","L1"
"3500",244,"leale","5","7","Italian","L1"
"3501",244,"sleale","5","2","Italian","L1"
"3502",244,"indiscreta","6","4","Italian","L1"
"3503",244,"bugiarda","4","3","Italian","L1"
"3504",244,"paziente","3","7","Italian","L1"
"3505",244,"cattivo","6","3","Italian","L1"
"3506",244,"riservata","6","5","Italian","L1"
"3507",244,"buono","5","7","Italian","L1"
"3508",244,"gentile","5","7","Italian","L1"
"3509",244,"scortese","4","2","Italian","L1"
"3510",244,"saggia","3","7","Italian","L1"
"3511",164,"riservata","3","5","Italian","L1"
"3512",164,"pigra","5","2","Italian","L1"
"3513",164,"buono","7","9","Italian","L1"
"3514",164,"santo","4","6","Italian","L1"
"3515",164,"negativo","5","1","Italian","L1"
"3516",164,"tesoro","9","9","Italian","L1"
"3517",164,"positivo","9","9","Italian","L1"
"3518",164,"scrupolosa","6","6","Italian","L1"
"3519",164,"crudele","5","1","Italian","L1"
"3520",164,"sleale","5","1","Italian","L1"
"3521",164,"osceno","5","1","Italian","L1"
"3522",164,"bugiarda","5","1","Italian","L1"
"3523",164,"gentile","9","9","Italian","L1"
"3524",164,"saggia","7","8","Italian","L1"
"3525",164,"leale","9","9","Italian","L1"
"3526",164,"cattivo","5","1","Italian","L1"
"3527",164,"cauta","5","6","Italian","L1"
"3528",164,"meschina","5","1","Italian","L1"
"3529",164,"inaffidabile","4","1","Italian","L1"
"3530",164,"indiscreta","5","1","Italian","L1"
"3531",164,"paziente","5","7","Italian","L1"
"3532",164,"affidabile","5","8","Italian","L1"
"3533",164,"demone","5","1","Italian","L1"
"3534",164,"stronzo","5","1","Italian","L1"
"3535",164,"elegante","5","7","Italian","L1"
"3536",164,"scortese","4","1","Italian","L1"
"3537",103,"paziente","1","9","Italian","L1"
"3538",103,"saggia","1","5","Italian","L1"
"3539",103,"negativo","9","1","Italian","L1"
"3540",103,"scrupolosa","1","5","Italian","L1"
"3541",103,"bugiarda","7","1","Italian","L1"
"3542",103,"stronzo","9","1","Italian","L1"
"3543",103,"positivo","1","9","Italian","L1"
"3544",103,"indiscreta","6","1","Italian","L1"
"3545",103,"santo","1","9","Italian","L1"
"3546",103,"meschina","5","1","Italian","L1"
"3547",103,"demone","6","1","Italian","L1"
"3548",103,"tesoro","9","9","Italian","L1"
"3549",103,"crudele","5","1","Italian","L1"
"3550",103,"riservata","1","9","Italian","L1"
"3551",103,"inaffidabile","9","1","Italian","L1"
"3552",103,"sleale","9","1","Italian","L1"
"3553",103,"cauta","1","9","Italian","L1"
"3554",103,"elegante","1","9","Italian","L1"
"3555",103,"scortese","9","1","Italian","L1"
"3556",103,"affidabile","2","9","Italian","L1"
"3557",103,"cattivo","7","1","Italian","L1"
"3558",103,"pigra","9","1","Italian","L1"
"3559",103,"osceno","5","1","Italian","L1"
"3560",103,"gentile","1","9","Italian","L1"
"3561",103,"buono","1","9","Italian","L1"
"3562",103,"leale","1","9","Italian","L1"
"3563",219,"scrupolosa","2","7","Italian","L1"
"3564",219,"inaffidabile","2","2","Italian","L1"
"3565",219,"cattivo","6","1","Italian","L1"
"3566",219,"santo","1","6","Italian","L1"
"3567",219,"riservata","2","7","Italian","L1"
"3568",219,"elegante","3","7","Italian","L1"
"3569",219,"osceno","7","5","Italian","L1"
"3570",219,"positivo","7","8","Italian","L1"
"3571",219,"gentile","6","8","Italian","L1"
"3572",219,"negativo","4","4","Italian","L1"
"3573",219,"affidabile","7","6","Italian","L1"
"3574",219,"tesoro","7","7","Italian","L1"
"3575",219,"crudele","8","2","Italian","L1"
"3576",219,"cauta","5","5","Italian","L1"
"3577",219,"sleale","8","4","Italian","L1"
"3578",219,"paziente","2","6","Italian","L1"
"3579",219,"pigra","5","5","Italian","L1"
"3580",219,"saggia","2","7","Italian","L1"
"3581",219,"stronzo","9","3","Italian","L1"
"3582",219,"demone","8","3","Italian","L1"
"3583",219,"buono","4","7","Italian","L1"
"3584",219,"meschina","9","2","Italian","L1"
"3585",219,"leale","8","8","Italian","L1"
"3586",219,"bugiarda","9","1","Italian","L1"
"3587",219,"scortese","8","1","Italian","L1"
"3588",219,"indiscreta","8","2","Italian","L1"
"3589",79,"osceno","7","3","Italian","L1"
"3590",79,"cauta","3","6","Italian","L1"
"3591",79,"cattivo","7","2","Italian","L1"
"3592",79,"riservata","3","5","Italian","L1"
"3593",79,"inaffidabile","5","2","Italian","L1"
"3594",79,"stronzo","8","2","Italian","L1"
"3595",79,"tesoro","2","9","Italian","L1"
"3596",79,"paziente","2","7","Italian","L1"
"3597",79,"crudele","9","1","Italian","L1"
"3598",79,"bugiarda","8","2","Italian","L1"
"3599",79,"demone","9","3","Italian","L1"
"3600",79,"saggia","1","8","Italian","L1"
"3601",79,"indiscreta","7","3","Italian","L1"
"3602",79,"leale","3","9","Italian","L1"
"3603",79,"positivo","2","9","Italian","L1"
"3604",79,"affidabile","2","8","Italian","L1"
"3605",79,"negativo","5","2","Italian","L1"
"3606",79,"buono","1","9","Italian","L1"
"3607",79,"pigra","2","1","Italian","L1"
"3608",79,"scortese","5","2","Italian","L1"
"3609",79,"scrupolosa","3","7","Italian","L1"
"3610",79,"meschina","8","1","Italian","L1"
"3611",79,"sleale","7","2","Italian","L1"
"3612",79,"santo","3","6","Italian","L1"
"3613",79,"gentile","1","8","Italian","L1"
"3614",79,"elegante","3","8","Italian","L1"
"3615",17,"tesoro","7","7","Italian","L1"
"3616",17,"affidabile","5","8","Italian","L1"
"3617",17,"cauta","4","5","Italian","L1"
"3618",17,"gentile","6","8","Italian","L1"
"3619",17,"demone","5","2","Italian","L1"
"3620",17,"riservata","5","5","Italian","L1"
"3621",17,"scortese","5","4","Italian","L1"
"3622",17,"saggia","3","6","Italian","L1"
"3623",17,"buono","4","8","Italian","L1"
"3624",17,"scrupolosa","2","6","Italian","L1"
"3625",17,"positivo","6","7","Italian","L1"
"3626",17,"santo","5","6","Italian","L1"
"3627",17,"elegante","7","7","Italian","L1"
"3628",17,"osceno","5","3","Italian","L1"
"3629",17,"cattivo","5","2","Italian","L1"
"3630",17,"leale","7","7","Italian","L1"
"3631",17,"meschina","6","2","Italian","L1"
"3632",17,"inaffidabile","5","3","Italian","L1"
"3633",17,"pigra","5","5","Italian","L1"
"3634",17,"bugiarda","6","3","Italian","L1"
"3635",17,"crudele","6","2","Italian","L1"
"3636",17,"negativo","4","4","Italian","L1"
"3637",17,"indiscreta","5","4","Italian","L1"
"3638",17,"stronzo","7","3","Italian","L1"
"3639",17,"paziente","3","6","Italian","L1"
"3640",17,"sleale","5","4","Italian","L1"
"3641",201,"pigra","1","3","Italian","L1"
"3642",201,"riservata","1","3","Italian","L1"
"3643",201,"positivo","7","9","Italian","L1"
"3644",201,"osceno","8","1","Italian","L1"
"3645",201,"stronzo","9","1","Italian","L1"
"3646",201,"santo","1","8","Italian","L1"
"3647",201,"sleale","8","1","Italian","L1"
"3648",201,"cattivo","8","1","Italian","L1"
"3649",201,"negativo","7","1","Italian","L1"
"3650",201,"buono","1","9","Italian","L1"
"3651",201,"scortese","7","3","Italian","L1"
"3652",201,"paziente","1","8","Italian","L1"
"3653",201,"indiscreta","8","2","Italian","L1"
"3654",201,"saggia","1","9","Italian","L1"
"3655",201,"demone","9","2","Italian","L1"
"3656",201,"leale","3","9","Italian","L1"
"3657",201,"gentile","2","9","Italian","L1"
"3658",201,"affidabile","1","9","Italian","L1"
"3659",201,"tesoro","1","9","Italian","L1"
"3660",201,"scrupolosa","8","7","Italian","L1"
"3661",201,"inaffidabile","8","1","Italian","L1"
"3662",201,"meschina","8","1","Italian","L1"
"3663",201,"cauta","1","7","Italian","L1"
"3664",201,"bugiarda","7","1","Italian","L1"
"3665",201,"crudele","8","1","Italian","L1"
"3666",201,"elegante","1","9","Italian","L1"
"3667",75,"positivo","9","9","Italian","L1"
"3668",75,"gentile","1","9","Italian","L1"
"3669",75,"buono","1","9","Italian","L1"
"3670",75,"scortese","5","1","Italian","L1"
"3671",75,"cattivo","5","1","Italian","L1"
"3672",75,"saggia","1","9","Italian","L1"
"3673",75,"bugiarda","9","1","Italian","L1"
"3674",75,"affidabile","1","9","Italian","L1"
"3675",75,"negativo","5","1","Italian","L1"
"3676",75,"inaffidabile","7","1","Italian","L1"
"3677",75,"paziente","1","8","Italian","L1"
"3678",75,"cauta","1","8","Italian","L1"
"3679",75,"santo","1","9","Italian","L1"
"3680",75,"sleale","7","1","Italian","L1"
"3681",75,"leale","1","9","Italian","L1"
"3682",75,"demone","5","1","Italian","L1"
"3683",75,"meschina","8","1","Italian","L1"
"3684",75,"riservata","1","9","Italian","L1"
"3685",75,"osceno","5","1","Italian","L1"
"3686",75,"scrupolosa","1","7","Italian","L1"
"3687",75,"stronzo","9","1","Italian","L1"
"3688",75,"elegante","1","9","Italian","L1"
"3689",75,"pigra","5","1","Italian","L1"
"3690",75,"indiscreta","7","1","Italian","L1"
"3691",75,"tesoro","1","9","Italian","L1"
"3692",75,"crudele","7","1","Italian","L1"
"3693",220,"meschina","3","4","Italian","L1"
"3694",220,"riservata","4","6","Italian","L1"
"3695",220,"scortese","2","6","Italian","L1"
"3696",220,"leale","3","5","Italian","L1"
"3697",220,"negativo","2","4","Italian","L1"
"3698",220,"cauta","2","7","Italian","L1"
"3699",220,"gentile","1","9","Italian","L1"
"3700",220,"pigra","4","3","Italian","L1"
"3701",220,"demone","1","1","Italian","L1"
"3702",220,"santo","1","6","Italian","L1"
"3703",220,"paziente","2","6","Italian","L1"
"3704",220,"elegante","1","5","Italian","L1"
"3705",220,"tesoro","1","7","Italian","L1"
"3706",220,"saggia","2","8","Italian","L1"
"3707",220,"inaffidabile","2","7","Italian","L1"
"3708",220,"scrupolosa","2","7","Italian","L1"
"3709",220,"buono","3","7","Italian","L1"
"3710",220,"affidabile","4","7","Italian","L1"
"3711",220,"stronzo","1","3","Italian","L1"
"3712",220,"sleale","1","1","Italian","L1"
"3713",220,"indiscreta","5","1","Italian","L1"
"3714",220,"cattivo","1","3","Italian","L1"
"3715",220,"crudele","5","1","Italian","L1"
"3716",220,"osceno","3","4","Italian","L1"
"3717",220,"positivo","5","7","Italian","L1"
"3718",220,"bugiarda","2","1","Italian","L1"
"3719",172,"santo","1","7","Italian","L1"
"3720",172,"gentile","6","7","Italian","L1"
"3721",172,"demone","7","1","Italian","L1"
"3722",172,"cauta","1","6","Italian","L1"
"3723",172,"indiscreta","7","1","Italian","L1"
"3724",172,"tesoro","1","9","Italian","L1"
"3725",172,"riservata","1","6","Italian","L1"
"3726",172,"affidabile","1","9","Italian","L1"
"3727",172,"stronzo","7","1","Italian","L1"
"3728",172,"leale","2","9","Italian","L1"
"3729",172,"cattivo","6","1","Italian","L1"
"3730",172,"negativo","5","1","Italian","L1"
"3731",172,"meschina","8","1","Italian","L1"
"3732",172,"osceno","7","1","Italian","L1"
"3733",172,"inaffidabile","8","1","Italian","L1"
"3734",172,"positivo","1","9","Italian","L1"
"3735",172,"scortese","5","1","Italian","L1"
"3736",172,"elegante","4","9","Italian","L1"
"3737",172,"bugiarda","7","1","Italian","L1"
"3738",172,"pigra","2","3","Italian","L1"
"3739",172,"buono","2","7","Italian","L1"
"3740",172,"saggia","1","8","Italian","L1"
"3741",172,"sleale","7","1","Italian","L1"
"3742",172,"scrupolosa","2","7","Italian","L1"
"3743",172,"crudele","8","1","Italian","L1"
"3744",172,"paziente","1","8","Italian","L1"
"3745",298,"sleale","6","1","Italian","L1"
"3746",298,"crudele","7","1","Italian","L1"
"3747",298,"riservata","1","6","Italian","L1"
"3748",298,"inaffidabile","7","1","Italian","L1"
"3749",298,"pigra","2","4","Italian","L1"
"3750",298,"paziente","1","8","Italian","L1"
"3751",298,"indiscreta","5","2","Italian","L1"
"3752",298,"santo","3","7","Italian","L1"
"3753",298,"negativo","7","1","Italian","L1"
"3754",298,"bugiarda","4","1","Italian","L1"
"3755",298,"osceno","5","2","Italian","L1"
"3756",298,"positivo","1","9","Italian","L1"
"3757",298,"affidabile","1","9","Italian","L1"
"3758",298,"leale","2","9","Italian","L1"
"3759",298,"demone","6","1","Italian","L1"
"3760",298,"scrupolosa","3","7","Italian","L1"
"3761",298,"cattivo","7","1","Italian","L1"
"3762",298,"buono","1","9","Italian","L1"
"3763",298,"stronzo","6","2","Italian","L1"
"3764",298,"cauta","1","9","Italian","L1"
"3765",298,"scortese","5","5","Italian","L1"
"3766",298,"saggia","1","8","Italian","L1"
"3767",298,"gentile","1","9","Italian","L1"
"3768",298,"meschina","5","3","Italian","L1"
"3769",298,"elegante","1","9","Italian","L1"
"3770",298,"tesoro","1","9","Italian","L1"
"3771",241,"affidabile","1","9","Italian","L1"
"3772",241,"sleale","9","1","Italian","L1"
"3773",241,"riservata","3","5","Italian","L1"
"3774",241,"gentile","1","9","Italian","L1"
"3775",241,"cattivo","9","1","Italian","L1"
"3776",241,"bugiarda","9","1","Italian","L1"
"3777",241,"santo","2","7","Italian","L1"
"3778",241,"saggia","1","8","Italian","L1"
"3779",241,"indiscreta","9","1","Italian","L1"
"3780",241,"pigra","5","5","Italian","L1"
"3781",241,"paziente","1","9","Italian","L1"
"3782",241,"negativo","9","1","Italian","L1"
"3783",241,"buono","1","9","Italian","L1"
"3784",241,"leale","1","9","Italian","L1"
"3785",241,"stronzo","9","1","Italian","L1"
"3786",241,"scortese","9","1","Italian","L1"
"3787",241,"meschina","9","1","Italian","L1"
"3788",241,"cauta","1","7","Italian","L1"
"3789",241,"demone","9","1","Italian","L1"
"3790",241,"inaffidabile","9","1","Italian","L1"
"3791",241,"positivo","1","9","Italian","L1"
"3792",241,"osceno","9","1","Italian","L1"
"3793",241,"crudele","9","1","Italian","L1"
"3794",241,"scrupolosa","4","6","Italian","L1"
"3795",241,"elegante","5","7","Italian","L1"
"3796",241,"tesoro","1","9","Italian","L1"
"3797",273,"buono","3","9","Italian","L1"
"3798",273,"pigra","4","1","Italian","L1"
"3799",273,"cattivo","7","1","Italian","L1"
"3800",273,"santo","1","8","Italian","L1"
"3801",273,"osceno","8","1","Italian","L1"
"3802",273,"negativo","7","1","Italian","L1"
"3803",273,"indiscreta","5","3","Italian","L1"
"3804",273,"stronzo","9","1","Italian","L1"
"3805",273,"demone","8","1","Italian","L1"
"3806",273,"cauta","7","4","Italian","L1"
"3807",273,"leale","7","9","Italian","L1"
"3808",273,"gentile","6","9","Italian","L1"
"3809",273,"paziente","5","7","Italian","L1"
"3810",273,"riservata","7","4","Italian","L1"
"3811",273,"scrupolosa","4","8","Italian","L1"
"3812",273,"scortese","9","1","Italian","L1"
"3813",273,"tesoro","6","7","Italian","L1"
"3814",273,"positivo","7","9","Italian","L1"
"3815",273,"elegante","4","9","Italian","L1"
"3816",273,"saggia","5","8","Italian","L1"
"3817",273,"affidabile","7","9","Italian","L1"
"3818",273,"bugiarda","7","1","Italian","L1"
"3819",273,"inaffidabile","4","1","Italian","L1"
"3820",273,"meschina","9","1","Italian","L1"
"3821",273,"sleale","9","1","Italian","L1"
"3822",273,"crudele","9","1","Italian","L1"
"3823",166,"positivo","3","8","Italian","L1"
"3824",166,"negativo","5","2","Italian","L1"
"3825",166,"affidabile","2","8","Italian","L1"
"3826",166,"buono","2","8","Italian","L1"
"3827",166,"indiscreta","5","2","Italian","L1"
"3828",166,"inaffidabile","5","1","Italian","L1"
"3829",166,"cauta","1","9","Italian","L1"
"3830",166,"scrupolosa","1","9","Italian","L1"
"3831",166,"paziente","1","9","Italian","L1"
"3832",166,"crudele","3","1","Italian","L1"
"3833",166,"stronzo","4","1","Italian","L1"
"3834",166,"leale","1","9","Italian","L1"
"3835",166,"riservata","1","9","Italian","L1"
"3836",166,"scortese","5","1","Italian","L1"
"3837",166,"osceno","3","1","Italian","L1"
"3838",166,"elegante","1","9","Italian","L1"
"3839",166,"pigra","3","3","Italian","L1"
"3840",166,"santo","2","6","Italian","L1"
"3841",166,"bugiarda","3","1","Italian","L1"
"3842",166,"saggia","1","9","Italian","L1"
"3843",166,"meschina","3","1","Italian","L1"
"3844",166,"gentile","1","9","Italian","L1"
"3845",166,"sleale","3","1","Italian","L1"
"3846",166,"tesoro","1","9","Italian","L1"
"3847",166,"cattivo","4","1","Italian","L1"
"3848",166,"demone","4","1","Italian","L1"
"3849",37,"meschina","9","1","Italian","L1"
"3850",37,"riservata","4","6","Italian","L1"
"3851",37,"leale","1","9","Italian","L1"
"3852",37,"scortese","9","1","Italian","L1"
"3853",37,"positivo","1","9","Italian","L1"
"3854",37,"affidabile","1","9","Italian","L1"
"3855",37,"buono","1","9","Italian","L1"
"3856",37,"saggia","2","9","Italian","L1"
"3857",37,"tesoro","1","9","Italian","L1"
"3858",37,"cauta","5","5","Italian","L1"
"3859",37,"scrupolosa","4","6","Italian","L1"
"3860",37,"bugiarda","9","1","Italian","L1"
"3861",37,"crudele","9","1","Italian","L1"
"3862",37,"cattivo","9","1","Italian","L1"
"3863",37,"santo","1","5","Italian","L1"
"3864",37,"gentile","1","9","Italian","L1"
"3865",37,"demone","9","5","Italian","L1"
"3866",37,"indiscreta","6","4","Italian","L1"
"3867",37,"inaffidabile","9","1","Italian","L1"
"3868",37,"sleale","9","1","Italian","L1"
"3869",37,"paziente","1","7","Italian","L1"
"3870",37,"negativo","9","1","Italian","L1"
"3871",37,"elegante","5","8","Italian","L1"
"3872",37,"pigra","1","7","Italian","L1"
"3873",37,"stronzo","9","1","Italian","L1"
"3874",37,"osceno","7","5","Italian","L1"
"3875",263,"scortese","7","1","Italian","L1"
"3876",263,"stronzo","9","1","Italian","L1"
"3877",263,"cauta","6","8","Italian","L1"
"3878",263,"osceno","9","1","Italian","L1"
"3879",263,"indiscreta","5","1","Italian","L1"
"3880",263,"santo","5","5","Italian","L1"
"3881",263,"sleale","7","1","Italian","L1"
"3882",263,"crudele","7","1","Italian","L1"
"3883",263,"demone","9","1","Italian","L1"
"3884",263,"elegante","2","9","Italian","L1"
"3885",263,"cattivo","9","1","Italian","L1"
"3886",263,"positivo","1","9","Italian","L1"
"3887",263,"riservata","1","9","Italian","L1"
"3888",263,"scrupolosa","5","9","Italian","L1"
"3889",263,"meschina","7","1","Italian","L1"
"3890",263,"tesoro","1","9","Italian","L1"
"3891",263,"negativo","5","1","Italian","L1"
"3892",263,"bugiarda","8","1","Italian","L1"
"3893",263,"buono","1","9","Italian","L1"
"3894",263,"paziente","1","9","Italian","L1"
"3895",263,"inaffidabile","8","1","Italian","L1"
"3896",263,"saggia","1","9","Italian","L1"
"3897",263,"leale","1","9","Italian","L1"
"3898",263,"pigra","5","1","Italian","L1"
"3899",263,"affidabile","1","9","Italian","L1"
"3900",263,"gentile","1","9","Italian","L1"
"3901",78,"tesoro","2","8","Italian","L1"
"3902",78,"scrupolosa","4","6","Italian","L1"
"3903",78,"sleale","4","3","Italian","L1"
"3904",78,"bugiarda","5","1","Italian","L1"
"3905",78,"stronzo","7","1","Italian","L1"
"3906",78,"cauta","1","5","Italian","L1"
"3907",78,"saggia","1","6","Italian","L1"
"3908",78,"osceno","6","1","Italian","L1"
"3909",78,"indiscreta","5","3","Italian","L1"
"3910",78,"gentile","3","8","Italian","L1"
"3911",78,"negativo","4","1","Italian","L1"
"3912",78,"inaffidabile","6","2","Italian","L1"
"3913",78,"paziente","7","7","Italian","L1"
"3914",78,"buono","2","8","Italian","L1"
"3915",78,"positivo","9","9","Italian","L1"
"3916",78,"santo","5","5","Italian","L1"
"3917",78,"leale","4","6","Italian","L1"
"3918",78,"pigra","1","3","Italian","L1"
"3919",78,"meschina","5","1","Italian","L1"
"3920",78,"riservata","3","7","Italian","L1"
"3921",78,"elegante","2","8","Italian","L1"
"3922",78,"demone","9","1","Italian","L1"
"3923",78,"crudele","9","1","Italian","L1"
"3924",78,"affidabile","3","8","Italian","L1"
"3925",78,"scortese","5","1","Italian","L1"
"3926",78,"cattivo","8","1","Italian","L1"
"3927",92,"discreet","5","5","English","L2"
"3928",92,"demon","8","3","English","L2"
"3929",92,"indiscreet","6","3","English","L2"
"3930",92,"good","6","9","English","L2"
"3931",92,"obsecene","8","2","English","L2"
"3932",92,"mean","5","2","English","L2"
"3933",92,"liar","6","2","English","L2"
"3934",92,"graceful","4","8","English","L2"
"3935",92,"negative","5","3","English","L2"
"3936",92,"saint","6","8","English","L2"
"3937",92,"loyal","5","8","English","L2"
"3938",92,"sweetheart","3","8","English","L2"
"3939",92,"reliable","4","8","English","L2"
"3940",92,"disloyal","7","2","English","L2"
"3941",92,"careful","4","6","English","L2"
"3942",92,"cruel","7","1","English","L2"
"3943",92,"patient","4","7","English","L2"
"3944",92,"kind","3","8","English","L2"
"3945",92,"wise","5","8","English","L2"
"3946",92,"cautious","3","6","English","L2"
"3947",92,"rude","5","3","English","L2"
"3948",92,"bad","6","3","English","L2"
"3949",92,"lazy","4","4","English","L2"
"3950",92,"unrealiable","5","4","English","L2"
"3951",92,"positive","4","7","English","L2"
"3952",92,"asshole","7","3","English","L2"
"3953",294,"discreet","3","6","English","L2"
"3954",294,"demon","7","1","English","L2"
"3955",294,"asshole","8","1","English","L2"
"3956",294,"liar","7","3","English","L2"
"3957",294,"loyal","4","8","English","L2"
"3958",294,"cautious","4","6","English","L2"
"3959",294,"positive","7","9","English","L2"
"3960",294,"lazy","1","8","English","L2"
"3961",294,"reliable","3","8","English","L2"
"3962",294,"graceful","2","7","English","L2"
"3963",294,"careful","2","7","English","L2"
"3964",294,"bad","6","4","English","L2"
"3965",294,"mean","7","3","English","L2"
"3966",294,"sweetheart","9","9","English","L2"
"3967",294,"saint","5","6","English","L2"
"3968",294,"kind","3","7","English","L2"
"3969",294,"disloyal","5","4","English","L2"
"3970",294,"rude","7","3","English","L2"
"3971",294,"cruel","7","1","English","L2"
"3972",294,"unrealiable","6","4","English","L2"
"3973",294,"indiscreet","4","4","English","L2"
"3974",294,"wise","4","6","English","L2"
"3975",294,"obsecene","7","2","English","L2"
"3976",294,"patient","2","7","English","L2"
"3977",294,"good","3","7","English","L2"
"3978",294,"negative","4","4","English","L2"
"3979",186,"loyal","1","8","English","L2"
"3980",186,"wise","5","5","English","L2"
"3981",186,"discreet","3","5","English","L2"
"3982",186,"saint","2","5","English","L2"
"3983",186,"liar","5","1","English","L2"
"3984",186,"patient","2","7","English","L2"
"3985",186,"careful","1","5","English","L2"
"3986",186,"demon","5","1","English","L2"
"3987",186,"cautious","1","6","English","L2"
"3988",186,"asshole","5","1","English","L2"
"3989",186,"reliable","5","9","English","L2"
"3990",186,"good","5","9","English","L2"
"3991",186,"sweetheart","5","9","English","L2"
"3992",186,"graceful","5","5","English","L2"
"3993",186,"kind","1","9","English","L2"
"3994",186,"positive","1","9","English","L2"
"3995",186,"lazy","3","4","English","L2"
"3996",186,"cruel","5","1","English","L2"
"3997",186,"unrealiable","6","1","English","L2"
"3998",186,"mean","5","1","English","L2"
"3999",186,"disloyal","5","1","English","L2"
"4000",186,"bad","5","1","English","L2"
"4001",186,"negative","5","1","English","L2"
"4002",186,"obsecene","5","1","English","L2"
"4003",186,"indiscreet","5","1","English","L2"
"4004",186,"rude","5","1","English","L2"
"4005",170,"reliable","3","7","English","L2"
"4006",170,"mean","5","3","English","L2"
"4007",170,"careful","2","5","English","L2"
"4008",170,"liar","5","3","English","L2"
"4009",170,"rude","5","2","English","L2"
"4010",170,"loyal","5","7","English","L2"
"4011",170,"positive","5","7","English","L2"
"4012",170,"sweetheart","6","8","English","L2"
"4013",170,"asshole","5","2","English","L2"
"4014",170,"wise","2","7","English","L2"
"4015",170,"unrealiable","6","2","English","L2"
"4016",170,"good","5","7","English","L2"
"4017",170,"lazy","2","5","English","L2"
"4018",170,"indiscreet","5","4","English","L2"
"4019",170,"cautious","3","5","English","L2"
"4020",170,"discreet","5","6","English","L2"
"4021",170,"kind","6","8","English","L2"
"4022",170,"patient","2","5","English","L2"
"4023",170,"obsecene","7","2","English","L2"
"4024",170,"saint","5","5","English","L2"
"4025",170,"disloyal","5","3","English","L2"
"4026",170,"bad","5","3","English","L2"
"4027",170,"demon","6","3","English","L2"
"4028",170,"cruel","5","2","English","L2"
"4029",170,"graceful","4","4","English","L2"
"4030",170,"negative","5","2","English","L2"
"4031",99,"careful","1","9","English","L2"
"4032",99,"obsecene","1","1","English","L2"
"4033",99,"demon","9","1","English","L2"
"4034",99,"mean","1","1","English","L2"
"4035",99,"positive","9","9","English","L2"
"4036",99,"patient","1","9","English","L2"
"4037",99,"wise","1","9","English","L2"
"4038",99,"sweetheart","9","9","English","L2"
"4039",99,"bad","1","1","English","L2"
"4040",99,"good","1","9","English","L2"
"4041",99,"unrealiable","1","1","English","L2"
"4042",99,"rude","1","1","English","L2"
"4043",99,"liar","1","1","English","L2"
"4044",99,"discreet","1","5","English","L2"
"4045",99,"indiscreet","1","5","English","L2"
"4046",99,"reliable","1","9","English","L2"
"4047",99,"graceful","1","9","English","L2"
"4048",99,"cautious","1","5","English","L2"
"4049",99,"loyal","1","9","English","L2"
"4050",99,"asshole","1","1","English","L2"
"4051",99,"negative","1","1","English","L2"
"4052",99,"cruel","1","1","English","L2"
"4053",99,"disloyal","1","1","English","L2"
"4054",99,"kind","1","9","English","L2"
"4055",99,"lazy","1","1","English","L2"
"4056",99,"saint","1","9","English","L2"
"4057",102,"bad","4","2","English","L2"
"4058",102,"obsecene","6","1","English","L2"
"4059",102,"positive","7","8","English","L2"
"4060",102,"lazy","1","5","English","L2"
"4061",102,"saint","3","5","English","L2"
"4062",102,"cruel","6","1","English","L2"
"4063",102,"rude","7","1","English","L2"
"4064",102,"liar","7","1","English","L2"
"4065",102,"discreet","5","6","English","L2"
"4066",102,"negative","4","1","English","L2"
"4067",102,"reliable","6","7","English","L2"
"4068",102,"sweetheart","6","9","English","L2"
"4069",102,"indiscreet","5","2","English","L2"
"4070",102,"unrealiable","4","2","English","L2"
"4071",102,"loyal","2","8","English","L2"
"4072",102,"good","3","8","English","L2"
"4073",102,"graceful","1","9","English","L2"
"4074",102,"demon","6","2","English","L2"
"4075",102,"mean","7","1","English","L2"
"4076",102,"disloyal","7","1","English","L2"
"4077",102,"cautious","2","6","English","L2"
"4078",102,"patient","1","8","English","L2"
"4079",102,"asshole","6","6","English","L2"
"4080",102,"wise","1","8","English","L2"
"4081",102,"careful","3","7","English","L2"
"4082",102,"kind","2","8","English","L2"
"4083",154,"wise","2","6","English","L2"
"4084",154,"cautious","3","5","English","L2"
"4085",154,"cruel","4","1","English","L2"
"4086",154,"demon","4","4","English","L2"
"4087",154,"loyal","1","9","English","L2"
"4088",154,"obsecene","5","5","English","L2"
"4089",154,"reliable","1","9","English","L2"
"4090",154,"liar","3","2","English","L2"
"4091",154,"good","1","9","English","L2"
"4092",154,"unrealiable","5","1","English","L2"
"4093",154,"negative","3","2","English","L2"
"4094",154,"saint","3","5","English","L2"
"4095",154,"careful","1","9","English","L2"
"4096",154,"rude","3","1","English","L2"
"4097",154,"patient","1","9","English","L2"
"4098",154,"lazy","5","5","English","L2"
"4099",154,"sweetheart","4","9","English","L2"
"4100",154,"indiscreet","5","5","English","L2"
"4101",154,"bad","5","1","English","L2"
"4102",154,"mean","4","1","English","L2"
"4103",154,"asshole","5","2","English","L2"
"4104",154,"disloyal","5","1","English","L2"
"4105",154,"discreet","5","5","English","L2"
"4106",154,"kind","1","9","English","L2"
"4107",154,"graceful","1","9","English","L2"
"4108",154,"positive","5","9","English","L2"
"4109",265,"discreet","3","7","English","L2"
"4110",265,"kind","6","9","English","L2"
"4111",265,"lazy","1","3","English","L2"
"4112",265,"bad","1","1","English","L2"
"4113",265,"cruel","1","1","English","L2"
"4114",265,"demon","7","2","English","L2"
"4115",265,"disloyal","1","1","English","L2"
"4116",265,"unrealiable","1","1","English","L2"
"4117",265,"wise","5","7","English","L2"
"4118",265,"mean","1","1","English","L2"
"4119",265,"indiscreet","2","3","English","L2"
"4120",265,"good","7","8","English","L2"
"4121",265,"sweetheart","7","8","English","L2"
"4122",265,"rude","2","2","English","L2"
"4123",265,"careful","6","8","English","L2"
"4124",265,"reliable","7","8","English","L2"
"4125",265,"liar","2","2","English","L2"
"4126",265,"obsecene","3","2","English","L2"
"4127",265,"cautious","2","5","English","L2"
"4128",265,"asshole","2","2","English","L2"
"4129",265,"loyal","6","7","English","L2"
"4130",265,"positive","8","8","English","L2"
"4131",265,"patient","5","8","English","L2"
"4132",265,"negative","1","2","English","L2"
"4133",265,"graceful","5","6","English","L2"
"4134",265,"saint","5","5","English","L2"
"4135",210,"cruel","6","3","English","L2"
"4136",210,"discreet","5","5","English","L2"
"4137",210,"bad","5","5","English","L2"
"4138",210,"demon","5","5","English","L2"
"4139",210,"negative","5","5","English","L2"
"4140",210,"wise","3","7","English","L2"
"4141",210,"sweetheart","1","7","English","L2"
"4142",210,"disloyal","6","3","English","L2"
"4143",210,"kind","4","6","English","L2"
"4144",210,"liar","6","4","English","L2"
"4145",210,"reliable","5","5","English","L2"
"4146",210,"positive","5","5","English","L2"
"4147",210,"asshole","7","7","English","L2"
"4148",210,"rude","5","4","English","L2"
"4149",210,"good","4","5","English","L2"
"4150",210,"patient","2","7","English","L2"
"4151",210,"lazy","5","3","English","L2"
"4152",210,"obsecene","7","3","English","L2"
"4153",210,"careful","5","5","English","L2"
"4154",210,"cautious","8","2","English","L2"
"4155",210,"mean","6","3","English","L2"
"4156",210,"graceful","1","6","English","L2"
"4157",210,"saint","2","7","English","L2"
"4158",210,"indiscreet","5","5","English","L2"
"4159",210,"loyal","1","6","English","L2"
"4160",210,"unrealiable","7","3","English","L2"
"4161",282,"negative","4","2","English","L2"
"4162",282,"liar","7","1","English","L2"
"4163",282,"wise","2","6","English","L2"
"4164",282,"disloyal","7","1","English","L2"
"4165",282,"obsecene","8","2","English","L2"
"4166",282,"good","9","8","English","L2"
"4167",282,"asshole","8","3","English","L2"
"4168",282,"indiscreet","6","5","English","L2"
"4169",282,"careful","1","7","English","L2"
"4170",282,"unrealiable","7","1","English","L2"
"4171",282,"cautious","1","7","English","L2"
"4172",282,"saint","6","6","English","L2"
"4173",282,"rude","5","3","English","L2"
"4174",282,"reliable","6","8","English","L2"
"4175",282,"graceful","6","7","English","L2"
"4176",282,"loyal","3","8","English","L2"
"4177",282,"discreet","5","6","English","L2"
"4178",282,"patient","3","7","English","L2"
"4179",282,"cruel","7","2","English","L2"
"4180",282,"demon","8","1","English","L2"
"4181",282,"kind","8","9","English","L2"
"4182",282,"lazy","4","4","English","L2"
"4183",282,"bad","6","2","English","L2"
"4184",282,"sweetheart","9","8","English","L2"
"4185",282,"positive","9","9","English","L2"
"4186",282,"mean","7","3","English","L2"
"4187",84,"cautious","5","5","English","L2"
"4188",84,"saint","5","5","English","L2"
"4189",84,"kind","2","2","English","L2"
"4190",84,"disloyal","2","2","English","L2"
"4191",84,"negative","1","1","English","L2"
"4192",84,"rude","1","1","English","L2"
"4193",84,"careful","9","9","English","L2"
"4194",84,"mean","8","8","English","L2"
"4195",84,"bad","1","2","English","L2"
"4196",84,"cruel","1","1","English","L2"
"4197",84,"discreet","5","6","English","L2"
"4198",84,"wise","7","8","English","L2"
"4199",84,"obsecene","1","1","English","L2"
"4200",84,"sweetheart","9","9","English","L2"
"4201",84,"positive","9","9","English","L2"
"4202",84,"lazy","1","1","English","L2"
"4203",84,"graceful","9","9","English","L2"
"4204",84,"demon","1","1","English","L2"
"4205",84,"good","9","8","English","L2"
"4206",84,"indiscreet","1","1","English","L2"
"4207",84,"loyal","9","9","English","L2"
"4208",84,"liar","1","1","English","L2"
"4209",84,"patient","8","8","English","L2"
"4210",84,"reliable","8","8","English","L2"
"4211",84,"unrealiable","1","1","English","L2"
"4212",84,"asshole","1","1","English","L2"
"4213",5,"negative","5","1","English","L2"
"4214",5,"asshole","9","1","English","L2"
"4215",5,"graceful","1","9","English","L2"
"4216",5,"loyal","6","9","English","L2"
"4217",5,"wise","3","8","English","L2"
"4218",5,"cruel","8","1","English","L2"
"4219",5,"lazy","3","4","English","L2"
"4220",5,"rude","6","3","English","L2"
"4221",5,"careful","3","8","English","L2"
"4222",5,"kind","1","9","English","L2"
"4223",5,"patient","1","9","English","L2"
"4224",5,"good","4","7","English","L2"
"4225",5,"disloyal","9","1","English","L2"
"4226",5,"discreet","5","5","English","L2"
"4227",5,"demon","9","1","English","L2"
"4228",5,"bad","7","2","English","L2"
"4229",5,"unrealiable","9","2","English","L2"
"4230",5,"obsecene","9","1","English","L2"
"4231",5,"saint","1","7","English","L2"
"4232",5,"liar","9","1","English","L2"
"4233",5,"mean","7","4","English","L2"
"4234",5,"reliable","1","9","English","L2"
"4235",5,"sweetheart","7","9","English","L2"
"4236",5,"positive","1","9","English","L2"
"4237",5,"cautious","2","7","English","L2"
"4238",5,"indiscreet","8","1","English","L2"
"4239",209,"indiscreet","1","5","English","L2"
"4240",209,"obsecene","7","4","English","L2"
"4241",209,"demon","8","3","English","L2"
"4242",209,"discreet","1","8","English","L2"
"4243",209,"wise","1","9","English","L2"
"4244",209,"bad","7","3","English","L2"
"4245",209,"unrealiable","6","3","English","L2"
"4246",209,"kind","1","9","English","L2"
"4247",209,"lazy","2","4","English","L2"
"4248",209,"cruel","7","2","English","L2"
"4249",209,"asshole","8","2","English","L2"
"4250",209,"rude","8","2","English","L2"
"4251",209,"mean","6","3","English","L2"
"4252",209,"graceful","2","7","English","L2"
"4253",209,"good","1","8","English","L2"
"4254",209,"patient","1","9","English","L2"
"4255",209,"saint","3","9","English","L2"
"4256",209,"reliable","3","8","English","L2"
"4257",209,"positive","2","8","English","L2"
"4258",209,"cautious","2","7","English","L2"
"4259",209,"loyal","2","8","English","L2"
"4260",209,"sweetheart","1","9","English","L2"
"4261",209,"careful","3","6","English","L2"
"4262",209,"liar","5","3","English","L2"
"4263",209,"negative","5","3","English","L2"
"4264",209,"disloyal","4","4","English","L2"
"4265",283,"reliable","3","7","English","L2"
"4266",283,"asshole","3","1","English","L2"
"4267",283,"cruel","1","1","English","L2"
"4268",283,"positive","8","9","English","L2"
"4269",283,"mean","1","3","English","L2"
"4270",283,"disloyal","1","2","English","L2"
"4271",283,"kind","6","9","English","L2"
"4272",283,"graceful","7","9","English","L2"
"4273",283,"discreet","4","9","English","L2"
"4274",283,"loyal","9","9","English","L2"
"4275",283,"wise","9","9","English","L2"
"4276",283,"bad","1","1","English","L2"
"4277",283,"indiscreet","5","4","English","L2"
"4278",283,"liar","7","1","English","L2"
"4279",283,"negative","1","3","English","L2"
"4280",283,"sweetheart","9","9","English","L2"
"4281",283,"good","9","9","English","L2"
"4282",283,"patient","5","8","English","L2"
"4283",283,"saint","3","6","English","L2"
"4284",283,"cautious","5","7","English","L2"
"4285",283,"obsecene","6","3","English","L2"
"4286",283,"unrealiable","3","1","English","L2"
"4287",283,"careful","5","7","English","L2"
"4288",283,"rude","6","3","English","L2"
"4289",283,"demon","8","8","English","L2"
"4290",283,"lazy","5","5","English","L2"
"4291",195,"negative","5","2","English","L2"
"4292",195,"mean","3","1","English","L2"
"4293",195,"unrealiable","2","2","English","L2"
"4294",195,"wise","2","8","English","L2"
"4295",195,"graceful","1","8","English","L2"
"4296",195,"sweetheart","1","9","English","L2"
"4297",195,"loyal","4","9","English","L2"
"4298",195,"disloyal","5","2","English","L2"
"4299",195,"good","1","8","English","L2"
"4300",195,"bad","5","2","English","L2"
"4301",195,"cruel","5","1","English","L2"
"4302",195,"discreet","1","7","English","L2"
"4303",195,"obsecene","5","1","English","L2"
"4304",195,"liar","5","1","English","L2"
"4305",195,"indiscreet","5","1","English","L2"
"4306",195,"careful","1","8","English","L2"
"4307",195,"reliable","1","9","English","L2"
"4308",195,"asshole","6","1","English","L2"
"4309",195,"saint","1","9","English","L2"
"4310",195,"patient","1","9","English","L2"
"4311",195,"cautious","1","8","English","L2"
"4312",195,"lazy","3","1","English","L2"
"4313",195,"rude","5","1","English","L2"
"4314",195,"positive","1","8","English","L2"
"4315",195,"kind","2","9","English","L2"
"4316",195,"demon","5","1","English","L2"
"4317",112,"sweetheart","3","9","English","L2"
"4318",112,"cautious","5","3","English","L2"
"4319",112,"loyal","4","9","English","L2"
"4320",112,"indiscreet","5","2","English","L2"
"4321",112,"lazy","4","2","English","L2"
"4322",112,"discreet","6","3","English","L2"
"4323",112,"positive","2","8","English","L2"
"4324",112,"cruel","5","3","English","L2"
"4325",112,"mean","5","1","English","L2"
"4326",112,"reliable","3","7","English","L2"
"4327",112,"patient","2","3","English","L2"
"4328",112,"graceful","2","2","English","L2"
"4329",112,"negative","5","5","English","L2"
"4330",112,"kind","3","4","English","L2"
"4331",112,"rude","5","3","English","L2"
"4332",112,"asshole","5","3","English","L2"
"4333",112,"demon","5","4","English","L2"
"4334",112,"saint","2","3","English","L2"
"4335",112,"unrealiable","5","4","English","L2"
"4336",112,"careful","1","4","English","L2"
"4337",112,"obsecene","5","4","English","L2"
"4338",112,"disloyal","5","2","English","L2"
"4339",112,"wise","2","6","English","L2"
"4340",112,"liar","5","5","English","L2"
"4341",112,"bad","5","3","English","L2"
"4342",112,"good","5","5","English","L2"
"4343",94,"wise","2","7","English","L2"
"4344",94,"rude","6","2","English","L2"
"4345",94,"positive","8","9","English","L2"
"4346",94,"liar","8","2","English","L2"
"4347",94,"unrealiable","4","3","English","L2"
"4348",94,"loyal","4","8","English","L2"
"4349",94,"kind","8","9","English","L2"
"4350",94,"graceful","6","8","English","L2"
"4351",94,"cruel","9","1","English","L2"
"4352",94,"saint","3","9","English","L2"
"4353",94,"cautious","4","5","English","L2"
"4354",94,"demon","9","1","English","L2"
"4355",94,"obsecene","9","1","English","L2"
"4356",94,"disloyal","7","3","English","L2"
"4357",94,"bad","6","1","English","L2"
"4358",94,"asshole","8","1","English","L2"
"4359",94,"indiscreet","7","3","English","L2"
"4360",94,"sweetheart","8","9","English","L2"
"4361",94,"discreet","3","7","English","L2"
"4362",94,"patient","1","8","English","L2"
"4363",94,"lazy","4","3","English","L2"
"4364",94,"good","7","7","English","L2"
"4365",94,"careful","2","8","English","L2"
"4366",94,"negative","6","2","English","L2"
"4367",94,"reliable","7","8","English","L2"
"4368",94,"mean","7","1","English","L2"
"4369",258,"demon","6","3","English","L2"
"4370",258,"disloyal","4","2","English","L2"
"4371",258,"graceful","2","8","English","L2"
"4372",258,"positive","6","9","English","L2"
"4373",258,"good","3","8","English","L2"
"4374",258,"wise","1","7","English","L2"
"4375",258,"loyal","1","7","English","L2"
"4376",258,"discreet","1","7","English","L2"
"4377",258,"patient","1","8","English","L2"
"4378",258,"bad","5","2","English","L2"
"4379",258,"cruel","8","1","English","L2"
"4380",258,"mean","5","1","English","L2"
"4381",258,"rude","8","1","English","L2"
"4382",258,"careful","3","5","English","L2"
"4383",258,"liar","6","1","English","L2"
"4384",258,"reliable","2","7","English","L2"
"4385",258,"obsecene","7","1","English","L2"
"4386",258,"saint","1","5","English","L2"
"4387",258,"negative","3","1","English","L2"
"4388",258,"lazy","3","1","English","L2"
"4389",258,"sweetheart","6","7","English","L2"
"4390",258,"asshole","8","1","English","L2"
"4391",258,"kind","1","8","English","L2"
"4392",258,"indiscreet","4","3","English","L2"
"4393",258,"unrealiable","6","1","English","L2"
"4394",258,"cautious","3","6","English","L2"
"4395",171,"good","7","8","English","L2"
"4396",171,"saint","1","7","English","L2"
"4397",171,"mean","4","1","English","L2"
"4398",171,"indiscreet","4","3","English","L2"
"4399",171,"liar","7","1","English","L2"
"4400",171,"lazy","1","4","English","L2"
"4401",171,"cautious","1","6","English","L2"
"4402",171,"obsecene","4","1","English","L2"
"4403",171,"rude","7","3","English","L2"
"4404",171,"wise","2","6","English","L2"
"4405",171,"discreet","1","6","English","L2"
"4406",171,"careful","1","6","English","L2"
"4407",171,"cruel","8","2","English","L2"
"4408",171,"sweetheart","8","9","English","L2"
"4409",171,"positive","4","8","English","L2"
"4410",171,"negative","4","2","English","L2"
"4411",171,"unrealiable","5","2","English","L2"
"4412",171,"loyal","5","7","English","L2"
"4413",171,"demon","8","1","English","L2"
"4414",171,"reliable","4","6","English","L2"
"4415",171,"asshole","6","3","English","L2"
"4416",171,"kind","4","7","English","L2"
"4417",171,"disloyal","2","3","English","L2"
"4418",171,"bad","1","3","English","L2"
"4419",171,"patient","2","6","English","L2"
"4420",171,"graceful","5","7","English","L2"
"4421",80,"wise","3","5","English","L2"
"4422",80,"rude","8","4","English","L2"
"4423",80,"good","5","5","English","L2"
"4424",80,"demon","8","2","English","L2"
"4425",80,"mean","8","1","English","L2"
"4426",80,"bad","4","2","English","L2"
"4427",80,"sweetheart","2","8","English","L2"
"4428",80,"asshole","9","2","English","L2"
"4429",80,"unrealiable","5","2","English","L2"
"4430",80,"loyal","4","6","English","L2"
"4431",80,"obsecene","6","1","English","L2"
"4432",80,"discreet","5","6","English","L2"
"4433",80,"negative","6","5","English","L2"
"4434",80,"cautious","4","6","English","L2"
"4435",80,"kind","3","7","English","L2"
"4436",80,"cruel","8","2","English","L2"
"4437",80,"disloyal","4","4","English","L2"
"4438",80,"careful","2","7","English","L2"
"4439",80,"lazy","1","5","English","L2"
"4440",80,"liar","6","4","English","L2"
"4441",80,"reliable","6","6","English","L2"
"4442",80,"positive","3","8","English","L2"
"4443",80,"patient","2","7","English","L2"
"4444",80,"graceful","6","8","English","L2"
"4445",80,"saint","5","5","English","L2"
"4446",80,"indiscreet","3","4","English","L2"
"4447",55,"graceful","2","7","English","L2"
"4448",55,"asshole","7","2","English","L2"
"4449",55,"good","1","8","English","L2"
"4450",55,"rude","5","4","English","L2"
"4451",55,"demon","6","4","English","L2"
"4452",55,"cruel","9","1","English","L2"
"4453",55,"liar","7","3","English","L2"
"4454",55,"lazy","6","3","English","L2"
"4455",55,"bad","9","1","English","L2"
"4456",55,"patient","1","9","English","L2"
"4457",55,"discreet","3","9","English","L2"
"4458",55,"obsecene","5","5","English","L2"
"4459",55,"kind","3","9","English","L2"
"4460",55,"unrealiable","8","3","English","L2"
"4461",55,"mean","9","1","English","L2"
"4462",55,"careful","3","7","English","L2"
"4463",55,"loyal","1","9","English","L2"
"4464",55,"saint","4","7","English","L2"
"4465",55,"wise","3","7","English","L2"
"4466",55,"cautious","5","5","English","L2"
"4467",55,"disloyal","9","1","English","L2"
"4468",55,"positive","2","9","English","L2"
"4469",55,"indiscreet","6","4","English","L2"
"4470",55,"reliable","2","9","English","L2"
"4471",55,"negative","8","1","English","L2"
"4472",55,"sweetheart","2","9","English","L2"
"4473",41,"graceful","3","9","English","L2"
"4474",41,"mean","9","1","English","L2"
"4475",41,"careful","1","8","English","L2"
"4476",41,"asshole","7","2","English","L2"
"4477",41,"negative","9","1","English","L2"
"4478",41,"wise","2","9","English","L2"
"4479",41,"patient","1","9","English","L2"
"4480",41,"cautious","1","7","English","L2"
"4481",41,"bad","9","2","English","L2"
"4482",41,"cruel","9","1","English","L2"
"4483",41,"rude","9","1","English","L2"
"4484",41,"good","9","9","English","L2"
"4485",41,"positive","5","9","English","L2"
"4486",41,"obsecene","9","1","English","L2"
"4487",41,"lazy","7","2","English","L2"
"4488",41,"discreet","1","9","English","L2"
"4489",41,"indiscreet","7","3","English","L2"
"4490",41,"disloyal","9","1","English","L2"
"4491",41,"unrealiable","9","1","English","L2"
"4492",41,"kind","1","9","English","L2"
"4493",41,"sweetheart","1","9","English","L2"
"4494",41,"demon","8","1","English","L2"
"4495",41,"liar","8","1","English","L2"
"4496",41,"reliable","1","9","English","L2"
"4497",41,"loyal","1","9","English","L2"
"4498",41,"saint","2","7","English","L2"
"4499",7,"disloyal","3","1","English","L2"
"4500",7,"kind","1","8","English","L2"
"4501",7,"positive","1","8","English","L2"
"4502",7,"mean","6","1","English","L2"
"4503",7,"loyal","1","8","English","L2"
"4504",7,"rude","4","1","English","L2"
"4505",7,"careful","1","6","English","L2"
"4506",7,"demon","5","3","English","L2"
"4507",7,"liar","6","3","English","L2"
"4508",7,"discreet","5","6","English","L2"
"4509",7,"negative","2","2","English","L2"
"4510",7,"cruel","6","1","English","L2"
"4511",7,"good","1","8","English","L2"
"4512",7,"indiscreet","5","4","English","L2"
"4513",7,"sweetheart","1","7","English","L2"
"4514",7,"lazy","1","5","English","L2"
"4515",7,"wise","1","6","English","L2"
"4516",7,"saint","5","6","English","L2"
"4517",7,"reliable","1","8","English","L2"
"4518",7,"patient","1","7","English","L2"
"4519",7,"asshole","6","2","English","L2"
"4520",7,"bad","3","2","English","L2"
"4521",7,"unrealiable","2","2","English","L2"
"4522",7,"cautious","1","5","English","L2"
"4523",7,"graceful","1","8","English","L2"
"4524",7,"obsecene","7","5","English","L2"
"4525",159,"disloyal","1","1","English","L2"
"4526",159,"negative","1","1","English","L2"
"4527",159,"kind","9","9","English","L2"
"4528",159,"cruel","1","1","English","L2"
"4529",159,"discreet","4","6","English","L2"
"4530",159,"indiscreet","1","3","English","L2"
"4531",159,"good","9","9","English","L2"
"4532",159,"sweetheart","9","9","English","L2"
"4533",159,"reliable","9","9","English","L2"
"4534",159,"liar","2","1","English","L2"
"4535",159,"obsecene","3","2","English","L2"
"4536",159,"saint","1","9","English","L2"
"4537",159,"bad","2","1","English","L2"
"4538",159,"lazy","1","4","English","L2"
"4539",159,"demon","9","5","English","L2"
"4540",159,"mean","3","1","English","L2"
"4541",159,"rude","1","1","English","L2"
"4542",159,"graceful","9","9","English","L2"
"4543",159,"wise","9","9","English","L2"
"4544",159,"unrealiable","1","1","English","L2"
"4545",159,"cautious","6","5","English","L2"
"4546",159,"asshole","6","6","English","L2"
"4547",159,"careful","7","6","English","L2"
"4548",159,"loyal","8","7","English","L2"
"4549",159,"positive","7","9","English","L2"
"4550",159,"patient","8","5","English","L2"
"4551",40,"positive","9","7","English","L2"
"4552",40,"demon","8","3","English","L2"
"4553",40,"reliable","2","6","English","L2"
"4554",40,"saint","1","7","English","L2"
"4555",40,"disloyal","5","5","English","L2"
"4556",40,"unrealiable","5","5","English","L2"
"4557",40,"liar","6","5","English","L2"
"4558",40,"careful","3","6","English","L2"
"4559",40,"lazy","1","4","English","L2"
"4560",40,"sweetheart","7","8","English","L2"
"4561",40,"graceful","8","8","English","L2"
"4562",40,"discreet","1","6","English","L2"
"4563",40,"obsecene","8","3","English","L2"
"4564",40,"cautious","1","5","English","L2"
"4565",40,"good","6","7","English","L2"
"4566",40,"patient","1","6","English","L2"
"4567",40,"rude","6","1","English","L2"
"4568",40,"cruel","7","2","English","L2"
"4569",40,"asshole","9","1","English","L2"
"4570",40,"indiscreet","6","2","English","L2"
"4571",40,"wise","2","6","English","L2"
"4572",40,"mean","8","1","English","L2"
"4573",40,"loyal","1","8","English","L2"
"4574",40,"negative","5","1","English","L2"
"4575",40,"kind","2","8","English","L2"
"4576",40,"bad","5","1","English","L2"
"4577",138,"obsecene","3","4","English","L2"
"4578",138,"disloyal","2","2","English","L2"
"4579",138,"wise","6","7","English","L2"
"4580",138,"loyal","7","7","English","L2"
"4581",138,"cruel","7","3","English","L2"
"4582",138,"asshole","8","7","English","L2"
"4583",138,"kind","2","8","English","L2"
"4584",138,"careful","1","8","English","L2"
"4585",138,"good","3","6","English","L2"
"4586",138,"mean","5","3","English","L2"
"4587",138,"cautious","3","5","English","L2"
"4588",138,"unrealiable","6","3","English","L2"
"4589",138,"indiscreet","2","1","English","L2"
"4590",138,"liar","4","1","English","L2"
"4591",138,"positive","1","8","English","L2"
"4592",138,"discreet","2","5","English","L2"
"4593",138,"lazy","1","1","English","L2"
"4594",138,"graceful","6","6","English","L2"
"4595",138,"patient","1","9","English","L2"
"4596",138,"demon","8","7","English","L2"
"4597",138,"negative","5","3","English","L2"
"4598",138,"reliable","3","7","English","L2"
"4599",138,"rude","8","1","English","L2"
"4600",138,"saint","1","5","English","L2"
"4601",138,"bad","2","4","English","L2"
"4602",138,"sweetheart","9","9","English","L2"
"4603",229,"reliable","1","7","English","L2"
"4604",229,"discreet","1","7","English","L2"
"4605",229,"demon","9","1","English","L2"
"4606",229,"sweetheart","1","9","English","L2"
"4607",229,"loyal","1","7","English","L2"
"4608",229,"patient","1","7","English","L2"
"4609",229,"indiscreet","7","4","English","L2"
"4610",229,"positive","8","8","English","L2"
"4611",229,"cruel","9","1","English","L2"
"4612",229,"graceful","3","9","English","L2"
"4613",229,"lazy","1","3","English","L2"
"4614",229,"cautious","7","2","English","L2"
"4615",229,"wise","1","9","English","L2"
"4616",229,"disloyal","7","1","English","L2"
"4617",229,"kind","1","7","English","L2"
"4618",229,"negative","7","1","English","L2"
"4619",229,"rude","6","1","English","L2"
"4620",229,"saint","3","5","English","L2"
"4621",229,"obsecene","8","1","English","L2"
"4622",229,"bad","7","1","English","L2"
"4623",229,"asshole","8","1","English","L2"
"4624",229,"mean","8","1","English","L2"
"4625",229,"good","1","9","English","L2"
"4626",229,"liar","8","1","English","L2"
"4627",229,"careful","8","5","English","L2"
"4628",229,"unrealiable","9","1","English","L2"
"4629",180,"discreet","3","5","English","L2"
"4630",180,"unrealiable","4","3","English","L2"
"4631",180,"good","8","8","English","L2"
"4632",180,"careful","6","8","English","L2"
"4633",180,"disloyal","5","5","English","L2"
"4634",180,"obsecene","6","1","English","L2"
"4635",180,"saint","3","5","English","L2"
"4636",180,"mean","7","2","English","L2"
"4637",180,"patient","8","8","English","L2"
"4638",180,"rude","5","1","English","L2"
"4639",180,"liar","5","1","English","L2"
"4640",180,"wise","9","9","English","L2"
"4641",180,"cruel","6","2","English","L2"
"4642",180,"indiscreet","5","5","English","L2"
"4643",180,"asshole","5","2","English","L2"
"4644",180,"negative","5","1","English","L2"
"4645",180,"bad","9","1","English","L2"
"4646",180,"lazy","1","6","English","L2"
"4647",180,"reliable","1","8","English","L2"
"4648",180,"sweetheart","9","9","English","L2"
"4649",180,"demon","9","1","English","L2"
"4650",180,"loyal","1","9","English","L2"
"4651",180,"positive","1","9","English","L2"
"4652",180,"kind","1","9","English","L2"
"4653",180,"cautious","6","8","English","L2"
"4654",180,"graceful","9","9","English","L2"
"4655",2,"disloyal","6","2","English","L2"
"4656",2,"bad","8","1","English","L2"
"4657",2,"lazy","3","4","English","L2"
"4658",2,"reliable","3","8","English","L2"
"4659",2,"cruel","6","2","English","L2"
"4660",2,"unrealiable","5","2","English","L2"
"4661",2,"good","6","8","English","L2"
"4662",2,"negative","6","2","English","L2"
"4663",2,"discreet","6","3","English","L2"
"4664",2,"positive","2","9","English","L2"
"4665",2,"liar","6","2","English","L2"
"4666",2,"rude","7","3","English","L2"
"4667",2,"loyal","3","8","English","L2"
"4668",2,"saint","2","8","English","L2"
"4669",2,"demon","6","2","English","L2"
"4670",2,"patient","1","9","English","L2"
"4671",2,"graceful","3","8","English","L2"
"4672",2,"mean","6","2","English","L2"
"4673",2,"indiscreet","5","4","English","L2"
"4674",2,"asshole","6","2","English","L2"
"4675",2,"careful","6","7","English","L2"
"4676",2,"cautious","5","5","English","L2"
"4677",2,"obsecene","6","4","English","L2"
"4678",2,"wise","3","6","English","L2"
"4679",2,"sweetheart","6","8","English","L2"
"4680",2,"kind","2","8","English","L2"
"4681",120,"cruel","6","2","English","L2"
"4682",120,"liar","6","1","English","L2"
"4683",120,"rude","5","2","English","L2"
"4684",120,"reliable","2","6","English","L2"
"4685",120,"loyal","1","8","English","L2"
"4686",120,"graceful","1","8","English","L2"
"4687",120,"obsecene","6","1","English","L2"
"4688",120,"negative","6","2","English","L2"
"4689",120,"indiscreet","5","3","English","L2"
"4690",120,"mean","6","3","English","L2"
"4691",120,"discreet","2","6","English","L2"
"4692",120,"unrealiable","6","3","English","L2"
"4693",120,"sweetheart","1","9","English","L2"
"4694",120,"disloyal","6","1","English","L2"
"4695",120,"saint","1","6","English","L2"
"4696",120,"good","1","7","English","L2"
"4697",120,"lazy","3","3","English","L2"
"4698",120,"careful","1","6","English","L2"
"4699",120,"patient","2","7","English","L2"
"4700",120,"demon","7","1","English","L2"
"4701",120,"asshole","7","1","English","L2"
"4702",120,"positive","1","8","English","L2"
"4703",120,"kind","1","9","English","L2"
"4704",120,"wise","3","7","English","L2"
"4705",120,"bad","7","1","English","L2"
"4706",120,"cautious","2","7","English","L2"
"4707",70,"mean","7","3","English","L2"
"4708",70,"obsecene","7","2","English","L2"
"4709",70,"unrealiable","6","3","English","L2"
"4710",70,"discreet","3","7","English","L2"
"4711",70,"patient","2","8","English","L2"
"4712",70,"indiscreet","6","4","English","L2"
"4713",70,"rude","7","4","English","L2"
"4714",70,"disloyal","7","3","English","L2"
"4715",70,"loyal","2","8","English","L2"
"4716",70,"cautious","3","7","English","L2"
"4717",70,"cruel","9","1","English","L2"
"4718",70,"negative","7","3","English","L2"
"4719",70,"reliable","2","8","English","L2"
"4720",70,"kind","1","9","English","L2"
"4721",70,"good","1","9","English","L2"
"4722",70,"sweetheart","1","9","English","L2"
"4723",70,"liar","8","2","English","L2"
"4724",70,"demon","9","1","English","L2"
"4725",70,"asshole","8","2","English","L2"
"4726",70,"graceful","2","8","English","L2"
"4727",70,"bad","7","3","English","L2"
"4728",70,"careful","4","6","English","L2"
"4729",70,"lazy","5","5","English","L2"
"4730",70,"saint","1","9","English","L2"
"4731",70,"wise","2","8","English","L2"
"4732",70,"positive","2","8","English","L2"
"4733",259,"indiscreet","5","1","English","L2"
"4734",259,"unrealiable","5","1","English","L2"
"4735",259,"careful","6","1","English","L2"
"4736",259,"rude","6","1","English","L2"
"4737",259,"kind","1","9","English","L2"
"4738",259,"obsecene","5","1","English","L2"
"4739",259,"loyal","7","9","English","L2"
"4740",259,"positive","5","9","English","L2"
"4741",259,"liar","6","1","English","L2"
"4742",259,"reliable","5","9","English","L2"
"4743",259,"bad","7","1","English","L2"
"4744",259,"demon","7","7","English","L2"
"4745",259,"patient","1","9","English","L2"
"4746",259,"saint","6","2","English","L2"
"4747",259,"good","3","9","English","L2"
"4748",259,"asshole","7","2","English","L2"
"4749",259,"wise","1","9","English","L2"
"4750",259,"graceful","1","9","English","L2"
"4751",259,"cruel","7","1","English","L2"
"4752",259,"disloyal","7","1","English","L2"
"4753",259,"lazy","6","1","English","L2"
"4754",259,"mean","6","1","English","L2"
"4755",259,"negative","7","1","English","L2"
"4756",259,"discreet","1","9","English","L2"
"4757",259,"cautious","8","1","English","L2"
"4758",259,"sweetheart","1","9","English","L2"
"4759",122,"discreet","5","2","English","L2"
"4760",122,"saint","5","7","English","L2"
"4761",122,"reliable","7","7","English","L2"
"4762",122,"rude","7","3","English","L2"
"4763",122,"asshole","8","8","English","L2"
"4764",122,"demon","5","3","English","L2"
"4765",122,"patient","2","5","English","L2"
"4766",122,"cruel","5","2","English","L2"
"4767",122,"indiscreet","5","2","English","L2"
"4768",122,"sweetheart","3","9","English","L2"
"4769",122,"wise","4","6","English","L2"
"4770",122,"bad","5","2","English","L2"
"4771",122,"negative","3","5","English","L2"
"4772",122,"mean","4","3","English","L2"
"4773",122,"disloyal","5","2","English","L2"
"4774",122,"lazy","5","2","English","L2"
"4775",122,"liar","6","1","English","L2"
"4776",122,"cautious","3","6","English","L2"
"4777",122,"positive","2","7","English","L2"
"4778",122,"graceful","4","8","English","L2"
"4779",122,"unrealiable","4","2","English","L2"
"4780",122,"careful","2","7","English","L2"
"4781",122,"obsecene","4","3","English","L2"
"4782",122,"kind","3","9","English","L2"
"4783",122,"loyal","6","7","English","L2"
"4784",122,"good","2","8","English","L2"
"4785",277,"cautious","3","8","English","L2"
"4786",277,"kind","1","8","English","L2"
"4787",277,"rude","5","3","English","L2"
"4788",277,"demon","7","2","English","L2"
"4789",277,"saint","5","5","English","L2"
"4790",277,"liar","8","3","English","L2"
"4791",277,"discreet","5","5","English","L2"
"4792",277,"disloyal","4","3","English","L2"
"4793",277,"reliable","3","8","English","L2"
"4794",277,"careful","5","9","English","L2"
"4795",277,"sweetheart","7","9","English","L2"
"4796",277,"lazy","3","3","English","L2"
"4797",277,"positive","4","7","English","L2"
"4798",277,"graceful","4","7","English","L2"
"4799",277,"indiscreet","7","3","English","L2"
"4800",277,"loyal","7","6","English","L2"
"4801",277,"bad","8","2","English","L2"
"4802",277,"wise","3","7","English","L2"
"4803",277,"negative","3","3","English","L2"
"4804",277,"obsecene","7","3","English","L2"
"4805",277,"patient","3","8","English","L2"
"4806",277,"mean","7","2","English","L2"
"4807",277,"unrealiable","7","3","English","L2"
"4808",277,"cruel","5","4","English","L2"
"4809",277,"good","3","8","English","L2"
"4810",277,"asshole","5","5","English","L2"
"4811",126,"liar","7","1","English","L2"
"4812",126,"disloyal","7","1","English","L2"
"4813",126,"discreet","1","7","English","L2"
"4814",126,"obsecene","5","3","English","L2"
"4815",126,"patient","1","7","English","L2"
"4816",126,"cruel","7","1","English","L2"
"4817",126,"good","9","9","English","L2"
"4818",126,"wise","1","7","English","L2"
"4819",126,"cautious","1","7","English","L2"
"4820",126,"positive","9","9","English","L2"
"4821",126,"rude","7","1","English","L2"
"4822",126,"lazy","7","3","English","L2"
"4823",126,"careful","1","7","English","L2"
"4824",126,"loyal","1","9","English","L2"
"4825",126,"mean","8","1","English","L2"
"4826",126,"graceful","2","7","English","L2"
"4827",126,"sweetheart","2","8","English","L2"
"4828",126,"saint","4","5","English","L2"
"4829",126,"asshole","6","1","English","L2"
"4830",126,"indiscreet","6","1","English","L2"
"4831",126,"negative","5","1","English","L2"
"4832",126,"unrealiable","6","1","English","L2"
"4833",126,"reliable","1","9","English","L2"
"4834",126,"demon","7","1","English","L2"
"4835",126,"kind","1","9","English","L2"
"4836",126,"bad","5","1","English","L2"
"4837",194,"liar","5","3","English","L2"
"4838",194,"reliable","2","7","English","L2"
"4839",194,"graceful","2","7","English","L2"
"4840",194,"saint","2","8","English","L2"
"4841",194,"good","7","8","English","L2"
"4842",194,"mean","6","3","English","L2"
"4843",194,"demon","7","2","English","L2"
"4844",194,"lazy","2","2","English","L2"
"4845",194,"wise","1","8","English","L2"
"4846",194,"loyal","2","7","English","L2"
"4847",194,"careful","2","7","English","L2"
"4848",194,"obsecene","7","2","English","L2"
"4849",194,"indiscreet","2","2","English","L2"
"4850",194,"bad","5","2","English","L2"
"4851",194,"sweetheart","2","7","English","L2"
"4852",194,"rude","7","2","English","L2"
"4853",194,"disloyal","6","2","English","L2"
"4854",194,"cruel","8","2","English","L2"
"4855",194,"negative","5","2","English","L2"
"4856",194,"patient","2","8","English","L2"
"4857",194,"kind","2","8","English","L2"
"4858",194,"positive","5","8","English","L2"
"4859",194,"asshole","8","2","English","L2"
"4860",194,"unrealiable","3","2","English","L2"
"4861",194,"discreet","2","8","English","L2"
"4862",194,"cautious","1","8","English","L2"
"4863",196,"sweetheart","2","8","English","L2"
"4864",196,"positive","7","9","English","L2"
"4865",196,"graceful","1","8","English","L2"
"4866",196,"reliable","1","8","English","L2"
"4867",196,"mean","6","2","English","L2"
"4868",196,"saint","1","5","English","L2"
"4869",196,"asshole","7","1","English","L2"
"4870",196,"disloyal","7","1","English","L2"
"4871",196,"patient","1","7","English","L2"
"4872",196,"good","4","8","English","L2"
"4873",196,"rude","6","2","English","L2"
"4874",196,"unrealiable","5","2","English","L2"
"4875",196,"wise","1","7","English","L2"
"4876",196,"obsecene","3","2","English","L2"
"4877",196,"indiscreet","6","2","English","L2"
"4878",196,"demon","7","2","English","L2"
"4879",196,"liar","7","2","English","L2"
"4880",196,"cautious","3","7","English","L2"
"4881",196,"discreet","4","7","English","L2"
"4882",196,"careful","2","8","English","L2"
"4883",196,"kind","1","8","English","L2"
"4884",196,"cruel","7","1","English","L2"
"4885",196,"loyal","3","8","English","L2"
"4886",196,"negative","5","2","English","L2"
"4887",196,"bad","5","2","English","L2"
"4888",196,"lazy","2","2","English","L2"
"4889",96,"cruel","6","1","English","L2"
"4890",96,"patient","1","7","English","L2"
"4891",96,"good","9","9","English","L2"
"4892",96,"reliable","9","9","English","L2"
"4893",96,"indiscreet","3","1","English","L2"
"4894",96,"loyal","1","9","English","L2"
"4895",96,"wise","1","7","English","L2"
"4896",96,"obsecene","5","1","English","L2"
"4897",96,"demon","5","1","English","L2"
"4898",96,"graceful","9","9","English","L2"
"4899",96,"cautious","2","8","English","L2"
"4900",96,"bad","4","1","English","L2"
"4901",96,"asshole","8","1","English","L2"
"4902",96,"sweetheart","1","9","English","L2"
"4903",96,"mean","7","1","English","L2"
"4904",96,"negative","1","1","English","L2"
"4905",96,"lazy","1","1","English","L2"
"4906",96,"disloyal","5","1","English","L2"
"4907",96,"unrealiable","5","1","English","L2"
"4908",96,"positive","9","9","English","L2"
"4909",96,"saint","1","7","English","L2"
"4910",96,"liar","5","1","English","L2"
"4911",96,"kind","9","9","English","L2"
"4912",96,"discreet","1","7","English","L2"
"4913",96,"rude","5","1","English","L2"
"4914",96,"careful","1","7","English","L2"
"4915",290,"negative","2","2","English","L2"
"4916",290,"patient","1","7","English","L2"
"4917",290,"indiscreet","2","7","English","L2"
"4918",290,"wise","2","8","English","L2"
"4919",290,"cautious","2","6","English","L2"
"4920",290,"kind","3","7","English","L2"
"4921",290,"mean","2","6","English","L2"
"4922",290,"unrealiable","2","2","English","L2"
"4923",290,"demon","5","5","English","L2"
"4924",290,"asshole","6","5","English","L2"
"4925",290,"liar","6","5","English","L2"
"4926",290,"reliable","1","9","English","L2"
"4927",290,"lazy","2","2","English","L2"
"4928",290,"careful","1","7","English","L2"
"4929",290,"obsecene","2","1","English","L2"
"4930",290,"sweetheart","6","8","English","L2"
"4931",290,"cruel","4","2","English","L2"
"4932",290,"disloyal","3","2","English","L2"
"4933",290,"graceful","2","9","English","L2"
"4934",290,"rude","5","3","English","L2"
"4935",290,"discreet","1","9","English","L2"
"4936",290,"saint","1","7","English","L2"
"4937",290,"good","1","9","English","L2"
"4938",290,"positive","2","9","English","L2"
"4939",290,"bad","4","2","English","L2"
"4940",290,"loyal","1","9","English","L2"
"4941",267,"disloyal","3","3","English","L2"
"4942",267,"kind","3","8","English","L2"
"4943",267,"lazy","5","4","English","L2"
"4944",267,"saint","6","8","English","L2"
"4945",267,"graceful","7","8","English","L2"
"4946",267,"rude","6","2","English","L2"
"4947",267,"bad","6","3","English","L2"
"4948",267,"indiscreet","6","3","English","L2"
"4949",267,"mean","6","3","English","L2"
"4950",267,"liar","5","2","English","L2"
"4951",267,"demon","6","1","English","L2"
"4952",267,"positive","2","8","English","L2"
"4953",267,"cautious","5","5","English","L2"
"4954",267,"obsecene","6","3","English","L2"
"4955",267,"negative","6","3","English","L2"
"4956",267,"wise","4","8","English","L2"
"4957",267,"reliable","3","8","English","L2"
"4958",267,"unrealiable","6","3","English","L2"
"4959",267,"sweetheart","8","8","English","L2"
"4960",267,"discreet","5","7","English","L2"
"4961",267,"patient","5","8","English","L2"
"4962",267,"good","7","8","English","L2"
"4963",267,"loyal","7","8","English","L2"
"4964",267,"cruel","6","1","English","L2"
"4965",267,"careful","5","5","English","L2"
"4966",267,"asshole","6","2","English","L2"
"4967",111,"demon","7","4","English","L2"
"4968",111,"graceful","4","8","English","L2"
"4969",111,"mean","8","3","English","L2"
"4970",111,"positive","6","6","English","L2"
"4971",111,"good","6","9","English","L2"
"4972",111,"obsecene","7","6","English","L2"
"4973",111,"unrealiable","6","3","English","L2"
"4974",111,"careful","2","5","English","L2"
"4975",111,"reliable","1","8","English","L2"
"4976",111,"rude","8","1","English","L2"
"4977",111,"lazy","5","1","English","L2"
"4978",111,"disloyal","8","2","English","L2"
"4979",111,"loyal","6","8","English","L2"
"4980",111,"saint","5","5","English","L2"
"4981",111,"cruel","6","2","English","L2"
"4982",111,"wise","7","9","English","L2"
"4983",111,"negative","6","4","English","L2"
"4984",111,"sweetheart","6","7","English","L2"
"4985",111,"asshole","8","2","English","L2"
"4986",111,"cautious","3","5","English","L2"
"4987",111,"liar","9","1","English","L2"
"4988",111,"patient","3","5","English","L2"
"4989",111,"bad","4","4","English","L2"
"4990",111,"indiscreet","4","4","English","L2"
"4991",111,"kind","7","8","English","L2"
"4992",111,"discreet","5","5","English","L2"
"4993",179,"rude","7","2","English","L2"
"4994",179,"demon","8","3","English","L2"
"4995",179,"cautious","1","6","English","L2"
"4996",179,"patient","2","6","English","L2"
"4997",179,"asshole","8","1","English","L2"
"4998",179,"unrealiable","7","3","English","L2"
"4999",179,"kind","3","9","English","L2"
"5000",179,"sweetheart","2","8","English","L2"
"5001",179,"loyal","1","9","English","L2"
"5002",179,"mean","8","2","English","L2"
"5003",179,"graceful","4","8","English","L2"
"5004",179,"indiscreet","6","4","English","L2"
"5005",179,"obsecene","7","4","English","L2"
"5006",179,"cruel","7","1","English","L2"
"5007",179,"negative","6","3","English","L2"
"5008",179,"careful","5","7","English","L2"
"5009",179,"discreet","4","6","English","L2"
"5010",179,"good","3","8","English","L2"
"5011",179,"lazy","6","3","English","L2"
"5012",179,"bad","7","2","English","L2"
"5013",179,"positive","3","9","English","L2"
"5014",179,"wise","4","8","English","L2"
"5015",179,"reliable","2","8","English","L2"
"5016",179,"liar","6","1","English","L2"
"5017",179,"disloyal","7","2","English","L2"
"5018",179,"saint","2","7","English","L2"
"5019",295,"good","7","9","English","L2"
"5020",295,"saint","6","6","English","L2"
"5021",295,"reliable","5","9","English","L2"
"5022",295,"patient","4","7","English","L2"
"5023",295,"liar","5","1","English","L2"
"5024",295,"asshole","7","1","English","L2"
"5025",295,"careful","6","6","English","L2"
"5026",295,"graceful","1","9","English","L2"
"5027",295,"wise","8","9","English","L2"
"5028",295,"discreet","3","5","English","L2"
"5029",295,"cautious","5","5","English","L2"
"5030",295,"unrealiable","9","1","English","L2"
"5031",295,"lazy","8","1","English","L2"
"5032",295,"cruel","9","1","English","L2"
"5033",295,"negative","8","1","English","L2"
"5034",295,"sweetheart","6","9","English","L2"
"5035",295,"loyal","6","9","English","L2"
"5036",295,"kind","2","9","English","L2"
"5037",295,"indiscreet","9","1","English","L2"
"5038",295,"demon","9","1","English","L2"
"5039",295,"rude","9","1","English","L2"
"5040",295,"bad","6","1","English","L2"
"5041",295,"mean","9","1","English","L2"
"5042",295,"obsecene","6","3","English","L2"
"5043",295,"positive","3","9","English","L2"
"5044",295,"disloyal","7","1","English","L2"
"5045",221,"careful","5","4","English","L2"
"5046",221,"reliable","5","5","English","L2"
"5047",221,"disloyal","5","1","English","L2"
"5048",221,"asshole","6","1","English","L2"
"5049",221,"wise","7","9","English","L2"
"5050",221,"loyal","7","6","English","L2"
"5051",221,"kind","5","7","English","L2"
"5052",221,"sweetheart","8","7","English","L2"
"5053",221,"obsecene","5","1","English","L2"
"5054",221,"cautious","4","4","English","L2"
"5055",221,"discreet","7","5","English","L2"
"5056",221,"mean","2","3","English","L2"
"5057",221,"positive","6","5","English","L2"
"5058",221,"liar","2","2","English","L2"
"5059",221,"lazy","8","3","English","L2"
"5060",221,"demon","7","5","English","L2"
"5061",221,"saint","5","3","English","L2"
"5062",221,"indiscreet","6","6","English","L2"
"5063",221,"patient","5","6","English","L2"
"5064",221,"negative","3","2","English","L2"
"5065",221,"bad","4","3","English","L2"
"5066",221,"good","5","5","English","L2"
"5067",221,"rude","5","7","English","L2"
"5068",221,"unrealiable","5","5","English","L2"
"5069",221,"graceful","5","6","English","L2"
"5070",221,"cruel","4","3","English","L2"
"5071",174,"cruel","6","2","English","L2"
"5072",174,"bad","7","2","English","L2"
"5073",174,"discreet","1","9","English","L2"
"5074",174,"saint","1","9","English","L2"
"5075",174,"loyal","1","9","English","L2"
"5076",174,"indiscreet","4","4","English","L2"
"5077",174,"lazy","6","5","English","L2"
"5078",174,"positive","1","9","English","L2"
"5079",174,"sweetheart","1","9","English","L2"
"5080",174,"rude","6","1","English","L2"
"5081",174,"kind","1","9","English","L2"
"5082",174,"obsecene","5","5","English","L2"
"5083",174,"good","1","9","English","L2"
"5084",174,"cautious","1","9","English","L2"
"5085",174,"liar","9","1","English","L2"
"5086",174,"demon","9","2","English","L2"
"5087",174,"mean","7","2","English","L2"
"5088",174,"disloyal","8","1","English","L2"
"5089",174,"unrealiable","6","1","English","L2"
"5090",174,"graceful","2","9","English","L2"
"5091",174,"reliable","1","9","English","L2"
"5092",174,"careful","1","9","English","L2"
"5093",174,"wise","1","9","English","L2"
"5094",174,"negative","5","1","English","L2"
"5095",174,"patient","1","9","English","L2"
"5096",174,"asshole","8","1","English","L2"
"5097",299,"cruel","5","1","English","L2"
"5098",299,"lazy","3","1","English","L2"
"5099",299,"careful","6","9","English","L2"
"5100",299,"rude","4","1","English","L2"
"5101",299,"discreet","6","7","English","L2"
"5102",299,"saint","5","5","English","L2"
"5103",299,"kind","7","6","English","L2"
"5104",299,"wise","1","9","English","L2"
"5105",299,"unrealiable","2","1","English","L2"
"5106",299,"mean","1","1","English","L2"
"5107",299,"graceful","5","9","English","L2"
"5108",299,"disloyal","1","1","English","L2"
"5109",299,"positive","7","9","English","L2"
"5110",299,"demon","1","1","English","L2"
"5111",299,"reliable","4","6","English","L2"
"5112",299,"indiscreet","3","3","English","L2"
"5113",299,"asshole","1","1","English","L2"
"5114",299,"negative","2","1","English","L2"
"5115",299,"cautious","4","4","English","L2"
"5116",299,"bad","1","1","English","L2"
"5117",299,"liar","2","1","English","L2"
"5118",299,"obsecene","1","1","English","L2"
"5119",299,"good","6","7","English","L2"
"5120",299,"sweetheart","2","6","English","L2"
"5121",299,"loyal","7","8","English","L2"
"5122",299,"patient","6","8","English","L2"
"5123",45,"indiscreet","4","3","English","L2"
"5124",45,"saint","1","9","English","L2"
"5125",45,"bad","1","6","English","L2"
"5126",45,"sweetheart","6","9","English","L2"
"5127",45,"negative","6","2","English","L2"
"5128",45,"positive","9","9","English","L2"
"5129",45,"asshole","7","6","English","L2"
"5130",45,"wise","8","9","English","L2"
"5131",45,"lazy","1","1","English","L2"
"5132",45,"liar","3","1","English","L2"
"5133",45,"demon","6","5","English","L2"
"5134",45,"disloyal","1","1","English","L2"
"5135",45,"good","5","7","English","L2"
"5136",45,"mean","1","1","English","L2"
"5137",45,"unrealiable","1","1","English","L2"
"5138",45,"patient","4","4","English","L2"
"5139",45,"reliable","1","8","English","L2"
"5140",45,"loyal","1","9","English","L2"
"5141",45,"obsecene","1","1","English","L2"
"5142",45,"cruel","1","1","English","L2"
"5143",45,"cautious","4","4","English","L2"
"5144",45,"graceful","3","9","English","L2"
"5145",45,"careful","2","9","English","L2"
"5146",45,"kind","2","9","English","L2"
"5147",45,"rude","1","1","English","L2"
"5148",45,"discreet","5","4","English","L2"
"5149",216,"loyal","9","9","English","L2"
"5150",216,"patient","5","9","English","L2"
"5151",216,"positive","7","9","English","L2"
"5152",216,"saint","5","9","English","L2"
"5153",216,"liar","1","1","English","L2"
"5154",216,"cruel","1","1","English","L2"
"5155",216,"mean","1","1","English","L2"
"5156",216,"bad","1","1","English","L2"
"5157",216,"obsecene","1","1","English","L2"
"5158",216,"rude","1","1","English","L2"
"5159",216,"disloyal","1","1","English","L2"
"5160",216,"sweetheart","9","9","English","L2"
"5161",216,"good","9","9","English","L2"
"5162",216,"negative","1","1","English","L2"
"5163",216,"unrealiable","1","1","English","L2"
"5164",216,"careful","5","5","English","L2"
"5165",216,"demon","1","1","English","L2"
"5166",216,"discreet","5","5","English","L2"
"5167",216,"indiscreet","1","1","English","L2"
"5168",216,"wise","9","9","English","L2"
"5169",216,"asshole","1","1","English","L2"
"5170",216,"kind","9","9","English","L2"
"5171",216,"graceful","9","9","English","L2"
"5172",216,"lazy","5","5","English","L2"
"5173",216,"cautious","5","5","English","L2"
"5174",216,"reliable","9","9","English","L2"
"5175",157,"mean","5","5","English","L2"
"5176",157,"graceful","2","7","English","L2"
"5177",157,"negative","5","3","English","L2"
"5178",157,"bad","5","3","English","L2"
"5179",157,"asshole","5","5","English","L2"
"5180",157,"cautious","2","5","English","L2"
"5181",157,"good","4","7","English","L2"
"5182",157,"saint","2","5","English","L2"
"5183",157,"loyal","4","5","English","L2"
"5184",157,"patient","3","5","English","L2"
"5185",157,"disloyal","5","4","English","L2"
"5186",157,"demon","5","2","English","L2"
"5187",157,"unrealiable","5","4","English","L2"
"5188",157,"wise","3","4","English","L2"
"5189",157,"lazy","3","4","English","L2"
"5190",157,"cruel","5","2","English","L2"
"5191",157,"obsecene","5","1","English","L2"
"5192",157,"reliable","3","6","English","L2"
"5193",157,"sweetheart","3","7","English","L2"
"5194",157,"rude","5","4","English","L2"
"5195",157,"liar","5","4","English","L2"
"5196",157,"discreet","5","5","English","L2"
"5197",157,"kind","3","7","English","L2"
"5198",157,"indiscreet","5","5","English","L2"
"5199",157,"positive","4","7","English","L2"
"5200",157,"careful","4","7","English","L2"
"5201",101,"careful","2","7","English","L2"
"5202",101,"liar","7","1","English","L2"
"5203",101,"positive","2","9","English","L2"
"5204",101,"graceful","3","9","English","L2"
"5205",101,"mean","7","1","English","L2"
"5206",101,"sweetheart","1","9","English","L2"
"5207",101,"good","1","9","English","L2"
"5208",101,"loyal","1","9","English","L2"
"5209",101,"indiscreet","7","3","English","L2"
"5210",101,"obsecene","7","1","English","L2"
"5211",101,"bad","6","2","English","L2"
"5212",101,"lazy","4","3","English","L2"
"5213",101,"rude","6","1","English","L2"
"5214",101,"demon","7","1","English","L2"
"5215",101,"unrealiable","3","7","English","L2"
"5216",101,"disloyal","7","1","English","L2"
"5217",101,"wise","1","9","English","L2"
"5218",101,"patient","1","9","English","L2"
"5219",101,"asshole","6","1","English","L2"
"5220",101,"kind","1","9","English","L2"
"5221",101,"saint","1","9","English","L2"
"5222",101,"discreet","1","9","English","L2"
"5223",101,"reliable","1","9","English","L2"
"5224",101,"cautious","1","9","English","L2"
"5225",101,"negative","6","1","English","L2"
"5226",101,"cruel","8","1","English","L2"
"5227",118,"patient","4","6","English","L2"
"5228",118,"cruel","5","1","English","L2"
"5229",118,"asshole","6","3","English","L2"
"5230",118,"reliable","3","9","English","L2"
"5231",118,"wise","4","9","English","L2"
"5232",118,"cautious","5","6","English","L2"
"5233",118,"bad","6","3","English","L2"
"5234",118,"obsecene","5","2","English","L2"
"5235",118,"loyal","5","9","English","L2"
"5236",118,"kind","3","6","English","L2"
"5237",118,"discreet","5","5","English","L2"
"5238",118,"sweetheart","7","7","English","L2"
"5239",118,"positive","6","7","English","L2"
"5240",118,"careful","7","3","English","L2"
"5241",118,"liar","6","2","English","L2"
"5242",118,"saint","5","4","English","L2"
"5243",118,"graceful","4","6","English","L2"
"5244",118,"rude","8","2","English","L2"
"5245",118,"demon","8","2","English","L2"
"5246",118,"indiscreet","4","4","English","L2"
"5247",118,"good","2","7","English","L2"
"5248",118,"lazy","3","3","English","L2"
"5249",118,"mean","7","2","English","L2"
"5250",118,"negative","6","3","English","L2"
"5251",118,"unrealiable","2","3","English","L2"
"5252",118,"disloyal","7","2","English","L2"
"5253",116,"rude","2","5","English","L2"
"5254",116,"wise","7","9","English","L2"
"5255",116,"asshole","2","2","English","L2"
"5256",116,"obsecene","2","1","English","L2"
"5257",116,"bad","1","4","English","L2"
"5258",116,"discreet","4","6","English","L2"
"5259",116,"lazy","3","2","English","L2"
"5260",116,"cruel","3","4","English","L2"
"5261",116,"patient","6","8","English","L2"
"5262",116,"loyal","9","9","English","L2"
"5263",116,"good","8","9","English","L2"
"5264",116,"saint","9","9","English","L2"
"5265",116,"kind","5","6","English","L2"
"5266",116,"liar","1","1","English","L2"
"5267",116,"disloyal","1","1","English","L2"
"5268",116,"positive","6","7","English","L2"
"5269",116,"careful","6","9","English","L2"
"5270",116,"reliable","5","9","English","L2"
"5271",116,"graceful","5","6","English","L2"
"5272",116,"mean","4","4","English","L2"
"5273",116,"demon","9","5","English","L2"
"5274",116,"unrealiable","1","1","English","L2"
"5275",116,"negative","2","3","English","L2"
"5276",116,"indiscreet","2","1","English","L2"
"5277",116,"sweetheart","7","8","English","L2"
"5278",116,"cautious","7","7","English","L2"
"5279",189,"careful","2","9","English","L2"
"5280",189,"lazy","1","5","English","L2"
"5281",189,"discreet","4","6","English","L2"
"5282",189,"patient","1","7","English","L2"
"5283",189,"asshole","9","1","English","L2"
"5284",189,"rude","9","1","English","L2"
"5285",189,"sweetheart","3","9","English","L2"
"5286",189,"saint","1","9","English","L2"
"5287",189,"bad","9","1","English","L2"
"5288",189,"positive","1","9","English","L2"
"5289",189,"wise","1","9","English","L2"
"5290",189,"kind","1","9","English","L2"
"5291",189,"loyal","3","9","English","L2"
"5292",189,"negative","9","1","English","L2"
"5293",189,"mean","9","1","English","L2"
"5294",189,"cautious","1","5","English","L2"
"5295",189,"disloyal","8","1","English","L2"
"5296",189,"cruel","9","1","English","L2"
"5297",189,"graceful","1","9","English","L2"
"5298",189,"unrealiable","9","1","English","L2"
"5299",189,"indiscreet","8","1","English","L2"
"5300",189,"reliable","1","9","English","L2"
"5301",189,"obsecene","9","1","English","L2"
"5302",189,"liar","9","1","English","L2"
"5303",189,"demon","9","1","English","L2"
"5304",189,"good","1","9","English","L2"
"5305",200,"negative","5","2","English","L2"
"5306",200,"rude","5","1","English","L2"
"5307",200,"graceful","6","7","English","L2"
"5308",200,"good","3","9","English","L2"
"5309",200,"asshole","5","1","English","L2"
"5310",200,"careful","3","5","English","L2"
"5311",200,"lazy","5","4","English","L2"
"5312",200,"indiscreet","5","3","English","L2"
"5313",200,"obsecene","4","1","English","L2"
"5314",200,"disloyal","5","1","English","L2"
"5315",200,"cautious","5","5","English","L2"
"5316",200,"patient","3","6","English","L2"
"5317",200,"liar","5","1","English","L2"
"5318",200,"loyal","8","9","English","L2"
"5319",200,"bad","5","1","English","L2"
"5320",200,"kind","8","9","English","L2"
"5321",200,"discreet","4","5","English","L2"
"5322",200,"unrealiable","5","2","English","L2"
"5323",200,"sweetheart","3","9","English","L2"
"5324",200,"reliable","3","7","English","L2"
"5325",200,"positive","3","7","English","L2"
"5326",200,"mean","5","1","English","L2"
"5327",200,"demon","5","1","English","L2"
"5328",200,"wise","5","4","English","L2"
"5329",200,"cruel","5","1","English","L2"
"5330",200,"saint","5","5","English","L2"
"5331",300,"loyal","5","7","English","L2"
"5332",300,"cautious","3","5","English","L2"
"5333",300,"obsecene","6","2","English","L2"
"5334",300,"rude","5","4","English","L2"
"5335",300,"saint","5","5","English","L2"
"5336",300,"lazy","5","4","English","L2"
"5337",300,"reliable","4","7","English","L2"
"5338",300,"cruel","5","3","English","L2"
"5339",300,"kind","8","8","English","L2"
"5340",300,"asshole","8","5","English","L2"
"5341",300,"discreet","5","5","English","L2"
"5342",300,"bad","6","4","English","L2"
"5343",300,"disloyal","7","1","English","L2"
"5344",300,"demon","5","5","English","L2"
"5345",300,"wise","5","7","English","L2"
"5346",300,"positive","5","5","English","L2"
"5347",300,"patient","2","5","English","L2"
"5348",300,"mean","5","5","English","L2"
"5349",300,"good","3","6","English","L2"
"5350",300,"sweetheart","3","8","English","L2"
"5351",300,"negative","6","2","English","L2"
"5352",300,"unrealiable","6","2","English","L2"
"5353",300,"graceful","6","6","English","L2"
"5354",300,"indiscreet","5","4","English","L2"
"5355",300,"liar","6","4","English","L2"
"5356",300,"careful","3","5","English","L2"
"5357",143,"bad","5","5","English","L2"
"5358",143,"patient","3","7","English","L2"
"5359",143,"discreet","3","6","English","L2"
"5360",143,"loyal","2","7","English","L2"
"5361",143,"obsecene","7","7","English","L2"
"5362",143,"good","6","8","English","L2"
"5363",143,"cruel","6","6","English","L2"
"5364",143,"reliable","2","6","English","L2"
"5365",143,"graceful","2","6","English","L2"
"5366",143,"saint","1","4","English","L2"
"5367",143,"liar","8","3","English","L2"
"5368",143,"positive","5","7","English","L2"
"5369",143,"careful","1","3","English","L2"
"5370",143,"mean","8","1","English","L2"
"5371",143,"disloyal","7","2","English","L2"
"5372",143,"demon","9","1","English","L2"
"5373",143,"kind","3","7","English","L2"
"5374",143,"lazy","5","6","English","L2"
"5375",143,"indiscreet","6","3","English","L2"
"5376",143,"asshole","8","2","English","L2"
"5377",143,"sweetheart","2","6","English","L2"
"5378",143,"wise","5","5","English","L2"
"5379",143,"negative","4","3","English","L2"
"5380",143,"rude","8","1","English","L2"
"5381",143,"unrealiable","4","4","English","L2"
"5382",143,"cautious","2","2","English","L2"
"5383",91,"loyal","7","9","English","L2"
"5384",91,"unrealiable","6","1","English","L2"
"5385",91,"liar","5","1","English","L2"
"5386",91,"negative","1","1","English","L2"
"5387",91,"kind","9","9","English","L2"
"5388",91,"rude","1","1","English","L2"
"5389",91,"sweetheart","9","9","English","L2"
"5390",91,"asshole","5","1","English","L2"
"5391",91,"wise","6","8","English","L2"
"5392",91,"disloyal","5","1","English","L2"
"5393",91,"good","9","9","English","L2"
"5394",91,"indiscreet","9","9","English","L2"
"5395",91,"saint","1","7","English","L2"
"5396",91,"patient","1","8","English","L2"
"5397",91,"lazy","1","5","English","L2"
"5398",91,"careful","6","7","English","L2"
"5399",91,"cruel","8","5","English","L2"
"5400",91,"discreet","2","7","English","L2"
"5401",91,"demon","9","2","English","L2"
"5402",91,"obsecene","9","7","English","L2"
"5403",91,"bad","9","5","English","L2"
"5404",91,"positive","9","9","English","L2"
"5405",91,"reliable","1","9","English","L2"
"5406",91,"cautious","1","9","English","L2"
"5407",91,"graceful","6","9","English","L2"
"5408",91,"mean","1","5","English","L2"
"5409",293,"good","2","9","English","L2"
"5410",293,"lazy","5","3","English","L2"
"5411",293,"graceful","1","9","English","L2"
"5412",293,"obsecene","7","1","English","L2"
"5413",293,"positive","3","7","English","L2"
"5414",293,"kind","2","9","English","L2"
"5415",293,"loyal","1","9","English","L2"
"5416",293,"cruel","6","1","English","L2"
"5417",293,"sweetheart","4","9","English","L2"
"5418",293,"careful","2","7","English","L2"
"5419",293,"discreet","4","5","English","L2"
"5420",293,"demon","7","1","English","L2"
"5421",293,"patient","2","7","English","L2"
"5422",293,"unrealiable","8","2","English","L2"
"5423",293,"saint","1","9","English","L2"
"5424",293,"mean","5","2","English","L2"
"5425",293,"wise","1","8","English","L2"
"5426",293,"asshole","5","4","English","L2"
"5427",293,"rude","6","3","English","L2"
"5428",293,"reliable","3","6","English","L2"
"5429",293,"indiscreet","5","4","English","L2"
"5430",293,"disloyal","7","1","English","L2"
"5431",293,"negative","6","3","English","L2"
"5432",293,"bad","5","2","English","L2"
"5433",293,"cautious","2","6","English","L2"
"5434",293,"liar","8","1","English","L2"
"5435",145,"saint","5","7","English","L2"
"5436",145,"mean","7","2","English","L2"
"5437",145,"good","7","9","English","L2"
"5438",145,"obsecene","8","1","English","L2"
"5439",145,"cruel","9","1","English","L2"
"5440",145,"disloyal","3","1","English","L2"
"5441",145,"reliable","1","9","English","L2"
"5442",145,"careful","2","9","English","L2"
"5443",145,"demon","9","2","English","L2"
"5444",145,"negative","5","1","English","L2"
"5445",145,"asshole","8","1","English","L2"
"5446",145,"liar","5","1","English","L2"
"5447",145,"wise","1","9","English","L2"
"5448",145,"kind","1","9","English","L2"
"5449",145,"graceful","1","9","English","L2"
"5450",145,"sweetheart","5","9","English","L2"
"5451",145,"unrealiable","9","1","English","L2"
"5452",145,"bad","5","1","English","L2"
"5453",145,"lazy","2","5","English","L2"
"5454",145,"cautious","1","5","English","L2"
"5455",145,"discreet","2","5","English","L2"
"5456",145,"patient","1","7","English","L2"
"5457",145,"rude","9","1","English","L2"
"5458",145,"positive","8","9","English","L2"
"5459",145,"loyal","2","9","English","L2"
"5460",145,"indiscreet","6","1","English","L2"
"5461",260,"careful","3","7","English","L2"
"5462",260,"sweetheart","6","8","English","L2"
"5463",260,"kind","2","8","English","L2"
"5464",260,"lazy","5","3","English","L2"
"5465",260,"patient","2","7","English","L2"
"5466",260,"cruel","7","1","English","L2"
"5467",260,"wise","2","7","English","L2"
"5468",260,"obsecene","6","1","English","L2"
"5469",260,"graceful","2","8","English","L2"
"5470",260,"liar","5","2","English","L2"
"5471",260,"cautious","2","6","English","L2"
"5472",260,"good","6","6","English","L2"
"5473",260,"saint","1","5","English","L2"
"5474",260,"negative","5","3","English","L2"
"5475",260,"positive","7","7","English","L2"
"5476",260,"unrealiable","5","3","English","L2"
"5477",260,"disloyal","6","2","English","L2"
"5478",260,"demon","9","1","English","L2"
"5479",260,"discreet","3","7","English","L2"
"5480",260,"loyal","2","7","English","L2"
"5481",260,"indiscreet","6","3","English","L2"
"5482",260,"reliable","2","8","English","L2"
"5483",260,"mean","6","3","English","L2"
"5484",260,"rude","7","2","English","L2"
"5485",260,"bad","5","3","English","L2"
"5486",260,"asshole","7","3","English","L2"
"5487",83,"cruel","4","2","English","L2"
"5488",83,"indiscreet","2","3","English","L2"
"5489",83,"careful","3","7","English","L2"
"5490",83,"lazy","3","4","English","L2"
"5491",83,"patient","1","6","English","L2"
"5492",83,"kind","6","8","English","L2"
"5493",83,"graceful","7","7","English","L2"
"5494",83,"liar","3","3","English","L2"
"5495",83,"demon","5","1","English","L2"
"5496",83,"cautious","2","7","English","L2"
"5497",83,"discreet","3","6","English","L2"
"5498",83,"unrealiable","5","2","English","L2"
"5499",83,"rude","6","1","English","L2"
"5500",83,"loyal","2","8","English","L2"
"5501",83,"sweetheart","2","9","English","L2"
"5502",83,"disloyal","5","2","English","L2"
"5503",83,"positive","3","8","English","L2"
"5504",83,"wise","3","8","English","L2"
"5505",83,"reliable","5","8","English","L2"
"5506",83,"saint","3","6","English","L2"
"5507",83,"negative","5","2","English","L2"
"5508",83,"obsecene","4","2","English","L2"
"5509",83,"good","7","8","English","L2"
"5510",83,"asshole","6","2","English","L2"
"5511",83,"mean","5","4","English","L2"
"5512",83,"bad","5","2","English","L2"
"5513",15,"wise","1","9","English","L2"
"5514",15,"discreet","2","7","English","L2"
"5515",15,"positive","8","8","English","L2"
"5516",15,"kind","2","8","English","L2"
"5517",15,"cautious","8","7","English","L2"
"5518",15,"careful","7","5","English","L2"
"5519",15,"cruel","8","1","English","L2"
"5520",15,"sweetheart","2","9","English","L2"
"5521",15,"reliable","2","8","English","L2"
"5522",15,"asshole","5","1","English","L2"
"5523",15,"graceful","3","7","English","L2"
"5524",15,"demon","9","1","English","L2"
"5525",15,"loyal","2","9","English","L2"
"5526",15,"bad","6","1","English","L2"
"5527",15,"liar","8","1","English","L2"
"5528",15,"obsecene","5","1","English","L2"
"5529",15,"patient","2","8","English","L2"
"5530",15,"negative","6","3","English","L2"
"5531",15,"indiscreet","6","1","English","L2"
"5532",15,"saint","5","5","English","L2"
"5533",15,"good","2","8","English","L2"
"5534",15,"mean","6","1","English","L2"
"5535",15,"disloyal","7","1","English","L2"
"5536",15,"lazy","1","1","English","L2"
"5537",15,"rude","7","1","English","L2"
"5538",15,"unrealiable","7","1","English","L2"
"5539",249,"bad","7","2","English","L2"
"5540",249,"kind","1","9","English","L2"
"5541",249,"indiscreet","1","5","English","L2"
"5542",249,"mean","5","1","English","L2"
"5543",249,"negative","5","1","English","L2"
"5544",249,"sweetheart","7","9","English","L2"
"5545",249,"good","1","9","English","L2"
"5546",249,"positive","8","9","English","L2"
"5547",249,"graceful","1","9","English","L2"
"5548",249,"wise","2","5","English","L2"
"5549",249,"liar","5","1","English","L2"
"5550",249,"reliable","4","9","English","L2"
"5551",249,"saint","3","9","English","L2"
"5552",249,"loyal","5","9","English","L2"
"5553",249,"patient","2","5","English","L2"
"5554",249,"careful","5","5","English","L2"
"5555",249,"rude","5","1","English","L2"
"5556",249,"cautious","6","5","English","L2"
"5557",249,"cruel","6","1","English","L2"
"5558",249,"unrealiable","5","1","English","L2"
"5559",249,"demon","5","1","English","L2"
"5560",249,"disloyal","5","1","English","L2"
"5561",249,"lazy","1","1","English","L2"
"5562",249,"asshole","5","1","English","L2"
"5563",249,"obsecene","5","1","English","L2"
"5564",249,"discreet","1","6","English","L2"
"5565",193,"sweetheart","3","8","English","L2"
"5566",193,"disloyal","5","2","English","L2"
"5567",193,"rude","6","2","English","L2"
"5568",193,"kind","4","8","English","L2"
"5569",193,"bad","4","2","English","L2"
"5570",193,"liar","6","2","English","L2"
"5571",193,"saint","1","8","English","L2"
"5572",193,"indiscreet","5","4","English","L2"
"5573",193,"discreet","4","6","English","L2"
"5574",193,"lazy","2","4","English","L2"
"5575",193,"cautious","1","7","English","L2"
"5576",193,"mean","7","1","English","L2"
"5577",193,"cruel","8","1","English","L2"
"5578",193,"obsecene","8","1","English","L2"
"5579",193,"graceful","2","8","English","L2"
"5580",193,"asshole","7","2","English","L2"
"5581",193,"negative","4","1","English","L2"
"5582",193,"unrealiable","6","3","English","L2"
"5583",193,"good","1","8","English","L2"
"5584",193,"reliable","2","7","English","L2"
"5585",193,"wise","1","8","English","L2"
"5586",193,"loyal","2","8","English","L2"
"5587",193,"demon","8","1","English","L2"
"5588",193,"careful","2","8","English","L2"
"5589",193,"positive","6","9","English","L2"
"5590",193,"patient","1","7","English","L2"
"5591",226,"patient","2","7","English","L2"
"5592",226,"unrealiable","5","2","English","L2"
"5593",226,"positive","6","7","English","L2"
"5594",226,"obsecene","6","1","English","L2"
"5595",226,"reliable","3","8","English","L2"
"5596",226,"negative","3","2","English","L2"
"5597",226,"cruel","7","1","English","L2"
"5598",226,"indiscreet","7","3","English","L2"
"5599",226,"bad","6","3","English","L2"
"5600",226,"rude","8","1","English","L2"
"5601",226,"kind","2","9","English","L2"
"5602",226,"cautious","4","5","English","L2"
"5603",226,"liar","7","2","English","L2"
"5604",226,"disloyal","7","1","English","L2"
"5605",226,"wise","3","6","English","L2"
"5606",226,"graceful","2","9","English","L2"
"5607",226,"saint","5","5","English","L2"
"5608",226,"good","3","7","English","L2"
"5609",226,"demon","4","3","English","L2"
"5610",226,"lazy","5","5","English","L2"
"5611",226,"careful","5","5","English","L2"
"5612",226,"loyal","2","8","English","L2"
"5613",226,"discreet","2","6","English","L2"
"5614",226,"mean","8","4","English","L2"
"5615",226,"asshole","8","5","English","L2"
"5616",226,"sweetheart","6","8","English","L2"
"5617",176,"demon","8","3","English","L2"
"5618",176,"bad","6","2","English","L2"
"5619",176,"liar","3","1","English","L2"
"5620",176,"kind","8","8","English","L2"
"5621",176,"disloyal","2","1","English","L2"
"5622",176,"good","5","7","English","L2"
"5623",176,"negative","1","2","English","L2"
"5624",176,"lazy","1","1","English","L2"
"5625",176,"asshole","5","1","English","L2"
"5626",176,"wise","6","6","English","L2"
"5627",176,"discreet","1","6","English","L2"
"5628",176,"careful","7","8","English","L2"
"5629",176,"cruel","7","1","English","L2"
"5630",176,"mean","1","1","English","L2"
"5631",176,"obsecene","7","1","English","L2"
"5632",176,"rude","6","2","English","L2"
"5633",176,"indiscreet","1","1","English","L2"
"5634",176,"unrealiable","1","1","English","L2"
"5635",176,"sweetheart","5","6","English","L2"
"5636",176,"loyal","5","6","English","L2"
"5637",176,"patient","2","6","English","L2"
"5638",176,"positive","5","7","English","L2"
"5639",176,"cautious","5","6","English","L2"
"5640",176,"reliable","4","7","English","L2"
"5641",176,"saint","1","8","English","L2"
"5642",176,"graceful","1","9","English","L2"
"5643",203,"mean","6","6","English","L2"
"5644",203,"demon","4","4","English","L2"
"5645",203,"asshole","9","1","English","L2"
"5646",203,"good","7","4","English","L2"
"5647",203,"liar","6","1","English","L2"
"5648",203,"bad","6","1","English","L2"
"5649",203,"kind","1","9","English","L2"
"5650",203,"negative","1","1","English","L2"
"5651",203,"patient","7","9","English","L2"
"5652",203,"graceful","6","6","English","L2"
"5653",203,"cruel","6","4","English","L2"
"5654",203,"wise","7","5","English","L2"
"5655",203,"saint","8","6","English","L2"
"5656",203,"lazy","7","6","English","L2"
"5657",203,"careful","6","6","English","L2"
"5658",203,"unrealiable","7","7","English","L2"
"5659",203,"obsecene","4","7","English","L2"
"5660",203,"reliable","6","7","English","L2"
"5661",203,"disloyal","7","7","English","L2"
"5662",203,"loyal","7","5","English","L2"
"5663",203,"cautious","7","6","English","L2"
"5664",203,"discreet","7","7","English","L2"
"5665",203,"rude","7","6","English","L2"
"5666",203,"indiscreet","7","7","English","L2"
"5667",203,"sweetheart","6","6","English","L2"
"5668",203,"positive","7","6","English","L2"
"5669",32,"obsecene","5","4","English","L2"
"5670",32,"disloyal","4","3","English","L2"
"5671",32,"reliable","3","4","English","L2"
"5672",32,"discreet","3","5","English","L2"
"5673",32,"cruel","5","4","English","L2"
"5674",32,"lazy","7","4","English","L2"
"5675",32,"saint","5","5","English","L2"
"5676",32,"kind","4","5","English","L2"
"5677",32,"positive","6","6","English","L2"
"5678",32,"careful","7","4","English","L2"
"5679",32,"wise","5","5","English","L2"
"5680",32,"asshole","7","6","English","L2"
"5681",32,"good","7","6","English","L2"
"5682",32,"loyal","8","2","English","L2"
"5683",32,"patient","8","2","English","L2"
"5684",32,"negative","8","2","English","L2"
"5685",32,"bad","7","2","English","L2"
"5686",32,"demon","7","5","English","L2"
"5687",32,"mean","8","3","English","L2"
"5688",32,"cautious","9","1","English","L2"
"5689",32,"indiscreet","9","1","English","L2"
"5690",32,"unrealiable","9","1","English","L2"
"5691",32,"sweetheart","5","5","English","L2"
"5692",32,"liar","9","1","English","L2"
"5693",32,"graceful","6","5","English","L2"
"5694",32,"rude","5","5","English","L2"
"5695",100,"graceful","2","7","English","L2"
"5696",100,"cruel","5","2","English","L2"
"5697",100,"cautious","7","5","English","L2"
"5698",100,"saint","1","9","English","L2"
"5699",100,"disloyal","9","4","English","L2"
"5700",100,"lazy","1","9","English","L2"
"5701",100,"kind","4","9","English","L2"
"5702",100,"obsecene","9","1","English","L2"
"5703",100,"liar","7","4","English","L2"
"5704",100,"negative","9","1","English","L2"
"5705",100,"discreet","5","5","English","L2"
"5706",100,"careful","2","9","English","L2"
"5707",100,"asshole","9","8","English","L2"
"5708",100,"sweetheart","1","9","English","L2"
"5709",100,"good","1","9","English","L2"
"5710",100,"loyal","1","9","English","L2"
"5711",100,"positive","1","9","English","L2"
"5712",100,"patient","3","9","English","L2"
"5713",100,"rude","9","1","English","L2"
"5714",100,"wise","4","9","English","L2"
"5715",100,"unrealiable","1","1","English","L2"
"5716",100,"mean","9","3","English","L2"
"5717",100,"reliable","3","8","English","L2"
"5718",100,"bad","9","1","English","L2"
"5719",100,"demon","8","2","English","L2"
"5720",100,"indiscreet","5","1","English","L2"
"5721",163,"graceful","1","9","English","L2"
"5722",163,"loyal","7","9","English","L2"
"5723",163,"patient","1","7","English","L2"
"5724",163,"obsecene","5","2","English","L2"
"5725",163,"unrealiable","5","2","English","L2"
"5726",163,"reliable","7","8","English","L2"
"5727",163,"lazy","2","1","English","L2"
"5728",163,"careful","2","8","English","L2"
"5729",163,"sweetheart","9","9","English","L2"
"5730",163,"discreet","5","5","English","L2"
"5731",163,"positive","7","9","English","L2"
"5732",163,"indiscreet","2","3","English","L2"
"5733",163,"demon","9","5","English","L2"
"5734",163,"cautious","1","9","English","L2"
"5735",163,"good","9","9","English","L2"
"5736",163,"saint","5","9","English","L2"
"5737",163,"wise","6","9","English","L2"
"5738",163,"bad","5","1","English","L2"
"5739",163,"rude","5","1","English","L2"
"5740",163,"cruel","2","1","English","L2"
"5741",163,"disloyal","8","1","English","L2"
"5742",163,"asshole","9","1","English","L2"
"5743",163,"liar","9","1","English","L2"
"5744",163,"negative","5","1","English","L2"
"5745",163,"mean","5","1","English","L2"
"5746",163,"kind","9","9","English","L2"
"5747",191,"mean","5","5","English","L2"
"5748",191,"careful","8","8","English","L2"
"5749",191,"loyal","9","9","English","L2"
"5750",191,"negative","3","5","English","L2"
"5751",191,"lazy","5","1","English","L2"
"5752",191,"good","9","9","English","L2"
"5753",191,"asshole","2","5","English","L2"
"5754",191,"sweetheart","9","9","English","L2"
"5755",191,"disloyal","5","1","English","L2"
"5756",191,"liar","3","1","English","L2"
"5757",191,"graceful","3","9","English","L2"
"5758",191,"wise","9","9","English","L2"
"5759",191,"bad","4","1","English","L2"
"5760",191,"reliable","9","9","English","L2"
"5761",191,"kind","9","9","English","L2"
"5762",191,"unrealiable","5","1","English","L2"
"5763",191,"cruel","2","1","English","L2"
"5764",191,"indiscreet","2","5","English","L2"
"5765",191,"obsecene","4","1","English","L2"
"5766",191,"positive","1","9","English","L2"
"5767",191,"discreet","5","5","English","L2"
"5768",191,"cautious","3","5","English","L2"
"5769",191,"saint","2","7","English","L2"
"5770",191,"demon","9","9","English","L2"
"5771",191,"patient","1","9","English","L2"
"5772",191,"rude","3","1","English","L2"
"5773",72,"patient","2","7","English","L2"
"5774",72,"disloyal","5","2","English","L2"
"5775",72,"indiscreet","5","4","English","L2"
"5776",72,"liar","5","1","English","L2"
"5777",72,"mean","4","2","English","L2"
"5778",72,"cruel","5","2","English","L2"
"5779",72,"good","5","7","English","L2"
"5780",72,"kind","5","7","English","L2"
"5781",72,"sweetheart","1","9","English","L2"
"5782",72,"asshole","5","2","English","L2"
"5783",72,"demon","5","5","English","L2"
"5784",72,"cautious","5","5","English","L2"
"5785",72,"reliable","3","5","English","L2"
"5786",72,"discreet","3","5","English","L2"
"5787",72,"wise","1","7","English","L2"
"5788",72,"obsecene","5","2","English","L2"
"5789",72,"unrealiable","5","3","English","L2"
"5790",72,"bad","5","5","English","L2"
"5791",72,"positive","5","5","English","L2"
"5792",72,"saint","5","5","English","L2"
"5793",72,"loyal","2","8","English","L2"
"5794",72,"lazy","5","4","English","L2"
"5795",72,"negative","5","5","English","L2"
"5796",72,"careful","4","5","English","L2"
"5797",72,"graceful","3","6","English","L2"
"5798",72,"rude","5","5","English","L2"
"5799",142,"indiscreet","4","1","English","L2"
"5800",142,"disloyal","6","1","English","L2"
"5801",142,"demon","6","1","English","L2"
"5802",142,"sweetheart","8","8","English","L2"
"5803",142,"liar","7","1","English","L2"
"5804",142,"obsecene","6","1","English","L2"
"5805",142,"patient","1","7","English","L2"
"5806",142,"unrealiable","7","4","English","L2"
"5807",142,"reliable","1","6","English","L2"
"5808",142,"negative","5","5","English","L2"
"5809",142,"saint","1","5","English","L2"
"5810",142,"discreet","1","7","English","L2"
"5811",142,"wise","1","8","English","L2"
"5812",142,"graceful","8","8","English","L2"
"5813",142,"positive","5","5","English","L2"
"5814",142,"good","8","8","English","L2"
"5815",142,"lazy","7","1","English","L2"
"5816",142,"careful","3","6","English","L2"
"5817",142,"asshole","7","7","English","L2"
"5818",142,"cruel","8","1","English","L2"
"5819",142,"loyal","1","9","English","L2"
"5820",142,"bad","5","5","English","L2"
"5821",142,"rude","8","1","English","L2"
"5822",142,"kind","1","8","English","L2"
"5823",142,"cautious","5","5","English","L2"
"5824",142,"mean","7","3","English","L2"
"5825",247,"discreet","2","7","English","L2"
"5826",247,"lazy","7","3","English","L2"
"5827",247,"sweetheart","7","8","English","L2"
"5828",247,"loyal","6","7","English","L2"
"5829",247,"bad","5","3","English","L2"
"5830",247,"patient","6","7","English","L2"
"5831",247,"unrealiable","6","4","English","L2"
"5832",247,"obsecene","7","4","English","L2"
"5833",247,"demon","5","4","English","L2"
"5834",247,"asshole","8","5","English","L2"
"5835",247,"mean","7","3","English","L2"
"5836",247,"rude","6","3","English","L2"
"5837",247,"graceful","4","7","English","L2"
"5838",247,"careful","4","6","English","L2"
"5839",247,"negative","5","4","English","L2"
"5840",247,"kind","5","7","English","L2"
"5841",247,"positive","5","7","English","L2"
"5842",247,"saint","4","5","English","L2"
"5843",247,"wise","3","7","English","L2"
"5844",247,"liar","7","3","English","L2"
"5845",247,"good","4","7","English","L2"
"5846",247,"disloyal","6","3","English","L2"
"5847",247,"indiscreet","7","2","English","L2"
"5848",247,"reliable","2","7","English","L2"
"5849",247,"cautious","6","5","English","L2"
"5850",247,"cruel","7","3","English","L2"
"5851",24,"kind","3","9","English","L2"
"5852",24,"obsecene","6","1","English","L2"
"5853",24,"rude","8","1","English","L2"
"5854",24,"graceful","1","8","English","L2"
"5855",24,"demon","9","1","English","L2"
"5856",24,"negative","8","1","English","L2"
"5857",24,"sweetheart","2","8","English","L2"
"5858",24,"positive","3","7","English","L2"
"5859",24,"disloyal","7","2","English","L2"
"5860",24,"lazy","1","3","English","L2"
"5861",24,"bad","6","1","English","L2"
"5862",24,"liar","6","1","English","L2"
"5863",24,"unrealiable","3","1","English","L2"
"5864",24,"wise","6","8","English","L2"
"5865",24,"mean","9","2","English","L2"
"5866",24,"discreet","5","4","English","L2"
"5867",24,"careful","5","5","English","L2"
"5868",24,"loyal","1","7","English","L2"
"5869",24,"indiscreet","6","3","English","L2"
"5870",24,"cruel","9","1","English","L2"
"5871",24,"saint","5","5","English","L2"
"5872",24,"cautious","2","4","English","L2"
"5873",24,"good","3","8","English","L2"
"5874",24,"asshole","4","1","English","L2"
"5875",24,"reliable","5","9","English","L2"
"5876",24,"patient","6","6","English","L2"
"5877",234,"graceful","6","9","English","L2"
"5878",234,"cruel","5","1","English","L2"
"5879",234,"patient","1","6","English","L2"
"5880",234,"asshole","5","1","English","L2"
"5881",234,"reliable","7","9","English","L2"
"5882",234,"rude","5","1","English","L2"
"5883",234,"bad","5","1","English","L2"
"5884",234,"lazy","5","5","English","L2"
"5885",234,"sweetheart","4","6","English","L2"
"5886",234,"discreet","7","6","English","L2"
"5887",234,"kind","3","7","English","L2"
"5888",234,"loyal","1","9","English","L2"
"5889",234,"wise","6","6","English","L2"
"5890",234,"cautious","3","5","English","L2"
"5891",234,"obsecene","6","1","English","L2"
"5892",234,"positive","1","9","English","L2"
"5893",234,"liar","5","1","English","L2"
"5894",234,"unrealiable","6","1","English","L2"
"5895",234,"good","1","9","English","L2"
"5896",234,"indiscreet","5","4","English","L2"
"5897",234,"disloyal","5","1","English","L2"
"5898",234,"mean","5","1","English","L2"
"5899",234,"saint","4","5","English","L2"
"5900",234,"careful","3","6","English","L2"
"5901",234,"negative","5","1","English","L2"
"5902",234,"demon","6","1","English","L2"
"5903",257,"liar","4","1","English","L2"
"5904",257,"good","2","7","English","L2"
"5905",257,"saint","1","5","English","L2"
"5906",257,"discreet","5","5","English","L2"
"5907",257,"reliable","4","7","English","L2"
"5908",257,"unrealiable","5","3","English","L2"
"5909",257,"asshole","8","2","English","L2"
"5910",257,"cruel","7","2","English","L2"
"5911",257,"cautious","8","3","English","L2"
"5912",257,"graceful","3","6","English","L2"
"5913",257,"positive","1","9","English","L2"
"5914",257,"careful","1","9","English","L2"
"5915",257,"obsecene","8","1","English","L2"
"5916",257,"disloyal","6","3","English","L2"
"5917",257,"patient","1","8","English","L2"
"5918",257,"rude","7","4","English","L2"
"5919",257,"mean","5","5","English","L2"
"5920",257,"negative","5","2","English","L2"
"5921",257,"bad","5","2","English","L2"
"5922",257,"lazy","2","4","English","L2"
"5923",257,"demon","7","1","English","L2"
"5924",257,"kind","1","8","English","L2"
"5925",257,"indiscreet","4","4","English","L2"
"5926",257,"loyal","5","7","English","L2"
"5927",257,"wise","2","6","English","L2"
"5928",257,"sweetheart","3","8","English","L2"
"5929",204,"patient","3","5","English","L2"
"5930",204,"reliable","2","5","English","L2"
"5931",204,"unrealiable","1","4","English","L2"
"5932",204,"graceful","1","4","English","L2"
"5933",204,"kind","1","6","English","L2"
"5934",204,"bad","1","4","English","L2"
"5935",204,"cruel","3","3","English","L2"
"5936",204,"rude","2","3","English","L2"
"5937",204,"lazy","2","3","English","L2"
"5938",204,"cautious","1","5","English","L2"
"5939",204,"demon","4","2","English","L2"
"5940",204,"asshole","2","3","English","L2"
"5941",204,"obsecene","3","5","English","L2"
"5942",204,"positive","3","6","English","L2"
"5943",204,"good","1","6","English","L2"
"5944",204,"mean","3","4","English","L2"
"5945",204,"discreet","1","5","English","L2"
"5946",204,"negative","3","3","English","L2"
"5947",204,"wise","1","6","English","L2"
"5948",204,"liar","2","4","English","L2"
"5949",204,"saint","1","4","English","L2"
"5950",204,"indiscreet","2","4","English","L2"
"5951",204,"loyal","2","6","English","L2"
"5952",204,"sweetheart","1","4","English","L2"
"5953",204,"careful","1","6","English","L2"
"5954",204,"disloyal","4","3","English","L2"
"5955",276,"loyal","1","9","English","L2"
"5956",276,"indiscreet","7","4","English","L2"
"5957",276,"reliable","1","9","English","L2"
"5958",276,"graceful","2","8","English","L2"
"5959",276,"rude","7","3","English","L2"
"5960",276,"cruel","1","1","English","L2"
"5961",276,"sweetheart","7","9","English","L2"
"5962",276,"liar","9","4","English","L2"
"5963",276,"cautious","6","5","English","L2"
"5964",276,"negative","3","3","English","L2"
"5965",276,"good","4","7","English","L2"
"5966",276,"bad","4","3","English","L2"
"5967",276,"kind","8","9","English","L2"
"5968",276,"lazy","8","8","English","L2"
"5969",276,"mean","3","7","English","L2"
"5970",276,"unrealiable","8","2","English","L2"
"5971",276,"saint","1","6","English","L2"
"5972",276,"demon","7","5","English","L2"
"5973",276,"positive","6","8","English","L2"
"5974",276,"careful","1","9","English","L2"
"5975",276,"patient","2","8","English","L2"
"5976",276,"disloyal","6","1","English","L2"
"5977",276,"asshole","9","1","English","L2"
"5978",276,"discreet","4","6","English","L2"
"5979",276,"obsecene","9","5","English","L2"
"5980",276,"wise","3","7","English","L2"
"5981",156,"unrealiable","1","1","English","L2"
"5982",156,"wise","9","8","English","L2"
"5983",156,"demon","6","1","English","L2"
"5984",156,"asshole","4","7","English","L2"
"5985",156,"positive","9","9","English","L2"
"5986",156,"cruel","1","1","English","L2"
"5987",156,"cautious","9","9","English","L2"
"5988",156,"obsecene","4","2","English","L2"
"5989",156,"indiscreet","1","1","English","L2"
"5990",156,"discreet","9","9","English","L2"
"5991",156,"disloyal","1","1","English","L2"
"5992",156,"loyal","9","9","English","L2"
"5993",156,"liar","1","1","English","L2"
"5994",156,"lazy","4","4","English","L2"
"5995",156,"rude","1","1","English","L2"
"5996",156,"patient","9","9","English","L2"
"5997",156,"saint","3","3","English","L2"
"5998",156,"good","9","9","English","L2"
"5999",156,"mean","9","9","English","L2"
"6000",156,"negative","1","1","English","L2"
"6001",156,"bad","1","1","English","L2"
"6002",156,"reliable","9","9","English","L2"
"6003",156,"graceful","9","9","English","L2"
"6004",156,"sweetheart","9","9","English","L2"
"6005",156,"careful","9","9","English","L2"
"6006",156,"kind","9","9","English","L2"
"6007",222,"discreet","5","5","English","L2"
"6008",222,"graceful","4","8","English","L2"
"6009",222,"wise","1","9","English","L2"
"6010",222,"good","1","9","English","L2"
"6011",222,"rude","7","1","English","L2"
"6012",222,"loyal","5","9","English","L2"
"6013",222,"careful","4","9","English","L2"
"6014",222,"positive","1","9","English","L2"
"6015",222,"cruel","6","1","English","L2"
"6016",222,"saint","1","9","English","L2"
"6017",222,"liar","7","1","English","L2"
"6018",222,"asshole","8","1","English","L2"
"6019",222,"demon","1","1","English","L2"
"6020",222,"bad","1","1","English","L2"
"6021",222,"reliable","1","8","English","L2"
"6022",222,"obsecene","6","1","English","L2"
"6023",222,"lazy","5","3","English","L2"
"6024",222,"sweetheart","6","9","English","L2"
"6025",222,"disloyal","8","1","English","L2"
"6026",222,"indiscreet","4","1","English","L2"
"6027",222,"kind","5","9","English","L2"
"6028",222,"patient","1","9","English","L2"
"6029",222,"negative","8","1","English","L2"
"6030",222,"cautious","5","5","English","L2"
"6031",222,"unrealiable","4","1","English","L2"
"6032",222,"mean","5","1","English","L2"
"6033",284,"patient","1","8","English","L2"
"6034",284,"indiscreet","7","3","English","L2"
"6035",284,"graceful","1","9","English","L2"
"6036",284,"careful","7","6","English","L2"
"6037",284,"wise","1","9","English","L2"
"6038",284,"lazy","1","2","English","L2"
"6039",284,"unrealiable","7","1","English","L2"
"6040",284,"rude","9","1","English","L2"
"6041",284,"liar","5","1","English","L2"
"6042",284,"disloyal","6","1","English","L2"
"6043",284,"bad","5","1","English","L2"
"6044",284,"obsecene","9","1","English","L2"
"6045",284,"asshole","9","1","English","L2"
"6046",284,"loyal","2","9","English","L2"
"6047",284,"cruel","5","1","English","L2"
"6048",284,"kind","1","9","English","L2"
"6049",284,"negative","5","1","English","L2"
"6050",284,"demon","8","1","English","L2"
"6051",284,"good","1","9","English","L2"
"6052",284,"reliable","1","9","English","L2"
"6053",284,"positive","1","9","English","L2"
"6054",284,"discreet","1","9","English","L2"
"6055",284,"mean","5","1","English","L2"
"6056",284,"saint","2","8","English","L2"
"6057",284,"sweetheart","7","9","English","L2"
"6058",284,"cautious","1","9","English","L2"
"6059",271,"mean","7","4","English","L2"
"6060",271,"loyal","4","8","English","L2"
"6061",271,"rude","7","3","English","L2"
"6062",271,"reliable","4","7","English","L2"
"6063",271,"sweetheart","2","8","English","L2"
"6064",271,"liar","6","3","English","L2"
"6065",271,"good","3","8","English","L2"
"6066",271,"cautious","2","6","English","L2"
"6067",271,"obsecene","8","2","English","L2"
"6068",271,"patient","2","7","English","L2"
"6069",271,"careful","1","7","English","L2"
"6070",271,"bad","6","4","English","L2"
"6071",271,"indiscreet","7","2","English","L2"
"6072",271,"negative","6","4","English","L2"
"6073",271,"asshole","8","6","English","L2"
"6074",271,"cruel","7","2","English","L2"
"6075",271,"disloyal","5","5","English","L2"
"6076",271,"discreet","5","4","English","L2"
"6077",271,"positive","3","7","English","L2"
"6078",271,"demon","7","2","English","L2"
"6079",271,"kind","2","8","English","L2"
"6080",271,"saint","1","8","English","L2"
"6081",271,"lazy","1","7","English","L2"
"6082",271,"unrealiable","5","3","English","L2"
"6083",271,"wise","1","7","English","L2"
"6084",271,"graceful","1","8","English","L2"
"6085",151,"negative","5","1","English","L2"
"6086",151,"positive","7","8","English","L2"
"6087",151,"kind","1","9","English","L2"
"6088",151,"loyal","1","9","English","L2"
"6089",151,"saint","1","9","English","L2"
"6090",151,"disloyal","5","1","English","L2"
"6091",151,"discreet","3","6","English","L2"
"6092",151,"graceful","1","9","English","L2"
"6093",151,"lazy","2","4","English","L2"
"6094",151,"asshole","5","1","English","L2"
"6095",151,"mean","5","1","English","L2"
"6096",151,"wise","1","9","English","L2"
"6097",151,"patient","1","7","English","L2"
"6098",151,"good","6","9","English","L2"
"6099",151,"cautious","2","5","English","L2"
"6100",151,"reliable","1","8","English","L2"
"6101",151,"indiscreet","5","1","English","L2"
"6102",151,"careful","1","6","English","L2"
"6103",151,"rude","5","1","English","L2"
"6104",151,"unrealiable","5","1","English","L2"
"6105",151,"liar","5","1","English","L2"
"6106",151,"demon","5","5","English","L2"
"6107",151,"cruel","5","1","English","L2"
"6108",151,"bad","5","1","English","L2"
"6109",151,"obsecene","5","1","English","L2"
"6110",151,"sweetheart","9","9","English","L2"
"6111",35,"cruel","5","2","English","L2"
"6112",35,"mean","5","2","English","L2"
"6113",35,"reliable","2","6","English","L2"
"6114",35,"graceful","2","7","English","L2"
"6115",35,"disloyal","4","3","English","L2"
"6116",35,"lazy","5","5","English","L2"
"6117",35,"wise","4","6","English","L2"
"6118",35,"positive","6","6","English","L2"
"6119",35,"kind","3","7","English","L2"
"6120",35,"asshole","6","1","English","L2"
"6121",35,"obsecene","7","1","English","L2"
"6122",35,"bad","6","2","English","L2"
"6123",35,"cautious","7","5","English","L2"
"6124",35,"loyal","4","7","English","L2"
"6125",35,"discreet","3","5","English","L2"
"6126",35,"good","3","6","English","L2"
"6127",35,"unrealiable","6","2","English","L2"
"6128",35,"indiscreet","5","5","English","L2"
"6129",35,"rude","6","2","English","L2"
"6130",35,"saint","4","7","English","L2"
"6131",35,"sweetheart","2","7","English","L2"
"6132",35,"demon","8","1","English","L2"
"6133",35,"careful","1","6","English","L2"
"6134",35,"liar","6","2","English","L2"
"6135",35,"negative","5","2","English","L2"
"6136",35,"patient","2","5","English","L2"
"6137",239,"saint","1","5","English","L2"
"6138",239,"cautious","1","6","English","L2"
"6139",239,"demon","7","1","English","L2"
"6140",239,"kind","4","9","English","L2"
"6141",239,"disloyal","6","1","English","L2"
"6142",239,"loyal","9","9","English","L2"
"6143",239,"reliable","3","7","English","L2"
"6144",239,"lazy","1","5","English","L2"
"6145",239,"cruel","7","1","English","L2"
"6146",239,"asshole","8","1","English","L2"
"6147",239,"liar","4","1","English","L2"
"6148",239,"patient","1","6","English","L2"
"6149",239,"positive","2","8","English","L2"
"6150",239,"obsecene","5","1","English","L2"
"6151",239,"wise","1","5","English","L2"
"6152",239,"unrealiable","5","2","English","L2"
"6153",239,"rude","5","3","English","L2"
"6154",239,"bad","1","1","English","L2"
"6155",239,"careful","5","7","English","L2"
"6156",239,"graceful","7","8","English","L2"
"6157",239,"sweetheart","4","8","English","L2"
"6158",239,"good","6","7","English","L2"
"6159",239,"indiscreet","5","5","English","L2"
"6160",239,"discreet","5","5","English","L2"
"6161",239,"mean","5","2","English","L2"
"6162",239,"negative","1","1","English","L2"
"6163",97,"kind","5","8","English","L2"
"6164",97,"loyal","3","9","English","L2"
"6165",97,"reliable","1","9","English","L2"
"6166",97,"obsecene","5","1","English","L2"
"6167",97,"wise","1","9","English","L2"
"6168",97,"cruel","6","1","English","L2"
"6169",97,"lazy","4","1","English","L2"
"6170",97,"patient","1","9","English","L2"
"6171",97,"unrealiable","7","1","English","L2"
"6172",97,"bad","5","1","English","L2"
"6173",97,"positive","1","9","English","L2"
"6174",97,"liar","5","2","English","L2"
"6175",97,"asshole","3","1","English","L2"
"6176",97,"demon","7","1","English","L2"
"6177",97,"mean","6","1","English","L2"
"6178",97,"negative","5","1","English","L2"
"6179",97,"cautious","1","7","English","L2"
"6180",97,"sweetheart","3","9","English","L2"
"6181",97,"careful","2","8","English","L2"
"6182",97,"indiscreet","8","1","English","L2"
"6183",97,"good","3","7","English","L2"
"6184",97,"rude","5","8","English","L2"
"6185",97,"saint","5","5","English","L2"
"6186",97,"disloyal","8","1","English","L2"
"6187",97,"graceful","5","8","English","L2"
"6188",97,"discreet","2","9","English","L2"
"6189",47,"indiscreet","4","4","English","L2"
"6190",47,"bad","5","2","English","L2"
"6191",47,"loyal","6","9","English","L2"
"6192",47,"careful","7","9","English","L2"
"6193",47,"asshole","5","1","English","L2"
"6194",47,"mean","6","5","English","L2"
"6195",47,"saint","6","6","English","L2"
"6196",47,"lazy","6","7","English","L2"
"6197",47,"graceful","7","8","English","L2"
"6198",47,"obsecene","6","3","English","L2"
"6199",47,"sweetheart","8","9","English","L2"
"6200",47,"kind","8","9","English","L2"
"6201",47,"cruel","7","2","English","L2"
"6202",47,"reliable","2","7","English","L2"
"6203",47,"disloyal","6","2","English","L2"
"6204",47,"rude","6","1","English","L2"
"6205",47,"demon","6","2","English","L2"
"6206",47,"unrealiable","5","4","English","L2"
"6207",47,"discreet","2","7","English","L2"
"6208",47,"positive","6","7","English","L2"
"6209",47,"wise","1","8","English","L2"
"6210",47,"cautious","5","5","English","L2"
"6211",47,"liar","8","1","English","L2"
"6212",47,"negative","7","3","English","L2"
"6213",47,"patient","1","8","English","L2"
"6214",47,"good","2","8","English","L2"
"6215",88,"bad","9","1","English","L2"
"6216",88,"rude","9","1","English","L2"
"6217",88,"good","2","9","English","L2"
"6218",88,"graceful","2","9","English","L2"
"6219",88,"unrealiable","9","1","English","L2"
"6220",88,"disloyal","9","1","English","L2"
"6221",88,"negative","9","1","English","L2"
"6222",88,"obsecene","8","2","English","L2"
"6223",88,"mean","9","1","English","L2"
"6224",88,"positive","1","9","English","L2"
"6225",88,"indiscreet","8","2","English","L2"
"6226",88,"asshole","8","2","English","L2"
"6227",88,"cautious","6","6","English","L2"
"6228",88,"saint","3","5","English","L2"
"6229",88,"lazy","9","2","English","L2"
"6230",88,"loyal","1","9","English","L2"
"6231",88,"cruel","9","1","English","L2"
"6232",88,"patient","1","8","English","L2"
"6233",88,"kind","1","9","English","L2"
"6234",88,"demon","9","1","English","L2"
"6235",88,"sweetheart","1","9","English","L2"
"6236",88,"careful","1","9","English","L2"
"6237",88,"reliable","1","9","English","L2"
"6238",88,"wise","1","8","English","L2"
"6239",88,"discreet","2","8","English","L2"
"6240",88,"liar","9","1","English","L2"
"6241",269,"negative","5","3","English","L2"
"6242",269,"cautious","5","5","English","L2"
"6243",269,"positive","7","7","English","L2"
"6244",269,"indiscreet","7","6","English","L2"
"6245",269,"graceful","6","8","English","L2"
"6246",269,"patient","3","5","English","L2"
"6247",269,"careful","6","8","English","L2"
"6248",269,"obsecene","5","5","English","L2"
"6249",269,"loyal","6","7","English","L2"
"6250",269,"bad","7","2","English","L2"
"6251",269,"sweetheart","2","8","English","L2"
"6252",269,"liar","7","1","English","L2"
"6253",269,"discreet","5","5","English","L2"
"6254",269,"disloyal","5","1","English","L2"
"6255",269,"unrealiable","8","3","English","L2"
"6256",269,"wise","2","8","English","L2"
"6257",269,"kind","3","8","English","L2"
"6258",269,"rude","6","2","English","L2"
"6259",269,"mean","7","1","English","L2"
"6260",269,"lazy","2","4","English","L2"
"6261",269,"reliable","6","8","English","L2"
"6262",269,"asshole","8","1","English","L2"
"6263",269,"demon","8","5","English","L2"
"6264",269,"cruel","8","2","English","L2"
"6265",269,"saint","2","7","English","L2"
"6266",269,"good","5","7","English","L2"
"6267",144,"patient","3","7","English","L2"
"6268",144,"cruel","6","3","English","L2"
"6269",144,"graceful","6","8","English","L2"
"6270",144,"cautious","4","5","English","L2"
"6271",144,"positive","2","8","English","L2"
"6272",144,"mean","4","3","English","L2"
"6273",144,"good","5","6","English","L2"
"6274",144,"loyal","4","6","English","L2"
"6275",144,"asshole","7","2","English","L2"
"6276",144,"discreet","2","7","English","L2"
"6277",144,"saint","4","6","English","L2"
"6278",144,"rude","5","4","English","L2"
"6279",144,"demon","8","7","English","L2"
"6280",144,"reliable","2","9","English","L2"
"6281",144,"obsecene","7","7","English","L2"
"6282",144,"sweetheart","4","6","English","L2"
"6283",144,"disloyal","4","4","English","L2"
"6284",144,"lazy","1","6","English","L2"
"6285",144,"negative","4","5","English","L2"
"6286",144,"bad","5","5","English","L2"
"6287",144,"liar","4","2","English","L2"
"6288",144,"wise","1","7","English","L2"
"6289",144,"indiscreet","6","3","English","L2"
"6290",144,"unrealiable","5","2","English","L2"
"6291",144,"kind","6","7","English","L2"
"6292",144,"careful","1","6","English","L2"
"6293",279,"saint","4","5","English","L2"
"6294",279,"liar","5","4","English","L2"
"6295",279,"careful","6","5","English","L2"
"6296",279,"discreet","5","5","English","L2"
"6297",279,"loyal","7","7","English","L2"
"6298",279,"asshole","7","3","English","L2"
"6299",279,"good","7","8","English","L2"
"6300",279,"sweetheart","5","5","English","L2"
"6301",279,"graceful","2","6","English","L2"
"6302",279,"patient","2","7","English","L2"
"6303",279,"indiscreet","6","4","English","L2"
"6304",279,"negative","6","2","English","L2"
"6305",279,"rude","6","3","English","L2"
"6306",279,"kind","2","8","English","L2"
"6307",279,"cruel","6","2","English","L2"
"6308",279,"lazy","5","5","English","L2"
"6309",279,"cautious","5","5","English","L2"
"6310",279,"reliable","4","6","English","L2"
"6311",279,"mean","5","4","English","L2"
"6312",279,"unrealiable","5","5","English","L2"
"6313",279,"obsecene","6","3","English","L2"
"6314",279,"wise","2","7","English","L2"
"6315",279,"demon","6","4","English","L2"
"6316",279,"positive","8","9","English","L2"
"6317",279,"bad","6","2","English","L2"
"6318",279,"disloyal","6","3","English","L2"
"6319",87,"sweetheart","2","9","English","L2"
"6320",87,"indiscreet","5","5","English","L2"
"6321",87,"wise","3","6","English","L2"
"6322",87,"obsecene","6","2","English","L2"
"6323",87,"discreet","5","5","English","L2"
"6324",87,"kind","2","7","English","L2"
"6325",87,"good","3","7","English","L2"
"6326",87,"demon","7","3","English","L2"
"6327",87,"cautious","6","5","English","L2"
"6328",87,"loyal","2","8","English","L2"
"6329",87,"cruel","8","2","English","L2"
"6330",87,"positive","2","8","English","L2"
"6331",87,"bad","8","2","English","L2"
"6332",87,"asshole","5","2","English","L2"
"6333",87,"careful","5","5","English","L2"
"6334",87,"graceful","3","7","English","L2"
"6335",87,"unrealiable","8","3","English","L2"
"6336",87,"negative","7","1","English","L2"
"6337",87,"liar","8","2","English","L2"
"6338",87,"lazy","4","4","English","L2"
"6339",87,"mean","5","3","English","L2"
"6340",87,"rude","4","3","English","L2"
"6341",87,"saint","3","7","English","L2"
"6342",87,"disloyal","6","2","English","L2"
"6343",87,"patient","1","8","English","L2"
"6344",87,"reliable","1","8","English","L2"
"6345",107,"negative","3","1","English","L2"
"6346",107,"lazy","4","2","English","L2"
"6347",107,"obsecene","4","2","English","L2"
"6348",107,"bad","3","2","English","L2"
"6349",107,"positive","6","7","English","L2"
"6350",107,"saint","5","6","English","L2"
"6351",107,"cruel","2","2","English","L2"
"6352",107,"discreet","2","6","English","L2"
"6353",107,"good","2","8","English","L2"
"6354",107,"indiscreet","4","4","English","L2"
"6355",107,"kind","3","7","English","L2"
"6356",107,"liar","2","2","English","L2"
"6357",107,"mean","2","2","English","L2"
"6358",107,"rude","2","1","English","L2"
"6359",107,"cautious","3","7","English","L2"
"6360",107,"unrealiable","4","2","English","L2"
"6361",107,"patient","3","7","English","L2"
"6362",107,"careful","6","7","English","L2"
"6363",107,"loyal","4","6","English","L2"
"6364",107,"graceful","2","7","English","L2"
"6365",107,"sweetheart","8","9","English","L2"
"6366",107,"asshole","7","1","English","L2"
"6367",107,"demon","6","1","English","L2"
"6368",107,"wise","4","7","English","L2"
"6369",107,"disloyal","5","2","English","L2"
"6370",107,"reliable","2","9","English","L2"
"6371",135,"indiscreet","4","4","English","L2"
"6372",135,"positive","7","8","English","L2"
"6373",135,"wise","2","7","English","L2"
"6374",135,"patient","3","7","English","L2"
"6375",135,"loyal","3","7","English","L2"
"6376",135,"mean","8","3","English","L2"
"6377",135,"saint","6","7","English","L2"
"6378",135,"cruel","9","1","English","L2"
"6379",135,"unrealiable","2","2","English","L2"
"6380",135,"rude","1","1","English","L2"
"6381",135,"demon","9","1","English","L2"
"6382",135,"sweetheart","3","9","English","L2"
"6383",135,"negative","1","1","English","L2"
"6384",135,"cautious","8","2","English","L2"
"6385",135,"careful","2","9","English","L2"
"6386",135,"asshole","9","1","English","L2"
"6387",135,"lazy","2","1","English","L2"
"6388",135,"kind","2","9","English","L2"
"6389",135,"good","2","9","English","L2"
"6390",135,"graceful","3","9","English","L2"
"6391",135,"discreet","3","6","English","L2"
"6392",135,"obsecene","4","3","English","L2"
"6393",135,"liar","2","1","English","L2"
"6394",135,"bad","1","1","English","L2"
"6395",135,"disloyal","2","1","English","L2"
"6396",135,"reliable","2","9","English","L2"
"6397",58,"careful","6","6","English","L2"
"6398",58,"asshole","4","6","English","L2"
"6399",58,"disloyal","5","7","English","L2"
"6400",58,"bad","7","1","English","L2"
"6401",58,"lazy","8","7","English","L2"
"6402",58,"cautious","4","5","English","L2"
"6403",58,"good","8","3","English","L2"
"6404",58,"kind","4","7","English","L2"
"6405",58,"graceful","8","3","English","L2"
"6406",58,"positive","4","9","English","L2"
"6407",58,"saint","9","9","English","L2"
"6408",58,"wise","3","4","English","L2"
"6409",58,"negative","9","8","English","L2"
"6410",58,"mean","2","5","English","L2"
"6411",58,"loyal","7","5","English","L2"
"6412",58,"reliable","6","4","English","L2"
"6413",58,"patient","3","1","English","L2"
"6414",58,"demon","7","3","English","L2"
"6415",58,"rude","4","8","English","L2"
"6416",58,"liar","6","2","English","L2"
"6417",58,"sweetheart","9","6","English","L2"
"6418",58,"indiscreet","7","2","English","L2"
"6419",58,"obsecene","5","7","English","L2"
"6420",58,"unrealiable","3","3","English","L2"
"6421",58,"discreet","3","1","English","L2"
"6422",58,"cruel","1","3","English","L2"
"6423",31,"bad","5","1","English","L2"
"6424",31,"negative","5","1","English","L2"
"6425",31,"loyal","1","7","English","L2"
"6426",31,"indiscreet","5","3","English","L2"
"6427",31,"patient","1","8","English","L2"
"6428",31,"careful","1","9","English","L2"
"6429",31,"lazy","5","1","English","L2"
"6430",31,"disloyal","5","1","English","L2"
"6431",31,"reliable","1","9","English","L2"
"6432",31,"rude","5","1","English","L2"
"6433",31,"liar","5","1","English","L2"
"6434",31,"kind","1","9","English","L2"
"6435",31,"cruel","5","1","English","L2"
"6436",31,"discreet","2","7","English","L2"
"6437",31,"graceful","1","9","English","L2"
"6438",31,"mean","5","1","English","L2"
"6439",31,"demon","5","1","English","L2"
"6440",31,"wise","1","9","English","L2"
"6441",31,"obsecene","6","1","English","L2"
"6442",31,"good","1","9","English","L2"
"6443",31,"cautious","1","9","English","L2"
"6444",31,"positive","1","9","English","L2"
"6445",31,"sweetheart","9","9","English","L2"
"6446",31,"saint","5","5","English","L2"
"6447",31,"unrealiable","5","1","English","L2"
"6448",31,"asshole","5","1","English","L2"
"6449",188,"negative","5","2","English","L2"
"6450",188,"graceful","2","7","English","L2"
"6451",188,"rude","7","3","English","L2"
"6452",188,"indiscreet","7","2","English","L2"
"6453",188,"kind","1","9","English","L2"
"6454",188,"liar","8","1","English","L2"
"6455",188,"sweetheart","5","5","English","L2"
"6456",188,"positive","4","6","English","L2"
"6457",188,"demon","5","5","English","L2"
"6458",188,"saint","5","5","English","L2"
"6459",188,"cruel","7","2","English","L2"
"6460",188,"unrealiable","7","2","English","L2"
"6461",188,"mean","5","2","English","L2"
"6462",188,"discreet","2","7","English","L2"
"6463",188,"good","2","8","English","L2"
"6464",188,"obsecene","8","6","English","L2"
"6465",188,"cautious","2","8","English","L2"
"6466",188,"asshole","5","5","English","L2"
"6467",188,"careful","5","5","English","L2"
"6468",188,"loyal","4","6","English","L2"
"6469",188,"disloyal","6","4","English","L2"
"6470",188,"patient","3","7","English","L2"
"6471",188,"lazy","3","5","English","L2"
"6472",188,"bad","6","4","English","L2"
"6473",188,"reliable","3","7","English","L2"
"6474",188,"wise","2","8","English","L2"
"6475",128,"disloyal","5","1","English","L2"
"6476",128,"mean","5","1","English","L2"
"6477",128,"cautious","1","5","English","L2"
"6478",128,"rude","5","1","English","L2"
"6479",128,"sweetheart","1","9","English","L2"
"6480",128,"bad","5","1","English","L2"
"6481",128,"obsecene","7","5","English","L2"
"6482",128,"reliable","1","9","English","L2"
"6483",128,"lazy","1","6","English","L2"
"6484",128,"unrealiable","5","1","English","L2"
"6485",128,"demon","7","1","English","L2"
"6486",128,"wise","1","9","English","L2"
"6487",128,"good","3","9","English","L2"
"6488",128,"graceful","1","9","English","L2"
"6489",128,"loyal","1","9","English","L2"
"6490",128,"indiscreet","5","1","English","L2"
"6491",128,"careful","1","7","English","L2"
"6492",128,"discreet","1","7","English","L2"
"6493",128,"cruel","5","1","English","L2"
"6494",128,"positive","1","9","English","L2"
"6495",128,"liar","5","1","English","L2"
"6496",128,"saint","1","8","English","L2"
"6497",128,"negative","5","1","English","L2"
"6498",128,"patient","1","9","English","L2"
"6499",128,"asshole","6","1","English","L2"
"6500",128,"kind","1","9","English","L2"
"6501",39,"careful","4","5","English","L2"
"6502",39,"positive","8","9","English","L2"
"6503",39,"negative","4","1","English","L2"
"6504",39,"cautious","6","5","English","L2"
"6505",39,"cruel","7","1","English","L2"
"6506",39,"sweetheart","3","7","English","L2"
"6507",39,"obsecene","7","2","English","L2"
"6508",39,"graceful","4","9","English","L2"
"6509",39,"loyal","3","7","English","L2"
"6510",39,"saint","2","8","English","L2"
"6511",39,"discreet","5","5","English","L2"
"6512",39,"bad","5","3","English","L2"
"6513",39,"mean","5","2","English","L2"
"6514",39,"unrealiable","5","2","English","L2"
"6515",39,"rude","5","1","English","L2"
"6516",39,"disloyal","5","1","English","L2"
"6517",39,"asshole","5","3","English","L2"
"6518",39,"lazy","5","4","English","L2"
"6519",39,"wise","4","8","English","L2"
"6520",39,"indiscreet","5","2","English","L2"
"6521",39,"good","5","6","English","L2"
"6522",39,"patient","5","6","English","L2"
"6523",39,"kind","6","8","English","L2"
"6524",39,"demon","8","1","English","L2"
"6525",39,"reliable","6","6","English","L2"
"6526",39,"liar","5","2","English","L2"
"6527",10,"mean","2","1","English","L2"
"6528",10,"liar","2","2","English","L2"
"6529",10,"discreet","1","7","English","L2"
"6530",10,"graceful","9","9","English","L2"
"6531",10,"patient","1","9","English","L2"
"6532",10,"cautious","1","9","English","L2"
"6533",10,"good","9","9","English","L2"
"6534",10,"negative","4","1","English","L2"
"6535",10,"obsecene","9","1","English","L2"
"6536",10,"wise","1","9","English","L2"
"6537",10,"positive","9","9","English","L2"
"6538",10,"saint","2","5","English","L2"
"6539",10,"kind","4","8","English","L2"
"6540",10,"rude","9","1","English","L2"
"6541",10,"reliable","9","9","English","L2"
"6542",10,"bad","1","1","English","L2"
"6543",10,"loyal","9","9","English","L2"
"6544",10,"asshole","3","1","English","L2"
"6545",10,"disloyal","2","1","English","L2"
"6546",10,"cruel","9","1","English","L2"
"6547",10,"lazy","1","9","English","L2"
"6548",10,"careful","1","9","English","L2"
"6549",10,"sweetheart","3","9","English","L2"
"6550",10,"indiscreet","9","3","English","L2"
"6551",10,"demon","6","5","English","L2"
"6552",10,"unrealiable","1","1","English","L2"
"6553",60,"positive","6","8","English","L2"
"6554",60,"unrealiable","8","1","English","L2"
"6555",60,"indiscreet","9","1","English","L2"
"6556",60,"cruel","7","1","English","L2"
"6557",60,"wise","1","6","English","L2"
"6558",60,"reliable","2","7","English","L2"
"6559",60,"cautious","7","5","English","L2"
"6560",60,"sweetheart","1","9","English","L2"
"6561",60,"asshole","7","1","English","L2"
"6562",60,"lazy","1","3","English","L2"
"6563",60,"negative","5","1","English","L2"
"6564",60,"rude","7","1","English","L2"
"6565",60,"good","1","8","English","L2"
"6566",60,"liar","8","1","English","L2"
"6567",60,"loyal","1","7","English","L2"
"6568",60,"bad","2","3","English","L2"
"6569",60,"discreet","1","5","English","L2"
"6570",60,"patient","1","6","English","L2"
"6571",60,"saint","1","8","English","L2"
"6572",60,"graceful","1","8","English","L2"
"6573",60,"obsecene","8","1","English","L2"
"6574",60,"demon","9","1","English","L2"
"6575",60,"kind","2","8","English","L2"
"6576",60,"careful","8","5","English","L2"
"6577",60,"mean","8","2","English","L2"
"6578",60,"disloyal","8","1","English","L2"
"6579",62,"bad","5","3","English","L2"
"6580",62,"saint","4","6","English","L2"
"6581",62,"careful","3","7","English","L2"
"6582",62,"demon","5","2","English","L2"
"6583",62,"negative","6","3","English","L2"
"6584",62,"mean","6","2","English","L2"
"6585",62,"lazy","3","4","English","L2"
"6586",62,"disloyal","5","2","English","L2"
"6587",62,"kind","2","8","English","L2"
"6588",62,"unrealiable","6","2","English","L2"
"6589",62,"good","3","8","English","L2"
"6590",62,"sweetheart","7","8","English","L2"
"6591",62,"positive","3","8","English","L2"
"6592",62,"asshole","7","2","English","L2"
"6593",62,"obsecene","5","4","English","L2"
"6594",62,"patient","2","7","English","L2"
"6595",62,"reliable","2","8","English","L2"
"6596",62,"cruel","6","1","English","L2"
"6597",62,"loyal","2","8","English","L2"
"6598",62,"wise","3","8","English","L2"
"6599",62,"indiscreet","7","3","English","L2"
"6600",62,"graceful","4","8","English","L2"
"6601",62,"cautious","1","7","English","L2"
"6602",62,"rude","7","3","English","L2"
"6603",62,"discreet","3","7","English","L2"
"6604",62,"liar","7","2","English","L2"
"6605",231,"good","3","8","English","L2"
"6606",231,"lazy","3","3","English","L2"
"6607",231,"reliable","7","5","English","L2"
"6608",231,"loyal","2","7","English","L2"
"6609",231,"mean","5","2","English","L2"
"6610",231,"cautious","2","7","English","L2"
"6611",231,"bad","2","3","English","L2"
"6612",231,"positive","6","7","English","L2"
"6613",231,"sweetheart","1","7","English","L2"
"6614",231,"saint","1","9","English","L2"
"6615",231,"graceful","1","8","English","L2"
"6616",231,"unrealiable","5","4","English","L2"
"6617",231,"negative","5","2","English","L2"
"6618",231,"liar","9","1","English","L2"
"6619",231,"demon","8","2","English","L2"
"6620",231,"asshole","4","1","English","L2"
"6621",231,"patient","1","8","English","L2"
"6622",231,"discreet","3","7","English","L2"
"6623",231,"rude","6","2","English","L2"
"6624",231,"careful","5","5","English","L2"
"6625",231,"obsecene","8","8","English","L2"
"6626",231,"cruel","9","7","English","L2"
"6627",231,"wise","1","5","English","L2"
"6628",231,"disloyal","5","2","English","L2"
"6629",231,"kind","1","7","English","L2"
"6630",231,"indiscreet","6","5","English","L2"
"6631",208,"reliable","4","7","English","L2"
"6632",208,"graceful","2","6","English","L2"
"6633",208,"mean","5","5","English","L2"
"6634",208,"lazy","1","5","English","L2"
"6635",208,"unrealiable","7","2","English","L2"
"6636",208,"kind","5","5","English","L2"
"6637",208,"indiscreet","7","3","English","L2"
"6638",208,"asshole","9","1","English","L2"
"6639",208,"obsecene","7","3","English","L2"
"6640",208,"liar","5","4","English","L2"
"6641",208,"wise","6","6","English","L2"
"6642",208,"negative","8","1","English","L2"
"6643",208,"cruel","9","1","English","L2"
"6644",208,"bad","8","2","English","L2"
"6645",208,"demon","9","1","English","L2"
"6646",208,"loyal","3","6","English","L2"
"6647",208,"careful","6","4","English","L2"
"6648",208,"positive","7","7","English","L2"
"6649",208,"saint","5","5","English","L2"
"6650",208,"cautious","5","5","English","L2"
"6651",208,"sweetheart","8","6","English","L2"
"6652",208,"disloyal","5","2","English","L2"
"6653",208,"patient","5","5","English","L2"
"6654",208,"good","6","7","English","L2"
"6655",208,"rude","6","4","English","L2"
"6656",208,"discreet","5","5","English","L2"
"6657",248,"negative","5","9","English","L2"
"6658",248,"cautious","5","9","English","L2"
"6659",248,"loyal","5","7","English","L2"
"6660",248,"mean","6","5","English","L2"
"6661",248,"wise","8","3","English","L2"
"6662",248,"reliable","9","9","English","L2"
"6663",248,"good","9","9","English","L2"
"6664",248,"graceful","7","1","English","L2"
"6665",248,"demon","9","9","English","L2"
"6666",248,"disloyal","1","1","English","L2"
"6667",248,"lazy","1","1","English","L2"
"6668",248,"patient","8","7","English","L2"
"6669",248,"sweetheart","9","9","English","L2"
"6670",248,"saint","3","7","English","L2"
"6671",248,"discreet","3","9","English","L2"
"6672",248,"asshole","1","1","English","L2"
"6673",248,"positive","9","9","English","L2"
"6674",248,"obsecene","3","1","English","L2"
"6675",248,"indiscreet","6","1","English","L2"
"6676",248,"liar","1","2","English","L2"
"6677",248,"unrealiable","4","1","English","L2"
"6678",248,"cruel","7","1","English","L2"
"6679",248,"bad","3","1","English","L2"
"6680",248,"kind","9","9","English","L2"
"6681",248,"rude","2","1","English","L2"
"6682",248,"careful","9","9","English","L2"
"6683",42,"cruel","4","1","English","L2"
"6684",42,"discreet","1","5","English","L2"
"6685",42,"good","7","9","English","L2"
"6686",42,"kind","7","9","English","L2"
"6687",42,"loyal","2","8","English","L2"
"6688",42,"reliable","1","7","English","L2"
"6689",42,"negative","6","1","English","L2"
"6690",42,"lazy","6","1","English","L2"
"6691",42,"cautious","3","5","English","L2"
"6692",42,"wise","1","7","English","L2"
"6693",42,"asshole","7","1","English","L2"
"6694",42,"indiscreet","3","1","English","L2"
"6695",42,"positive","9","9","English","L2"
"6696",42,"mean","7","1","English","L2"
"6697",42,"unrealiable","6","1","English","L2"
"6698",42,"bad","8","1","English","L2"
"6699",42,"careful","1","7","English","L2"
"6700",42,"demon","4","1","English","L2"
"6701",42,"saint","3","7","English","L2"
"6702",42,"graceful","2","8","English","L2"
"6703",42,"patient","1","8","English","L2"
"6704",42,"liar","5","1","English","L2"
"6705",42,"rude","5","1","English","L2"
"6706",42,"obsecene","7","1","English","L2"
"6707",42,"sweetheart","1","9","English","L2"
"6708",42,"disloyal","3","1","English","L2"
"6709",33,"patient","1","9","English","L2"
"6710",33,"careful","1","9","English","L2"
"6711",33,"positive","1","9","English","L2"
"6712",33,"disloyal","5","1","English","L2"
"6713",33,"asshole","5","1","English","L2"
"6714",33,"reliable","1","9","English","L2"
"6715",33,"wise","1","9","English","L2"
"6716",33,"lazy","5","5","English","L2"
"6717",33,"obsecene","5","1","English","L2"
"6718",33,"bad","5","1","English","L2"
"6719",33,"rude","5","1","English","L2"
"6720",33,"sweetheart","9","9","English","L2"
"6721",33,"indiscreet","5","5","English","L2"
"6722",33,"demon","7","1","English","L2"
"6723",33,"discreet","1","9","English","L2"
"6724",33,"cautious","1","9","English","L2"
"6725",33,"kind","7","7","English","L2"
"6726",33,"loyal","1","9","English","L2"
"6727",33,"unrealiable","5","1","English","L2"
"6728",33,"good","1","8","English","L2"
"6729",33,"cruel","5","1","English","L2"
"6730",33,"saint","1","8","English","L2"
"6731",33,"graceful","1","9","English","L2"
"6732",33,"mean","5","7","English","L2"
"6733",33,"liar","5","1","English","L2"
"6734",33,"negative","5","1","English","L2"
"6735",114,"reliable","1","9","English","L2"
"6736",114,"unrealiable","6","2","English","L2"
"6737",114,"lazy","1","4","English","L2"
"6738",114,"bad","7","1","English","L2"
"6739",114,"sweetheart","2","7","English","L2"
"6740",114,"negative","2","1","English","L2"
"6741",114,"liar","4","3","English","L2"
"6742",114,"cruel","8","1","English","L2"
"6743",114,"cautious","1","7","English","L2"
"6744",114,"kind","1","9","English","L2"
"6745",114,"wise","1","9","English","L2"
"6746",114,"good","1","9","English","L2"
"6747",114,"saint","1","9","English","L2"
"6748",114,"disloyal","8","1","English","L2"
"6749",114,"loyal","1","9","English","L2"
"6750",114,"patient","1","9","English","L2"
"6751",114,"indiscreet","8","1","English","L2"
"6752",114,"positive","1","9","English","L2"
"6753",114,"discreet","2","7","English","L2"
"6754",114,"asshole","7","1","English","L2"
"6755",114,"mean","8","1","English","L2"
"6756",114,"graceful","2","9","English","L2"
"6757",114,"obsecene","7","1","English","L2"
"6758",114,"careful","1","7","English","L2"
"6759",114,"rude","8","1","English","L2"
"6760",114,"demon","7","1","English","L2"
"6761",268,"loyal","2","8","English","L2"
"6762",268,"disloyal","2","2","English","L2"
"6763",268,"kind","7","8","English","L2"
"6764",268,"cruel","6","2","English","L2"
"6765",268,"discreet","2","7","English","L2"
"6766",268,"wise","7","9","English","L2"
"6767",268,"rude","6","2","English","L2"
"6768",268,"saint","2","6","English","L2"
"6769",268,"demon","7","1","English","L2"
"6770",268,"mean","5","2","English","L2"
"6771",268,"indiscreet","2","3","English","L2"
"6772",268,"unrealiable","3","2","English","L2"
"6773",268,"sweetheart","6","7","English","L2"
"6774",268,"lazy","2","5","English","L2"
"6775",268,"patient","2","7","English","L2"
"6776",268,"bad","5","2","English","L2"
"6777",268,"reliable","7","9","English","L2"
"6778",268,"good","6","8","English","L2"
"6779",268,"graceful","6","7","English","L2"
"6780",268,"positive","2","7","English","L2"
"6781",268,"careful","2","6","English","L2"
"6782",268,"asshole","7","2","English","L2"
"6783",268,"liar","3","2","English","L2"
"6784",268,"cautious","5","5","English","L2"
"6785",268,"negative","3","2","English","L2"
"6786",268,"obsecene","4","3","English","L2"
"6787",48,"wise","3","7","English","L2"
"6788",48,"reliable","1","9","English","L2"
"6789",48,"loyal","3","8","English","L2"
"6790",48,"liar","5","3","English","L2"
"6791",48,"positive","1","9","English","L2"
"6792",48,"sweetheart","2","9","English","L2"
"6793",48,"obsecene","6","1","English","L2"
"6794",48,"unrealiable","5","1","English","L2"
"6795",48,"patient","1","7","English","L2"
"6796",48,"kind","3","7","English","L2"
"6797",48,"lazy","2","1","English","L2"
"6798",48,"disloyal","5","1","English","L2"
"6799",48,"rude","6","1","English","L2"
"6800",48,"discreet","5","7","English","L2"
"6801",48,"asshole","9","9","English","L2"
"6802",48,"cautious","4","7","English","L2"
"6803",48,"graceful","4","8","English","L2"
"6804",48,"indiscreet","6","4","English","L2"
"6805",48,"demon","8","2","English","L2"
"6806",48,"cruel","7","2","English","L2"
"6807",48,"mean","6","3","English","L2"
"6808",48,"negative","5","1","English","L2"
"6809",48,"careful","3","7","English","L2"
"6810",48,"bad","7","1","English","L2"
"6811",48,"good","3","7","English","L2"
"6812",48,"saint","1","8","English","L2"
"6813",162,"graceful","1","9","English","L2"
"6814",162,"positive","5","9","English","L2"
"6815",162,"mean","4","1","English","L2"
"6816",162,"lazy","2","3","English","L2"
"6817",162,"reliable","2","9","English","L2"
"6818",162,"sweetheart","2","9","English","L2"
"6819",162,"disloyal","2","1","English","L2"
"6820",162,"asshole","6","1","English","L2"
"6821",162,"cautious","3","6","English","L2"
"6822",162,"patient","1","9","English","L2"
"6823",162,"careful","1","9","English","L2"
"6824",162,"kind","1","9","English","L2"
"6825",162,"bad","6","1","English","L2"
"6826",162,"loyal","1","9","English","L2"
"6827",162,"wise","1","9","English","L2"
"6828",162,"liar","5","1","English","L2"
"6829",162,"unrealiable","4","1","English","L2"
"6830",162,"rude","4","1","English","L2"
"6831",162,"good","1","9","English","L2"
"6832",162,"discreet","1","9","English","L2"
"6833",162,"saint","1","9","English","L2"
"6834",162,"demon","6","1","English","L2"
"6835",162,"negative","3","1","English","L2"
"6836",162,"cruel","8","1","English","L2"
"6837",162,"indiscreet","4","3","English","L2"
"6838",162,"obsecene","6","1","English","L2"
"6839",278,"demon","5","3","English","L2"
"6840",278,"cruel","3","1","English","L2"
"6841",278,"kind","8","9","English","L2"
"6842",278,"good","9","9","English","L2"
"6843",278,"sweetheart","9","9","English","L2"
"6844",278,"asshole","2","3","English","L2"
"6845",278,"saint","5","5","English","L2"
"6846",278,"reliable","6","9","English","L2"
"6847",278,"loyal","6","9","English","L2"
"6848",278,"wise","8","9","English","L2"
"6849",278,"cautious","5","5","English","L2"
"6850",278,"graceful","5","9","English","L2"
"6851",278,"patient","2","9","English","L2"
"6852",278,"liar","7","1","English","L2"
"6853",278,"unrealiable","6","1","English","L2"
"6854",278,"positive","9","9","English","L2"
"6855",278,"rude","6","1","English","L2"
"6856",278,"mean","7","1","English","L2"
"6857",278,"obsecene","1","1","English","L2"
"6858",278,"careful","1","9","English","L2"
"6859",278,"bad","4","1","English","L2"
"6860",278,"disloyal","8","1","English","L2"
"6861",278,"indiscreet","8","1","English","L2"
"6862",278,"discreet","1","9","English","L2"
"6863",278,"negative","1","1","English","L2"
"6864",278,"lazy","5","5","English","L2"
"6865",20,"asshole","8","1","English","L2"
"6866",20,"wise","1","8","English","L2"
"6867",20,"good","6","9","English","L2"
"6868",20,"reliable","2","8","English","L2"
"6869",20,"lazy","6","1","English","L2"
"6870",20,"careful","6","6","English","L2"
"6871",20,"unrealiable","7","1","English","L2"
"6872",20,"indiscreet","8","1","English","L2"
"6873",20,"cruel","7","1","English","L2"
"6874",20,"mean","8","1","English","L2"
"6875",20,"rude","8","1","English","L2"
"6876",20,"disloyal","6","1","English","L2"
"6877",20,"positive","1","6","English","L2"
"6878",20,"negative","4","3","English","L2"
"6879",20,"discreet","1","6","English","L2"
"6880",20,"kind","1","9","English","L2"
"6881",20,"liar","7","1","English","L2"
"6882",20,"graceful","3","9","English","L2"
"6883",20,"obsecene","8","1","English","L2"
"6884",20,"sweetheart","4","8","English","L2"
"6885",20,"bad","6","4","English","L2"
"6886",20,"patient","2","8","English","L2"
"6887",20,"loyal","2","8","English","L2"
"6888",20,"cautious","6","4","English","L2"
"6889",20,"demon","6","6","English","L2"
"6890",20,"saint","2","8","English","L2"
"6891",8,"cruel","8","1","English","L2"
"6892",8,"saint","2","7","English","L2"
"6893",8,"demon","8","1","English","L2"
"6894",8,"disloyal","8","1","English","L2"
"6895",8,"asshole","8","1","English","L2"
"6896",8,"discreet","1","8","English","L2"
"6897",8,"kind","1","9","English","L2"
"6898",8,"unrealiable","8","1","English","L2"
"6899",8,"sweetheart","7","1","English","L2"
"6900",8,"mean","7","2","English","L2"
"6901",8,"obsecene","8","1","English","L2"
"6902",8,"bad","9","1","English","L2"
"6903",8,"careful","1","9","English","L2"
"6904",8,"loyal","1","9","English","L2"
"6905",8,"reliable","1","9","English","L2"
"6906",8,"cautious","1","9","English","L2"
"6907",8,"lazy","8","1","English","L2"
"6908",8,"rude","8","1","English","L2"
"6909",8,"negative","9","1","English","L2"
"6910",8,"good","1","9","English","L2"
"6911",8,"patient","1","9","English","L2"
"6912",8,"graceful","1","9","English","L2"
"6913",8,"indiscreet","8","1","English","L2"
"6914",8,"positive","1","9","English","L2"
"6915",8,"liar","9","1","English","L2"
"6916",8,"wise","1","9","English","L2"
"6917",115,"positive","7","8","English","L2"
"6918",115,"discreet","2","5","English","L2"
"6919",115,"sweetheart","9","8","English","L2"
"6920",115,"asshole","8","7","English","L2"
"6921",115,"patient","1","6","English","L2"
"6922",115,"wise","3","7","English","L2"
"6923",115,"kind","2","7","English","L2"
"6924",115,"saint","5","5","English","L2"
"6925",115,"lazy","5","4","English","L2"
"6926",115,"indiscreet","7","6","English","L2"
"6927",115,"loyal","5","6","English","L2"
"6928",115,"bad","6","5","English","L2"
"6929",115,"negative","5","5","English","L2"
"6930",115,"disloyal","7","4","English","L2"
"6931",115,"cruel","7","4","English","L2"
"6932",115,"reliable","4","6","English","L2"
"6933",115,"graceful","3","7","English","L2"
"6934",115,"careful","4","6","English","L2"
"6935",115,"demon","7","5","English","L2"
"6936",115,"unrealiable","8","2","English","L2"
"6937",115,"mean","6","4","English","L2"
"6938",115,"rude","5","2","English","L2"
"6939",115,"good","5","6","English","L2"
"6940",115,"cautious","9","1","English","L2"
"6941",115,"liar","8","5","English","L2"
"6942",115,"obsecene","6","6","English","L2"
"6943",184,"patient","4","7","English","L2"
"6944",184,"asshole","5","2","English","L2"
"6945",184,"rude","5","3","English","L2"
"6946",184,"cruel","5","1","English","L2"
"6947",184,"kind","6","9","English","L2"
"6948",184,"disloyal","4","3","English","L2"
"6949",184,"sweetheart","7","9","English","L2"
"6950",184,"indiscreet","4","3","English","L2"
"6951",184,"mean","5","3","English","L2"
"6952",184,"bad","5","3","English","L2"
"6953",184,"demon","3","2","English","L2"
"6954",184,"obsecene","5","5","English","L2"
"6955",184,"careful","2","7","English","L2"
"6956",184,"wise","2","7","English","L2"
"6957",184,"unrealiable","5","3","English","L2"
"6958",184,"lazy","5","3","English","L2"
"6959",184,"reliable","3","7","English","L2"
"6960",184,"loyal","4","8","English","L2"
"6961",184,"saint","4","6","English","L2"
"6962",184,"positive","7","8","English","L2"
"6963",184,"discreet","3","7","English","L2"
"6964",184,"liar","5","3","English","L2"
"6965",184,"negative","5","3","English","L2"
"6966",184,"cautious","1","6","English","L2"
"6967",184,"good","7","7","English","L2"
"6968",184,"graceful","5","8","English","L2"
"6969",264,"mean","4","1","English","L2"
"6970",264,"discreet","2","6","English","L2"
"6971",264,"asshole","5","2","English","L2"
"6972",264,"cruel","5","1","English","L2"
"6973",264,"kind","1","9","English","L2"
"6974",264,"lazy","6","2","English","L2"
"6975",264,"positive","1","9","English","L2"
"6976",264,"disloyal","8","1","English","L2"
"6977",264,"negative","3","3","English","L2"
"6978",264,"demon","7","1","English","L2"
"6979",264,"rude","8","1","English","L2"
"6980",264,"good","1","9","English","L2"
"6981",264,"unrealiable","5","2","English","L2"
"6982",264,"patient","1","9","English","L2"
"6983",264,"saint","1","9","English","L2"
"6984",264,"wise","1","9","English","L2"
"6985",264,"obsecene","7","1","English","L2"
"6986",264,"cautious","3","9","English","L2"
"6987",264,"graceful","1","9","English","L2"
"6988",264,"loyal","5","9","English","L2"
"6989",264,"liar","8","1","English","L2"
"6990",264,"reliable","3","6","English","L2"
"6991",264,"sweetheart","1","9","English","L2"
"6992",264,"careful","1","9","English","L2"
"6993",264,"indiscreet","8","2","English","L2"
"6994",264,"bad","7","1","English","L2"
"6995",57,"asshole","8","4","English","L2"
"6996",57,"good","7","9","English","L2"
"6997",57,"lazy","8","1","English","L2"
"6998",57,"careful","5","8","English","L2"
"6999",57,"reliable","3","9","English","L2"
"7000",57,"saint","5","5","English","L2"
"7001",57,"rude","7","2","English","L2"
"7002",57,"wise","3","9","English","L2"
"7003",57,"discreet","5","7","English","L2"
"7004",57,"bad","7","1","English","L2"
"7005",57,"graceful","2","8","English","L2"
"7006",57,"disloyal","7","1","English","L2"
"7007",57,"cautious","5","8","English","L2"
"7008",57,"demon","8","2","English","L2"
"7009",57,"loyal","6","9","English","L2"
"7010",57,"unrealiable","5","1","English","L2"
"7011",57,"liar","7","1","English","L2"
"7012",57,"positive","4","9","English","L2"
"7013",57,"sweetheart","6","9","English","L2"
"7014",57,"indiscreet","5","2","English","L2"
"7015",57,"mean","7","1","English","L2"
"7016",57,"kind","3","9","English","L2"
"7017",57,"negative","6","1","English","L2"
"7018",57,"obsecene","7","2","English","L2"
"7019",57,"cruel","8","1","English","L2"
"7020",57,"patient","3","9","English","L2"
"7021",236,"discreet","2","6","English","L2"
"7022",236,"graceful","3","8","English","L2"
"7023",236,"positive","6","9","English","L2"
"7024",236,"unrealiable","2","3","English","L2"
"7025",236,"loyal","2","5","English","L2"
"7026",236,"asshole","8","2","English","L2"
"7027",236,"liar","7","2","English","L2"
"7028",236,"saint","1","7","English","L2"
"7029",236,"patient","1","7","English","L2"
"7030",236,"kind","2","8","English","L2"
"7031",236,"bad","3","1","English","L2"
"7032",236,"cruel","8","1","English","L2"
"7033",236,"wise","2","8","English","L2"
"7034",236,"careful","2","6","English","L2"
"7035",236,"indiscreet","4","3","English","L2"
"7036",236,"cautious","2","5","English","L2"
"7037",236,"reliable","3","8","English","L2"
"7038",236,"mean","5","2","English","L2"
"7039",236,"demon","6","2","English","L2"
"7040",236,"rude","6","2","English","L2"
"7041",236,"good","5","8","English","L2"
"7042",236,"obsecene","7","2","English","L2"
"7043",236,"disloyal","4","2","English","L2"
"7044",236,"negative","7","1","English","L2"
"7045",236,"sweetheart","2","7","English","L2"
"7046",236,"lazy","1","2","English","L2"
"7047",224,"graceful","3","7","English","L2"
"7048",224,"bad","5","1","English","L2"
"7049",224,"lazy","1","3","English","L2"
"7050",224,"good","2","8","English","L2"
"7051",224,"liar","5","3","English","L2"
"7052",224,"discreet","3","7","English","L2"
"7053",224,"demon","7","5","English","L2"
"7054",224,"disloyal","5","1","English","L2"
"7055",224,"patient","2","7","English","L2"
"7056",224,"sweetheart","1","9","English","L2"
"7057",224,"saint","5","5","English","L2"
"7058",224,"obsecene","5","2","English","L2"
"7059",224,"asshole","5","1","English","L2"
"7060",224,"loyal","1","9","English","L2"
"7061",224,"cautious","1","5","English","L2"
"7062",224,"careful","1","7","English","L2"
"7063",224,"negative","1","1","English","L2"
"7064",224,"kind","1","9","English","L2"
"7065",224,"indiscreet","5","2","English","L2"
"7066",224,"mean","5","1","English","L2"
"7067",224,"wise","1","9","English","L2"
"7068",224,"cruel","5","1","English","L2"
"7069",224,"positive","1","9","English","L2"
"7070",224,"reliable","1","9","English","L2"
"7071",224,"unrealiable","5","1","English","L2"
"7072",224,"rude","5","1","English","L2"
"7073",13,"bad","1","1","English","L2"
"7074",13,"cautious","5","5","English","L2"
"7075",13,"lazy","1","8","English","L2"
"7076",13,"asshole","6","1","English","L2"
"7077",13,"positive","9","9","English","L2"
"7078",13,"demon","8","2","English","L2"
"7079",13,"saint","1","8","English","L2"
"7080",13,"mean","6","1","English","L2"
"7081",13,"graceful","9","9","English","L2"
"7082",13,"obsecene","9","1","English","L2"
"7083",13,"indiscreet","2","2","English","L2"
"7084",13,"negative","5","2","English","L2"
"7085",13,"reliable","9","9","English","L2"
"7086",13,"patient","1","9","English","L2"
"7087",13,"sweetheart","1","9","English","L2"
"7088",13,"rude","9","1","English","L2"
"7089",13,"kind","9","9","English","L2"
"7090",13,"loyal","5","9","English","L2"
"7091",13,"discreet","5","8","English","L2"
"7092",13,"careful","6","9","English","L2"
"7093",13,"good","9","9","English","L2"
"7094",13,"liar","4","1","English","L2"
"7095",13,"wise","1","9","English","L2"
"7096",13,"unrealiable","6","1","English","L2"
"7097",13,"disloyal","5","1","English","L2"
"7098",13,"cruel","5","1","English","L2"
"7099",242,"discreet","5","7","English","L2"
"7100",242,"loyal","5","8","English","L2"
"7101",242,"indiscreet","7","1","English","L2"
"7102",242,"rude","9","1","English","L2"
"7103",242,"mean","9","1","English","L2"
"7104",242,"reliable","3","9","English","L2"
"7105",242,"wise","3","9","English","L2"
"7106",242,"asshole","7","1","English","L2"
"7107",242,"obsecene","6","4","English","L2"
"7108",242,"negative","4","2","English","L2"
"7109",242,"patient","1","7","English","L2"
"7110",242,"liar","8","1","English","L2"
"7111",242,"disloyal","9","1","English","L2"
"7112",242,"good","7","8","English","L2"
"7113",242,"lazy","1","5","English","L2"
"7114",242,"kind","3","9","English","L2"
"7115",242,"unrealiable","4","2","English","L2"
"7116",242,"demon","7","2","English","L2"
"7117",242,"positive","6","8","English","L2"
"7118",242,"saint","8","8","English","L2"
"7119",242,"graceful","2","9","English","L2"
"7120",242,"bad","7","2","English","L2"
"7121",242,"cruel","8","1","English","L2"
"7122",242,"careful","8","7","English","L2"
"7123",242,"sweetheart","3","9","English","L2"
"7124",242,"cautious","1","9","English","L2"
"7125",218,"good","7","9","English","L2"
"7126",218,"loyal","8","8","English","L2"
"7127",218,"reliable","2","9","English","L2"
"7128",218,"sweetheart","1","9","English","L2"
"7129",218,"graceful","1","7","English","L2"
"7130",218,"indiscreet","9","1","English","L2"
"7131",218,"disloyal","8","1","English","L2"
"7132",218,"unrealiable","9","1","English","L2"
"7133",218,"mean","7","1","English","L2"
"7134",218,"demon","9","1","English","L2"
"7135",218,"careful","1","7","English","L2"
"7136",218,"bad","5","1","English","L2"
"7137",218,"positive","1","9","English","L2"
"7138",218,"obsecene","9","1","English","L2"
"7139",218,"negative","5","1","English","L2"
"7140",218,"liar","8","1","English","L2"
"7141",218,"patient","1","6","English","L2"
"7142",218,"saint","1","6","English","L2"
"7143",218,"asshole","9","3","English","L2"
"7144",218,"wise","1","7","English","L2"
"7145",218,"lazy","6","2","English","L2"
"7146",218,"cruel","9","1","English","L2"
"7147",218,"rude","5","4","English","L2"
"7148",218,"kind","2","6","English","L2"
"7149",218,"discreet","5","5","English","L2"
"7150",218,"cautious","5","5","English","L2"
"7151",63,"liar","7","1","English","L2"
"7152",63,"graceful","2","7","English","L2"
"7153",63,"lazy","1","1","English","L2"
"7154",63,"cruel","9","1","English","L2"
"7155",63,"careful","1","7","English","L2"
"7156",63,"unrealiable","4","1","English","L2"
"7157",63,"discreet","2","9","English","L2"
"7158",63,"sweetheart","7","9","English","L2"
"7159",63,"cautious","1","9","English","L2"
"7160",63,"patient","1","7","English","L2"
"7161",63,"mean","7","1","English","L2"
"7162",63,"loyal","4","9","English","L2"
"7163",63,"positive","5","9","English","L2"
"7164",63,"saint","4","9","English","L2"
"7165",63,"bad","9","1","English","L2"
"7166",63,"wise","3","9","English","L2"
"7167",63,"indiscreet","6","2","English","L2"
"7168",63,"rude","7","1","English","L2"
"7169",63,"reliable","5","9","English","L2"
"7170",63,"kind","5","9","English","L2"
"7171",63,"asshole","9","1","English","L2"
"7172",63,"obsecene","6","1","English","L2"
"7173",63,"good","5","9","English","L2"
"7174",63,"disloyal","7","1","English","L2"
"7175",63,"negative","5","1","English","L2"
"7176",63,"demon","9","1","English","L2"
"7177",34,"liar","7","1","English","L2"
"7178",34,"bad","7","3","English","L2"
"7179",34,"good","4","7","English","L2"
"7180",34,"cautious","1","6","English","L2"
"7181",34,"saint","1","6","English","L2"
"7182",34,"lazy","1","5","English","L2"
"7183",34,"patient","1","7","English","L2"
"7184",34,"negative","6","3","English","L2"
"7185",34,"indiscreet","5","5","English","L2"
"7186",34,"wise","1","7","English","L2"
"7187",34,"cruel","6","1","English","L2"
"7188",34,"disloyal","6","1","English","L2"
"7189",34,"unrealiable","7","2","English","L2"
"7190",34,"obsecene","9","2","English","L2"
"7191",34,"sweetheart","1","9","English","L2"
"7192",34,"demon","9","1","English","L2"
"7193",34,"kind","2","8","English","L2"
"7194",34,"mean","8","1","English","L2"
"7195",34,"discreet","4","6","English","L2"
"7196",34,"positive","4","7","English","L2"
"7197",34,"loyal","2","7","English","L2"
"7198",34,"asshole","9","1","English","L2"
"7199",34,"rude","7","3","English","L2"
"7200",34,"graceful","3","7","English","L2"
"7201",34,"reliable","3","7","English","L2"
"7202",34,"careful","3","8","English","L2"
"7203",207,"mean","6","1","English","L2"
"7204",207,"positive","5","8","English","L2"
"7205",207,"rude","5","1","English","L2"
"7206",207,"kind","6","9","English","L2"
"7207",207,"cruel","9","1","English","L2"
"7208",207,"indiscreet","3","7","English","L2"
"7209",207,"lazy","5","5","English","L2"
"7210",207,"negative","3","2","English","L2"
"7211",207,"saint","5","7","English","L2"
"7212",207,"wise","4","8","English","L2"
"7213",207,"discreet","3","8","English","L2"
"7214",207,"reliable","4","9","English","L2"
"7215",207,"disloyal","6","2","English","L2"
"7216",207,"bad","8","1","English","L2"
"7217",207,"unrealiable","7","1","English","L2"
"7218",207,"obsecene","7","1","English","L2"
"7219",207,"sweetheart","2","9","English","L2"
"7220",207,"loyal","4","9","English","L2"
"7221",207,"demon","8","1","English","L2"
"7222",207,"careful","1","9","English","L2"
"7223",207,"patient","1","9","English","L2"
"7224",207,"good","1","9","English","L2"
"7225",207,"graceful","1","9","English","L2"
"7226",207,"asshole","4","4","English","L2"
"7227",207,"cautious","3","6","English","L2"
"7228",207,"liar","7","2","English","L2"
"7229",121,"graceful","2","8","English","L2"
"7230",121,"rude","6","1","English","L2"
"7231",121,"indiscreet","5","2","English","L2"
"7232",121,"positive","7","7","English","L2"
"7233",121,"careful","2","8","English","L2"
"7234",121,"wise","2","5","English","L2"
"7235",121,"patient","1","5","English","L2"
"7236",121,"mean","9","1","English","L2"
"7237",121,"disloyal","7","1","English","L2"
"7238",121,"cruel","9","1","English","L2"
"7239",121,"discreet","4","5","English","L2"
"7240",121,"sweetheart","7","9","English","L2"
"7241",121,"reliable","1","7","English","L2"
"7242",121,"obsecene","7","2","English","L2"
"7243",121,"bad","5","2","English","L2"
"7244",121,"liar","9","2","English","L2"
"7245",121,"asshole","9","3","English","L2"
"7246",121,"unrealiable","9","1","English","L2"
"7247",121,"negative","5","3","English","L2"
"7248",121,"lazy","5","5","English","L2"
"7249",121,"demon","7","2","English","L2"
"7250",121,"good","4","7","English","L2"
"7251",121,"loyal","2","8","English","L2"
"7252",121,"saint","7","8","English","L2"
"7253",121,"cautious","3","5","English","L2"
"7254",121,"kind","3","7","English","L2"
"7255",117,"discreet","1","5","English","L2"
"7256",117,"sweetheart","1","7","English","L2"
"7257",117,"careful","1","5","English","L2"
"7258",117,"lazy","1","3","English","L2"
"7259",117,"bad","1","3","English","L2"
"7260",117,"reliable","1","7","English","L2"
"7261",117,"demon","1","5","English","L2"
"7262",117,"positive","1","6","English","L2"
"7263",117,"cruel","2","4","English","L2"
"7264",117,"loyal","2","7","English","L2"
"7265",117,"asshole","4","7","English","L2"
"7266",117,"saint","1","7","English","L2"
"7267",117,"indiscreet","1","5","English","L2"
"7268",117,"kind","2","7","English","L2"
"7269",117,"good","1","6","English","L2"
"7270",117,"unrealiable","1","2","English","L2"
"7271",117,"mean","1","5","English","L2"
"7272",117,"patient","1","6","English","L2"
"7273",117,"disloyal","1","5","English","L2"
"7274",117,"cautious","1","5","English","L2"
"7275",117,"rude","1","5","English","L2"
"7276",117,"graceful","1","5","English","L2"
"7277",117,"negative","1","3","English","L2"
"7278",117,"wise","1","7","English","L2"
"7279",117,"liar","3","2","English","L2"
"7280",117,"obsecene","2","4","English","L2"
"7281",140,"good","5","7","English","L2"
"7282",140,"patient","5","7","English","L2"
"7283",140,"careful","6","8","English","L2"
"7284",140,"loyal","7","9","English","L2"
"7285",140,"unrealiable","5","2","English","L2"
"7286",140,"saint","5","5","English","L2"
"7287",140,"demon","5","1","English","L2"
"7288",140,"rude","6","1","English","L2"
"7289",140,"sweetheart","5","9","English","L2"
"7290",140,"asshole","6","1","English","L2"
"7291",140,"bad","6","2","English","L2"
"7292",140,"wise","5","8","English","L2"
"7293",140,"cautious","2","5","English","L2"
"7294",140,"graceful","1","7","English","L2"
"7295",140,"obsecene","7","1","English","L2"
"7296",140,"kind","5","5","English","L2"
"7297",140,"cruel","4","1","English","L2"
"7298",140,"negative","5","4","English","L2"
"7299",140,"liar","4","2","English","L2"
"7300",140,"discreet","5","5","English","L2"
"7301",140,"lazy","5","5","English","L2"
"7302",140,"indiscreet","5","4","English","L2"
"7303",140,"positive","6","7","English","L2"
"7304",140,"mean","5","5","English","L2"
"7305",140,"reliable","5","6","English","L2"
"7306",140,"disloyal","5","3","English","L2"
"7307",155,"saint","2","7","English","L2"
"7308",155,"demon","5","2","English","L2"
"7309",155,"cruel","5","1","English","L2"
"7310",155,"positive","7","9","English","L2"
"7311",155,"patient","4","9","English","L2"
"7312",155,"obsecene","5","3","English","L2"
"7313",155,"rude","4","3","English","L2"
"7314",155,"mean","5","2","English","L2"
"7315",155,"kind","7","8","English","L2"
"7316",155,"negative","5","5","English","L2"
"7317",155,"sweetheart","8","9","English","L2"
"7318",155,"graceful","7","9","English","L2"
"7319",155,"unrealiable","5","4","English","L2"
"7320",155,"cautious","2","5","English","L2"
"7321",155,"liar","5","4","English","L2"
"7322",155,"discreet","5","5","English","L2"
"7323",155,"careful","3","6","English","L2"
"7324",155,"indiscreet","5","5","English","L2"
"7325",155,"asshole","7","4","English","L2"
"7326",155,"bad","5","5","English","L2"
"7327",155,"lazy","4","5","English","L2"
"7328",155,"reliable","5","7","English","L2"
"7329",155,"wise","2","7","English","L2"
"7330",155,"good","5","5","English","L2"
"7331",155,"loyal","4","7","English","L2"
"7332",155,"disloyal","4","5","English","L2"
"7333",281,"cruel","7","2","English","L2"
"7334",281,"sweetheart","3","9","English","L2"
"7335",281,"wise","2","9","English","L2"
"7336",281,"saint","2","7","English","L2"
"7337",281,"indiscreet","6","5","English","L2"
"7338",281,"good","7","7","English","L2"
"7339",281,"liar","3","2","English","L2"
"7340",281,"mean","8","2","English","L2"
"7341",281,"bad","4","2","English","L2"
"7342",281,"kind","5","7","English","L2"
"7343",281,"patient","3","6","English","L2"
"7344",281,"rude","4","3","English","L2"
"7345",281,"discreet","7","5","English","L2"
"7346",281,"careful","4","7","English","L2"
"7347",281,"unrealiable","8","2","English","L2"
"7348",281,"positive","3","7","English","L2"
"7349",281,"cautious","7","8","English","L2"
"7350",281,"loyal","7","8","English","L2"
"7351",281,"asshole","9","1","English","L2"
"7352",281,"graceful","1","9","English","L2"
"7353",281,"demon","7","2","English","L2"
"7354",281,"lazy","2","1","English","L2"
"7355",281,"disloyal","4","1","English","L2"
"7356",281,"reliable","6","8","English","L2"
"7357",281,"obsecene","6","2","English","L2"
"7358",281,"negative","6","2","English","L2"
"7359",12,"graceful","2","8","English","L2"
"7360",12,"lazy","6","3","English","L2"
"7361",12,"discreet","1","7","English","L2"
"7362",12,"unrealiable","7","2","English","L2"
"7363",12,"cautious","3","5","English","L2"
"7364",12,"good","2","7","English","L2"
"7365",12,"saint","5","5","English","L2"
"7366",12,"mean","8","2","English","L2"
"7367",12,"cruel","9","1","English","L2"
"7368",12,"disloyal","5","2","English","L2"
"7369",12,"positive","2","8","English","L2"
"7370",12,"asshole","8","2","English","L2"
"7371",12,"wise","2","8","English","L2"
"7372",12,"demon","4","5","English","L2"
"7373",12,"reliable","2","8","English","L2"
"7374",12,"negative","4","2","English","L2"
"7375",12,"careful","3","6","English","L2"
"7376",12,"obsecene","5","4","English","L2"
"7377",12,"kind","2","8","English","L2"
"7378",12,"bad","8","2","English","L2"
"7379",12,"liar","7","1","English","L2"
"7380",12,"patient","1","6","English","L2"
"7381",12,"sweetheart","2","9","English","L2"
"7382",12,"loyal","1","8","English","L2"
"7383",12,"indiscreet","5","3","English","L2"
"7384",12,"rude","7","2","English","L2"
"7385",232,"cautious","5","3","English","L2"
"7386",232,"good","8","8","English","L2"
"7387",232,"disloyal","4","4","English","L2"
"7388",232,"asshole","7","2","English","L2"
"7389",232,"discreet","7","6","English","L2"
"7390",232,"kind","2","8","English","L2"
"7391",232,"negative","6","3","English","L2"
"7392",232,"loyal","7","7","English","L2"
"7393",232,"reliable","3","8","English","L2"
"7394",232,"mean","7","3","English","L2"
"7395",232,"bad","7","3","English","L2"
"7396",232,"wise","7","8","English","L2"
"7397",232,"sweetheart","8","8","English","L2"
"7398",232,"demon","7","2","English","L2"
"7399",232,"patient","2","8","English","L2"
"7400",232,"saint","3","8","English","L2"
"7401",232,"lazy","5","4","English","L2"
"7402",232,"careful","7","8","English","L2"
"7403",232,"unrealiable","7","3","English","L2"
"7404",232,"cruel","7","3","English","L2"
"7405",232,"positive","6","8","English","L2"
"7406",232,"indiscreet","6","7","English","L2"
"7407",232,"liar","6","3","English","L2"
"7408",232,"graceful","7","7","English","L2"
"7409",232,"obsecene","8","2","English","L2"
"7410",232,"rude","7","3","English","L2"
"7411",250,"cautious","2","8","English","L2"
"7412",250,"mean","2","5","English","L2"
"7413",250,"patient","2","8","English","L2"
"7414",250,"reliable","2","9","English","L2"
"7415",250,"obsecene","7","1","English","L2"
"7416",250,"lazy","1","7","English","L2"
"7417",250,"loyal","4","8","English","L2"
"7418",250,"saint","5","7","English","L2"
"7419",250,"bad","6","2","English","L2"
"7420",250,"discreet","2","6","English","L2"
"7421",250,"graceful","6","8","English","L2"
"7422",250,"careful","3","8","English","L2"
"7423",250,"rude","8","2","English","L2"
"7424",250,"disloyal","7","2","English","L2"
"7425",250,"positive","2","8","English","L2"
"7426",250,"asshole","8","2","English","L2"
"7427",250,"sweetheart","2","8","English","L2"
"7428",250,"good","2","8","English","L2"
"7429",250,"wise","2","9","English","L2"
"7430",250,"negative","7","2","English","L2"
"7431",250,"kind","3","8","English","L2"
"7432",250,"demon","8","2","English","L2"
"7433",250,"liar","8","2","English","L2"
"7434",250,"indiscreet","7","2","English","L2"
"7435",250,"unrealiable","8","2","English","L2"
"7436",250,"cruel","7","1","English","L2"
"7437",253,"graceful","3","7","English","L2"
"7438",253,"patient","1","7","English","L2"
"7439",253,"asshole","9","5","English","L2"
"7440",253,"discreet","2","7","English","L2"
"7441",253,"obsecene","8","4","English","L2"
"7442",253,"wise","2","8","English","L2"
"7443",253,"cautious","1","6","English","L2"
"7444",253,"positive","7","9","English","L2"
"7445",253,"disloyal","7","1","English","L2"
"7446",253,"bad","8","1","English","L2"
"7447",253,"liar","6","1","English","L2"
"7448",253,"sweetheart","7","9","English","L2"
"7449",253,"indiscreet","5","2","English","L2"
"7450",253,"kind","1","9","English","L2"
"7451",253,"good","6","9","English","L2"
"7452",253,"saint","1","9","English","L2"
"7453",253,"reliable","1","9","English","L2"
"7454",253,"careful","1","9","English","L2"
"7455",253,"unrealiable","6","1","English","L2"
"7456",253,"rude","7","1","English","L2"
"7457",253,"mean","5","1","English","L2"
"7458",253,"cruel","9","1","English","L2"
"7459",253,"demon","9","1","English","L2"
"7460",253,"lazy","3","1","English","L2"
"7461",253,"negative","3","1","English","L2"
"7462",253,"loyal","5","9","English","L2"
"7463",211,"good","7","7","English","L2"
"7464",211,"graceful","4","6","English","L2"
"7465",211,"rude","5","3","English","L2"
"7466",211,"bad","5","2","English","L2"
"7467",211,"demon","2","2","English","L2"
"7468",211,"discreet","5","5","English","L2"
"7469",211,"wise","3","6","English","L2"
"7470",211,"lazy","4","3","English","L2"
"7471",211,"cruel","5","1","English","L2"
"7472",211,"careful","2","6","English","L2"
"7473",211,"obsecene","5","1","English","L2"
"7474",211,"negative","4","2","English","L2"
"7475",211,"sweetheart","4","7","English","L2"
"7476",211,"indiscreet","4","4","English","L2"
"7477",211,"unrealiable","5","2","English","L2"
"7478",211,"liar","6","1","English","L2"
"7479",211,"cautious","2","6","English","L2"
"7480",211,"kind","2","7","English","L2"
"7481",211,"disloyal","5","1","English","L2"
"7482",211,"saint","3","6","English","L2"
"7483",211,"loyal","2","7","English","L2"
"7484",211,"mean","5","2","English","L2"
"7485",211,"asshole","5","1","English","L2"
"7486",211,"patient","1","7","English","L2"
"7487",211,"positive","5","7","English","L2"
"7488",211,"reliable","4","7","English","L2"
"7489",153,"saint","6","7","English","L2"
"7490",153,"discreet","1","3","English","L2"
"7491",153,"reliable","1","9","English","L2"
"7492",153,"cruel","7","1","English","L2"
"7493",153,"mean","7","2","English","L2"
"7494",153,"liar","7","1","English","L2"
"7495",153,"asshole","8","3","English","L2"
"7496",153,"positive","9","9","English","L2"
"7497",153,"unrealiable","6","2","English","L2"
"7498",153,"disloyal","4","2","English","L2"
"7499",153,"cautious","5","5","English","L2"
"7500",153,"rude","8","2","English","L2"
"7501",153,"graceful","9","9","English","L2"
"7502",153,"wise","9","9","English","L2"
"7503",153,"careful","2","5","English","L2"
"7504",153,"patient","6","3","English","L2"
"7505",153,"bad","8","2","English","L2"
"7506",153,"sweetheart","9","9","English","L2"
"7507",153,"loyal","1","6","English","L2"
"7508",153,"kind","1","8","English","L2"
"7509",153,"negative","1","5","English","L2"
"7510",153,"good","1","7","English","L2"
"7511",153,"indiscreet","5","2","English","L2"
"7512",153,"obsecene","8","2","English","L2"
"7513",153,"lazy","9","1","English","L2"
"7514",153,"demon","6","6","English","L2"
"7515",104,"mean","1","1","English","L2"
"7516",104,"unrealiable","7","1","English","L2"
"7517",104,"disloyal","7","1","English","L2"
"7518",104,"reliable","1","9","English","L2"
"7519",104,"sweetheart","1","9","English","L2"
"7520",104,"lazy","3","1","English","L2"
"7521",104,"good","3","9","English","L2"
"7522",104,"loyal","2","9","English","L2"
"7523",104,"asshole","7","1","English","L2"
"7524",104,"wise","1","9","English","L2"
"7525",104,"careful","7","9","English","L2"
"7526",104,"discreet","2","6","English","L2"
"7527",104,"demon","9","2","English","L2"
"7528",104,"graceful","2","9","English","L2"
"7529",104,"bad","7","1","English","L2"
"7530",104,"indiscreet","7","1","English","L2"
"7531",104,"negative","5","1","English","L2"
"7532",104,"cruel","6","1","English","L2"
"7533",104,"cautious","2","7","English","L2"
"7534",104,"patient","3","7","English","L2"
"7535",104,"obsecene","8","2","English","L2"
"7536",104,"liar","7","1","English","L2"
"7537",104,"kind","2","9","English","L2"
"7538",104,"rude","2","2","English","L2"
"7539",104,"positive","5","9","English","L2"
"7540",104,"saint","1","7","English","L2"
"7541",69,"saint","3","6","English","L2"
"7542",69,"loyal","1","8","English","L2"
"7543",69,"asshole","7","3","English","L2"
"7544",69,"rude","5","3","English","L2"
"7545",69,"good","1","8","English","L2"
"7546",69,"liar","7","2","English","L2"
"7547",69,"wise","1","7","English","L2"
"7548",69,"careful","1","7","English","L2"
"7549",69,"indiscreet","5","4","English","L2"
"7550",69,"mean","6","2","English","L2"
"7551",69,"demon","5","3","English","L2"
"7552",69,"positive","5","8","English","L2"
"7553",69,"cruel","7","2","English","L2"
"7554",69,"bad","5","3","English","L2"
"7555",69,"disloyal","5","3","English","L2"
"7556",69,"discreet","2","6","English","L2"
"7557",69,"reliable","1","8","English","L2"
"7558",69,"graceful","3","7","English","L2"
"7559",69,"negative","5","4","English","L2"
"7560",69,"kind","1","8","English","L2"
"7561",69,"lazy","5","5","English","L2"
"7562",69,"obsecene","7","4","English","L2"
"7563",69,"cautious","2","5","English","L2"
"7564",69,"sweetheart","1","8","English","L2"
"7565",69,"patient","1","7","English","L2"
"7566",69,"unrealiable","7","2","English","L2"
"7567",227,"liar","7","1","English","L2"
"7568",227,"saint","6","9","English","L2"
"7569",227,"obsecene","9","1","English","L2"
"7570",227,"patient","1","8","English","L2"
"7571",227,"unrealiable","5","3","English","L2"
"7572",227,"good","3","7","English","L2"
"7573",227,"rude","7","2","English","L2"
"7574",227,"indiscreet","5","4","English","L2"
"7575",227,"demon","5","1","English","L2"
"7576",227,"bad","5","4","English","L2"
"7577",227,"negative","5","3","English","L2"
"7578",227,"reliable","5","8","English","L2"
"7579",227,"cruel","9","1","English","L2"
"7580",227,"positive","4","8","English","L2"
"7581",227,"sweetheart","5","6","English","L2"
"7582",227,"lazy","5","3","English","L2"
"7583",227,"disloyal","8","1","English","L2"
"7584",227,"discreet","4","5","English","L2"
"7585",227,"kind","5","5","English","L2"
"7586",227,"wise","5","8","English","L2"
"7587",227,"cautious","3","5","English","L2"
"7588",227,"loyal","4","8","English","L2"
"7589",227,"asshole","9","1","English","L2"
"7590",227,"graceful","7","9","English","L2"
"7591",227,"mean","3","8","English","L2"
"7592",227,"careful","2","9","English","L2"
"7593",131,"wise","2","5","English","L2"
"7594",131,"discreet","4","5","English","L2"
"7595",131,"obsecene","6","1","English","L2"
"7596",131,"mean","6","4","English","L2"
"7597",131,"loyal","1","9","English","L2"
"7598",131,"indiscreet","5","5","English","L2"
"7599",131,"demon","8","5","English","L2"
"7600",131,"saint","3","5","English","L2"
"7601",131,"kind","3","7","English","L2"
"7602",131,"unrealiable","5","3","English","L2"
"7603",131,"disloyal","9","2","English","L2"
"7604",131,"graceful","1","6","English","L2"
"7605",131,"cruel","7","3","English","L2"
"7606",131,"liar","9","2","English","L2"
"7607",131,"cautious","5","5","English","L2"
"7608",131,"good","4","7","English","L2"
"7609",131,"lazy","1","4","English","L2"
"7610",131,"asshole","8","1","English","L2"
"7611",131,"positive","3","5","English","L2"
"7612",131,"rude","6","3","English","L2"
"7613",131,"sweetheart","7","9","English","L2"
"7614",131,"patient","3","7","English","L2"
"7615",131,"bad","5","5","English","L2"
"7616",131,"negative","5","5","English","L2"
"7617",131,"reliable","7","8","English","L2"
"7618",131,"careful","3","7","English","L2"
"7619",23,"reliable","2","7","English","L2"
"7620",23,"loyal","2","8","English","L2"
"7621",23,"liar","7","2","English","L2"
"7622",23,"disloyal","8","2","English","L2"
"7623",23,"obsecene","8","3","English","L2"
"7624",23,"graceful","2","7","English","L2"
"7625",23,"saint","2","8","English","L2"
"7626",23,"lazy","6","3","English","L2"
"7627",23,"unrealiable","8","2","English","L2"
"7628",23,"cruel","7","1","English","L2"
"7629",23,"patient","2","7","English","L2"
"7630",23,"indiscreet","7","3","English","L2"
"7631",23,"wise","1","8","English","L2"
"7632",23,"cautious","4","6","English","L2"
"7633",23,"asshole","8","2","English","L2"
"7634",23,"discreet","2","7","English","L2"
"7635",23,"careful","2","7","English","L2"
"7636",23,"good","3","9","English","L2"
"7637",23,"demon","8","2","English","L2"
"7638",23,"negative","7","1","English","L2"
"7639",23,"sweetheart","4","8","English","L2"
"7640",23,"positive","2","9","English","L2"
"7641",23,"bad","7","1","English","L2"
"7642",23,"rude","8","2","English","L2"
"7643",23,"kind","2","7","English","L2"
"7644",23,"mean","8","2","English","L2"
"7645",212,"demon","6","3","English","L2"
"7646",212,"discreet","6","6","English","L2"
"7647",212,"positive","4","9","English","L2"
"7648",212,"kind","7","7","English","L2"
"7649",212,"negative","2","1","English","L2"
"7650",212,"careful","2","8","English","L2"
"7651",212,"disloyal","9","1","English","L2"
"7652",212,"loyal","8","8","English","L2"
"7653",212,"lazy","9","2","English","L2"
"7654",212,"cruel","9","1","English","L2"
"7655",212,"asshole","5","5","English","L2"
"7656",212,"reliable","4","6","English","L2"
"7657",212,"bad","9","1","English","L2"
"7658",212,"indiscreet","7","2","English","L2"
"7659",212,"mean","3","4","English","L2"
"7660",212,"liar","9","1","English","L2"
"7661",212,"unrealiable","3","3","English","L2"
"7662",212,"patient","2","5","English","L2"
"7663",212,"wise","9","1","English","L2"
"7664",212,"cautious","3","4","English","L2"
"7665",212,"rude","7","4","English","L2"
"7666",212,"good","9","9","English","L2"
"7667",212,"obsecene","7","1","English","L2"
"7668",212,"graceful","8","9","English","L2"
"7669",212,"saint","2","3","English","L2"
"7670",212,"sweetheart","9","9","English","L2"
"7671",137,"negative","2","2","English","L2"
"7672",137,"reliable","1","9","English","L2"
"7673",137,"careful","1","7","English","L2"
"7674",137,"saint","8","7","English","L2"
"7675",137,"positive","7","8","English","L2"
"7676",137,"mean","1","1","English","L2"
"7677",137,"cruel","1","1","English","L2"
"7678",137,"cautious","1","3","English","L2"
"7679",137,"obsecene","1","1","English","L2"
"7680",137,"wise","1","8","English","L2"
"7681",137,"disloyal","5","1","English","L2"
"7682",137,"demon","7","1","English","L2"
"7683",137,"discreet","1","8","English","L2"
"7684",137,"graceful","8","9","English","L2"
"7685",137,"lazy","1","3","English","L2"
"7686",137,"patient","1","7","English","L2"
"7687",137,"sweetheart","7","8","English","L2"
"7688",137,"indiscreet","8","3","English","L2"
"7689",137,"asshole","1","1","English","L2"
"7690",137,"rude","1","1","English","L2"
"7691",137,"unrealiable","1","1","English","L2"
"7692",137,"bad","5","1","English","L2"
"7693",137,"loyal","1","9","English","L2"
"7694",137,"good","1","9","English","L2"
"7695",137,"kind","1","9","English","L2"
"7696",137,"liar","9","1","English","L2"
"7697",26,"graceful","3","8","English","L2"
"7698",26,"demon","7","2","English","L2"
"7699",26,"cruel","3","1","English","L2"
"7700",26,"cautious","2","6","English","L2"
"7701",26,"obsecene","4","2","English","L2"
"7702",26,"unrealiable","4","1","English","L2"
"7703",26,"negative","5","1","English","L2"
"7704",26,"disloyal","7","1","English","L2"
"7705",26,"lazy","7","1","English","L2"
"7706",26,"reliable","9","9","English","L2"
"7707",26,"rude","5","1","English","L2"
"7708",26,"indiscreet","6","1","English","L2"
"7709",26,"loyal","7","9","English","L2"
"7710",26,"asshole","6","1","English","L2"
"7711",26,"kind","9","9","English","L2"
"7712",26,"discreet","8","9","English","L2"
"7713",26,"sweetheart","9","9","English","L2"
"7714",26,"mean","4","2","English","L2"
"7715",26,"careful","6","9","English","L2"
"7716",26,"wise","9","9","English","L2"
"7717",26,"patient","7","9","English","L2"
"7718",26,"bad","4","2","English","L2"
"7719",26,"saint","6","6","English","L2"
"7720",26,"positive","9","9","English","L2"
"7721",26,"good","7","9","English","L2"
"7722",26,"liar","3","1","English","L2"
"7723",173,"kind","2","9","English","L2"
"7724",173,"lazy","2","1","English","L2"
"7725",173,"discreet","1","6","English","L2"
"7726",173,"mean","6","1","English","L2"
"7727",173,"unrealiable","6","1","English","L2"
"7728",173,"sweetheart","4","8","English","L2"
"7729",173,"graceful","1","7","English","L2"
"7730",173,"obsecene","7","1","English","L2"
"7731",173,"wise","1","9","English","L2"
"7732",173,"indiscreet","5","4","English","L2"
"7733",173,"cruel","7","1","English","L2"
"7734",173,"rude","6","2","English","L2"
"7735",173,"demon","9","1","English","L2"
"7736",173,"cautious","1","6","English","L2"
"7737",173,"disloyal","7","2","English","L2"
"7738",173,"bad","7","4","English","L2"
"7739",173,"reliable","1","8","English","L2"
"7740",173,"careful","1","7","English","L2"
"7741",173,"saint","3","7","English","L2"
"7742",173,"loyal","1","8","English","L2"
"7743",173,"patient","1","8","English","L2"
"7744",173,"liar","9","3","English","L2"
"7745",173,"negative","5","3","English","L2"
"7746",173,"positive","5","6","English","L2"
"7747",173,"asshole","9","1","English","L2"
"7748",173,"good","5","6","English","L2"
"7749",235,"obsecene","7","4","English","L2"
"7750",235,"graceful","2","9","English","L2"
"7751",235,"kind","1","9","English","L2"
"7752",235,"good","5","8","English","L2"
"7753",235,"loyal","5","6","English","L2"
"7754",235,"saint","3","8","English","L2"
"7755",235,"sweetheart","4","9","English","L2"
"7756",235,"mean","7","3","English","L2"
"7757",235,"positive","5","8","English","L2"
"7758",235,"unrealiable","6","1","English","L2"
"7759",235,"cautious","1","6","English","L2"
"7760",235,"demon","8","5","English","L2"
"7761",235,"patient","5","5","English","L2"
"7762",235,"rude","8","1","English","L2"
"7763",235,"discreet","1","5","English","L2"
"7764",235,"negative","6","4","English","L2"
"7765",235,"indiscreet","7","2","English","L2"
"7766",235,"reliable","1","9","English","L2"
"7767",235,"wise","1","9","English","L2"
"7768",235,"bad","5","3","English","L2"
"7769",235,"liar","7","1","English","L2"
"7770",235,"lazy","7","3","English","L2"
"7771",235,"disloyal","7","3","English","L2"
"7772",235,"cruel","9","1","English","L2"
"7773",235,"asshole","7","1","English","L2"
"7774",235,"careful","3","5","English","L2"
"7775",246,"wise","2","8","English","L2"
"7776",246,"bad","4","2","English","L2"
"7777",246,"sweetheart","2","8","English","L2"
"7778",246,"reliable","1","6","English","L2"
"7779",246,"asshole","7","1","English","L2"
"7780",246,"careful","3","6","English","L2"
"7781",246,"lazy","3","3","English","L2"
"7782",246,"positive","7","8","English","L2"
"7783",246,"unrealiable","7","5","English","L2"
"7784",246,"discreet","3","4","English","L2"
"7785",246,"cautious","4","6","English","L2"
"7786",246,"liar","5","2","English","L2"
"7787",246,"demon","6","2","English","L2"
"7788",246,"saint","1","5","English","L2"
"7789",246,"obsecene","7","2","English","L2"
"7790",246,"patient","1","7","English","L2"
"7791",246,"loyal","4","6","English","L2"
"7792",246,"cruel","7","2","English","L2"
"7793",246,"indiscreet","4","5","English","L2"
"7794",246,"kind","6","7","English","L2"
"7795",246,"negative","1","2","English","L2"
"7796",246,"disloyal","7","2","English","L2"
"7797",246,"mean","6","2","English","L2"
"7798",246,"graceful","6","7","English","L2"
"7799",246,"rude","7","3","English","L2"
"7800",246,"good","7","8","English","L2"
"7801",1,"rude","2","2","English","L2"
"7802",1,"loyal","1","9","English","L2"
"7803",1,"sweetheart","6","9","English","L2"
"7804",1,"wise","1","7","English","L2"
"7805",1,"negative","5","2","English","L2"
"7806",1,"discreet","1","6","English","L2"
"7807",1,"cautious","1","6","English","L2"
"7808",1,"cruel","5","1","English","L2"
"7809",1,"indiscreet","5","4","English","L2"
"7810",1,"lazy","4","3","English","L2"
"7811",1,"good","7","9","English","L2"
"7812",1,"unrealiable","6","2","English","L2"
"7813",1,"graceful","2","8","English","L2"
"7814",1,"demon","5","1","English","L2"
"7815",1,"careful","2","8","English","L2"
"7816",1,"patient","1","9","English","L2"
"7817",1,"obsecene","5","4","English","L2"
"7818",1,"saint","5","6","English","L2"
"7819",1,"disloyal","5","1","English","L2"
"7820",1,"asshole","5","1","English","L2"
"7821",1,"mean","5","3","English","L2"
"7822",1,"bad","5","3","English","L2"
"7823",1,"reliable","1","8","English","L2"
"7824",1,"kind","1","9","English","L2"
"7825",1,"liar","5","1","English","L2"
"7826",1,"positive","2","9","English","L2"
