"","X","Participant","Word","likert_arousal","likert_valence","StudyLanguage","Nativeness"
"1",1,26,"pigra",3,4,"Italian","L1"
"2",2,26,"tesoro",5,6,"Italian","L1"
"3",3,26,"cattivo",2,2,"Italian","L1"
"4",4,26,"demone",4,1,"Italian","L1"
"5",5,26,"stronzo",5,1,"Italian","L1"
"6",6,26,"osceno",4,3,"Italian","L1"
"7",7,26,"saggia",2,6,"Italian","L1"
"8",8,26,"crudele",4,2,"Italian","L1"
"9",9,26,"gentile",2,7,"Italian","L1"
"10",10,26,"riservata",4,5,"Italian","L1"
"11",11,26,"buono",5,8,"Italian","L1"
"12",12,26,"cauta",5,5,"Italian","L1"
"13",13,26,"bugiarda",4,3,"Italian","L1"
"14",14,26,"indiscreta",6,4,"Italian","L1"
"15",15,26,"leale",5,6,"Italian","L1"
"16",16,26,"elegante",6,8,"Italian","L1"
"17",17,26,"inaffidabile",5,3,"Italian","L1"
"18",18,26,"meschina",5,3,"Italian","L1"
"19",19,26,"negativo",6,1,"Italian","L1"
"20",20,26,"positivo",5,9,"Italian","L1"
"21",21,26,"affidabile",6,7,"Italian","L1"
"22",22,26,"sleale",4,2,"Italian","L1"
"23",23,26,"paziente",1,6,"Italian","L1"
"24",24,26,"santo",7,6,"Italian","L1"
"25",25,26,"scortese",5,2,"Italian","L1"
"26",26,26,"scrupolosa",5,4,"Italian","L1"
"27",27,130,"tesoro",7,7,"Italian","L1"
"28",28,130,"inaffidabile",3,2,"Italian","L1"
"29",29,130,"meschina",6,8,"Italian","L1"
"30",30,130,"crudele",3,2,"Italian","L1"
"31",31,130,"sleale",3,3,"Italian","L1"
"32",32,130,"affidabile",5,8,"Italian","L1"
"33",33,130,"scortese",2,1,"Italian","L1"
"34",34,130,"saggia",3,8,"Italian","L1"
"35",35,130,"negativo",1,3,"Italian","L1"
"36",36,130,"gentile",4,6,"Italian","L1"
"37",37,130,"elegante",3,7,"Italian","L1"
"38",38,130,"demone",3,3,"Italian","L1"
"39",39,130,"buono",2,5,"Italian","L1"
"40",40,130,"indiscreta",4,2,"Italian","L1"
"41",41,130,"pigra",6,2,"Italian","L1"
"42",42,130,"positivo",7,7,"Italian","L1"
"43",43,130,"cattivo",3,3,"Italian","L1"
"44",44,130,"stronzo",5,2,"Italian","L1"
"45",45,130,"leale",5,7,"Italian","L1"
"46",46,130,"riservata",2,5,"Italian","L1"
"47",47,130,"scrupolosa",1,4,"Italian","L1"
"48",48,130,"santo",3,6,"Italian","L1"
"49",49,130,"paziente",1,7,"Italian","L1"
"50",50,130,"osceno",5,2,"Italian","L1"
"51",51,130,"cauta",1,5,"Italian","L1"
"52",52,130,"bugiarda",5,1,"Italian","L1"
"53",53,85,"riservata",1,9,"Italian","L1"
"54",54,85,"stronzo",5,1,"Italian","L1"
"55",55,85,"negativo",5,1,"Italian","L1"
"56",56,85,"elegante",7,9,"Italian","L1"
"57",57,85,"santo",1,9,"Italian","L1"
"58",58,85,"demone",5,1,"Italian","L1"
"59",59,85,"tesoro",9,9,"Italian","L1"
"60",60,85,"crudele",5,1,"Italian","L1"
"61",61,85,"sleale",5,1,"Italian","L1"
"62",62,85,"cauta",5,5,"Italian","L1"
"63",63,85,"positivo",9,9,"Italian","L1"
"64",64,85,"cattivo",5,1,"Italian","L1"
"65",65,85,"leale",9,9,"Italian","L1"
"66",66,85,"scrupolosa",1,8,"Italian","L1"
"67",67,85,"meschina",5,1,"Italian","L1"
"68",68,85,"inaffidabile",5,1,"Italian","L1"
"69",69,85,"affidabile",9,9,"Italian","L1"
"70",70,85,"scortese",5,1,"Italian","L1"
"71",71,85,"saggia",1,9,"Italian","L1"
"72",72,85,"buono",9,9,"Italian","L1"
"73",73,85,"indiscreta",5,5,"Italian","L1"
"74",74,85,"paziente",1,9,"Italian","L1"
"75",75,85,"gentile",1,9,"Italian","L1"
"76",76,85,"bugiarda",5,1,"Italian","L1"
"77",77,85,"pigra",5,1,"Italian","L1"
"78",78,85,"osceno",5,1,"Italian","L1"
"79",79,57,"saggia",3,7,"Italian","L1"
"80",80,57,"osceno",8,3,"Italian","L1"
"81",81,57,"leale",4,7,"Italian","L1"
"82",82,57,"gentile",3,7,"Italian","L1"
"83",83,57,"paziente",1,6,"Italian","L1"
"84",84,57,"scortese",6,1,"Italian","L1"
"85",85,57,"tesoro",5,9,"Italian","L1"
"86",86,57,"negativo",5,1,"Italian","L1"
"87",87,57,"buono",6,6,"Italian","L1"
"88",88,57,"indiscreta",5,4,"Italian","L1"
"89",89,57,"meschina",5,1,"Italian","L1"
"90",90,57,"affidabile",5,9,"Italian","L1"
"91",91,57,"positivo",8,9,"Italian","L1"
"92",92,57,"sleale",5,1,"Italian","L1"
"93",93,57,"inaffidabile",5,1,"Italian","L1"
"94",94,57,"cattivo",5,1,"Italian","L1"
"95",95,57,"santo",5,5,"Italian","L1"
"96",96,57,"pigra",1,5,"Italian","L1"
"97",97,57,"cauta",1,5,"Italian","L1"
"98",98,57,"crudele",5,1,"Italian","L1"
"99",99,57,"riservata",3,6,"Italian","L1"
"100",100,57,"elegante",2,7,"Italian","L1"
"101",101,57,"scrupolosa",5,5,"Italian","L1"
"102",102,57,"demone",8,1,"Italian","L1"
"103",103,57,"stronzo",5,5,"Italian","L1"
"104",104,57,"bugiarda",5,1,"Italian","L1"
"105",131,135,"elegante",2,8,"Italian","L1"
"106",132,135,"gentile",2,9,"Italian","L1"
"107",133,135,"negativo",4,2,"Italian","L1"
"108",134,135,"santo",1,5,"Italian","L1"
"109",135,135,"scrupolosa",5,4,"Italian","L1"
"110",136,135,"meschina",4,2,"Italian","L1"
"111",137,135,"riservata",1,9,"Italian","L1"
"112",138,135,"leale",5,9,"Italian","L1"
"113",139,135,"indiscreta",6,3,"Italian","L1"
"114",140,135,"saggia",6,7,"Italian","L1"
"115",141,135,"cauta",3,7,"Italian","L1"
"116",142,135,"scortese",5,1,"Italian","L1"
"117",143,135,"paziente",2,7,"Italian","L1"
"118",144,135,"cattivo",4,1,"Italian","L1"
"119",145,135,"demone",4,1,"Italian","L1"
"120",146,135,"bugiarda",6,1,"Italian","L1"
"121",147,135,"affidabile",7,9,"Italian","L1"
"122",148,135,"osceno",4,1,"Italian","L1"
"123",149,135,"tesoro",6,9,"Italian","L1"
"124",150,135,"crudele",4,2,"Italian","L1"
"125",151,135,"sleale",8,2,"Italian","L1"
"126",152,135,"positivo",6,9,"Italian","L1"
"127",153,135,"stronzo",3,1,"Italian","L1"
"128",154,135,"inaffidabile",6,1,"Italian","L1"
"129",155,135,"buono",6,9,"Italian","L1"
"130",156,135,"pigra",3,3,"Italian","L1"
"131",183,46,"stronzo",6,2,"Italian","L1"
"132",184,46,"santo",3,6,"Italian","L1"
"133",185,46,"paziente",1,6,"Italian","L1"
"134",186,46,"crudele",7,1,"Italian","L1"
"135",187,46,"riservata",5,5,"Italian","L1"
"136",188,46,"bugiarda",6,2,"Italian","L1"
"137",189,46,"scrupolosa",6,5,"Italian","L1"
"138",190,46,"inaffidabile",6,2,"Italian","L1"
"139",191,46,"osceno",5,5,"Italian","L1"
"140",192,46,"cauta",7,4,"Italian","L1"
"141",193,46,"gentile",3,7,"Italian","L1"
"142",194,46,"cattivo",7,3,"Italian","L1"
"143",195,46,"positivo",5,7,"Italian","L1"
"144",196,46,"sleale",6,3,"Italian","L1"
"145",197,46,"leale",3,6,"Italian","L1"
"146",198,46,"scortese",6,3,"Italian","L1"
"147",199,46,"meschina",5,3,"Italian","L1"
"148",200,46,"demone",7,2,"Italian","L1"
"149",201,46,"negativo",4,3,"Italian","L1"
"150",202,46,"elegante",3,6,"Italian","L1"
"151",203,46,"indiscreta",5,4,"Italian","L1"
"152",204,46,"tesoro",3,7,"Italian","L1"
"153",205,46,"pigra",4,3,"Italian","L1"
"154",206,46,"saggia",1,6,"Italian","L1"
"155",207,46,"affidabile",1,6,"Italian","L1"
"156",208,46,"buono",2,6,"Italian","L1"
"157",209,126,"elegante",4,7,"Italian","L1"
"158",210,126,"paziente",1,7,"Italian","L1"
"159",211,126,"meschina",8,2,"Italian","L1"
"160",212,126,"leale",1,5,"Italian","L1"
"161",213,126,"scortese",8,1,"Italian","L1"
"162",214,126,"bugiarda",9,1,"Italian","L1"
"163",215,126,"gentile",2,7,"Italian","L1"
"164",216,126,"osceno",8,1,"Italian","L1"
"165",217,126,"riservata",2,5,"Italian","L1"
"166",218,126,"crudele",9,1,"Italian","L1"
"167",219,126,"positivo",5,7,"Italian","L1"
"168",220,126,"indiscreta",5,5,"Italian","L1"
"169",221,126,"negativo",6,1,"Italian","L1"
"170",222,126,"sleale",8,1,"Italian","L1"
"171",223,126,"cattivo",7,1,"Italian","L1"
"172",224,126,"demone",9,1,"Italian","L1"
"173",225,126,"stronzo",9,1,"Italian","L1"
"174",226,126,"cauta",6,3,"Italian","L1"
"175",227,126,"santo",5,7,"Italian","L1"
"176",228,126,"pigra",5,1,"Italian","L1"
"177",229,126,"scrupolosa",5,3,"Italian","L1"
"178",230,126,"tesoro",9,9,"Italian","L1"
"179",231,126,"buono",6,9,"Italian","L1"
"180",232,126,"inaffidabile",6,2,"Italian","L1"
"181",233,126,"saggia",3,7,"Italian","L1"
"182",234,126,"affidabile",2,7,"Italian","L1"
"183",235,190,"buono",7,7,"Italian","L1"
"184",236,190,"pigra",4,5,"Italian","L1"
"185",237,190,"tesoro",6,7,"Italian","L1"
"186",238,190,"demone",3,1,"Italian","L1"
"187",239,190,"elegante",9,9,"Italian","L1"
"188",240,190,"inaffidabile",5,4,"Italian","L1"
"189",241,190,"scortese",3,2,"Italian","L1"
"190",242,190,"riservata",5,2,"Italian","L1"
"191",243,190,"meschina",3,1,"Italian","L1"
"192",244,190,"cauta",5,5,"Italian","L1"
"193",245,190,"saggia",9,8,"Italian","L1"
"194",246,190,"leale",9,9,"Italian","L1"
"195",247,190,"paziente",7,8,"Italian","L1"
"196",248,190,"crudele",3,2,"Italian","L1"
"197",249,190,"osceno",2,1,"Italian","L1"
"198",250,190,"sleale",4,2,"Italian","L1"
"199",251,190,"indiscreta",5,5,"Italian","L1"
"200",252,190,"positivo",9,8,"Italian","L1"
"201",253,190,"bugiarda",1,1,"Italian","L1"
"202",254,190,"negativo",3,2,"Italian","L1"
"203",255,190,"stronzo",1,1,"Italian","L1"
"204",256,190,"scrupolosa",5,5,"Italian","L1"
"205",257,190,"cattivo",4,2,"Italian","L1"
"206",258,190,"gentile",7,6,"Italian","L1"
"207",259,190,"santo",4,4,"Italian","L1"
"208",260,190,"affidabile",9,8,"Italian","L1"
"209",261,38,"scortese",4,1,"Italian","L1"
"210",262,38,"paziente",5,8,"Italian","L1"
"211",263,38,"sleale",3,1,"Italian","L1"
"212",264,38,"inaffidabile",2,1,"Italian","L1"
"213",265,38,"meschina",5,1,"Italian","L1"
"214",266,38,"cauta",5,5,"Italian","L1"
"215",267,38,"positivo",6,9,"Italian","L1"
"216",268,38,"buono",6,9,"Italian","L1"
"217",269,38,"negativo",4,1,"Italian","L1"
"218",270,38,"osceno",4,1,"Italian","L1"
"219",271,38,"pigra",2,1,"Italian","L1"
"220",272,38,"cattivo",6,1,"Italian","L1"
"221",273,38,"crudele",8,1,"Italian","L1"
"222",274,38,"bugiarda",6,1,"Italian","L1"
"223",275,38,"stronzo",8,1,"Italian","L1"
"224",276,38,"affidabile",6,9,"Italian","L1"
"225",277,38,"tesoro",9,9,"Italian","L1"
"226",278,38,"elegante",4,7,"Italian","L1"
"227",279,38,"gentile",5,9,"Italian","L1"
"228",280,38,"leale",3,9,"Italian","L1"
"229",281,38,"scrupolosa",5,5,"Italian","L1"
"230",282,38,"santo",4,5,"Italian","L1"
"231",283,38,"indiscreta",3,5,"Italian","L1"
"232",284,38,"demone",6,1,"Italian","L1"
"233",285,38,"saggia",1,9,"Italian","L1"
"234",286,38,"riservata",2,9,"Italian","L1"
"235",287,33,"cauta",3,5,"Italian","L1"
"236",288,33,"saggia",3,7,"Italian","L1"
"237",289,33,"bugiarda",7,2,"Italian","L1"
"238",290,33,"riservata",2,5,"Italian","L1"
"239",291,33,"buono",4,8,"Italian","L1"
"240",292,33,"elegante",4,7,"Italian","L1"
"241",293,33,"paziente",2,7,"Italian","L1"
"242",294,33,"inaffidabile",6,2,"Italian","L1"
"243",295,33,"demone",7,3,"Italian","L1"
"244",296,33,"gentile",3,8,"Italian","L1"
"245",297,33,"scortese",6,2,"Italian","L1"
"246",298,33,"sleale",7,2,"Italian","L1"
"247",299,33,"tesoro",5,8,"Italian","L1"
"248",300,33,"scrupolosa",3,7,"Italian","L1"
"249",301,33,"cattivo",6,1,"Italian","L1"
"250",302,33,"osceno",7,2,"Italian","L1"
"251",303,33,"pigra",4,3,"Italian","L1"
"252",304,33,"affidabile",3,8,"Italian","L1"
"253",305,33,"indiscreta",5,3,"Italian","L1"
"254",306,33,"leale",3,8,"Italian","L1"
"255",307,33,"meschina",5,3,"Italian","L1"
"256",308,33,"positivo",4,8,"Italian","L1"
"257",309,33,"crudele",8,1,"Italian","L1"
"258",310,33,"santo",4,7,"Italian","L1"
"259",311,33,"negativo",5,2,"Italian","L1"
"260",312,33,"stronzo",8,1,"Italian","L1"
"261",417,181,"scortese",9,9,"Italian","L1"
"262",418,181,"meschina",5,2,"Italian","L1"
"263",419,181,"tesoro",9,9,"Italian","L1"
"264",420,181,"crudele",5,1,"Italian","L1"
"265",421,181,"osceno",5,5,"Italian","L1"
"266",422,181,"affidabile",1,9,"Italian","L1"
"267",423,181,"stronzo",5,1,"Italian","L1"
"268",424,181,"cauta",5,5,"Italian","L1"
"269",425,181,"gentile",5,3,"Italian","L1"
"270",426,181,"demone",5,1,"Italian","L1"
"271",427,181,"indiscreta",5,5,"Italian","L1"
"272",428,181,"sleale",4,1,"Italian","L1"
"273",429,181,"riservata",6,7,"Italian","L1"
"274",430,181,"inaffidabile",4,2,"Italian","L1"
"275",431,181,"buono",9,9,"Italian","L1"
"276",432,181,"bugiarda",5,1,"Italian","L1"
"277",433,181,"leale",8,9,"Italian","L1"
"278",434,181,"elegante",7,9,"Italian","L1"
"279",435,181,"paziente",1,9,"Italian","L1"
"280",436,181,"cattivo",5,1,"Italian","L1"
"281",437,181,"scrupolosa",5,5,"Italian","L1"
"282",438,181,"positivo",5,9,"Italian","L1"
"283",439,181,"negativo",5,1,"Italian","L1"
"284",440,181,"saggia",5,9,"Italian","L1"
"285",441,181,"santo",5,7,"Italian","L1"
"286",442,181,"pigra",4,5,"Italian","L1"
"287",495,96,"buono",7,9,"Italian","L1"
"288",496,96,"osceno",4,4,"Italian","L1"
"289",497,96,"riservata",3,7,"Italian","L1"
"290",498,96,"negativo",2,2,"Italian","L1"
"291",499,96,"paziente",3,7,"Italian","L1"
"292",500,96,"meschina",3,3,"Italian","L1"
"293",501,96,"scrupolosa",6,4,"Italian","L1"
"294",502,96,"stronzo",4,3,"Italian","L1"
"295",503,96,"affidabile",7,7,"Italian","L1"
"296",504,96,"tesoro",9,9,"Italian","L1"
"297",505,96,"indiscreta",4,3,"Italian","L1"
"298",506,96,"bugiarda",5,4,"Italian","L1"
"299",507,96,"elegante",7,9,"Italian","L1"
"300",508,96,"positivo",5,8,"Italian","L1"
"301",509,96,"demone",3,2,"Italian","L1"
"302",510,96,"pigra",2,1,"Italian","L1"
"303",511,96,"inaffidabile",3,2,"Italian","L1"
"304",512,96,"gentile",5,8,"Italian","L1"
"305",513,96,"santo",6,8,"Italian","L1"
"306",514,96,"scortese",3,2,"Italian","L1"
"307",515,96,"cattivo",3,3,"Italian","L1"
"308",516,96,"leale",6,8,"Italian","L1"
"309",517,96,"cauta",5,6,"Italian","L1"
"310",518,96,"sleale",3,3,"Italian","L1"
"311",519,96,"saggia",4,4,"Italian","L1"
"312",520,96,"crudele",3,3,"Italian","L1"
"313",573,84,"buono",3,7,"Italian","L1"
"314",574,84,"bugiarda",7,2,"Italian","L1"
"315",575,84,"sleale",7,2,"Italian","L1"
"316",576,84,"osceno",8,2,"Italian","L1"
"317",577,84,"negativo",8,1,"Italian","L1"
"318",578,84,"affidabile",5,7,"Italian","L1"
"319",579,84,"scrupolosa",6,3,"Italian","L1"
"320",580,84,"saggia",5,7,"Italian","L1"
"321",581,84,"cauta",2,7,"Italian","L1"
"322",582,84,"indiscreta",9,2,"Italian","L1"
"323",583,84,"stronzo",9,2,"Italian","L1"
"324",584,84,"elegante",5,9,"Italian","L1"
"325",585,84,"positivo",9,9,"Italian","L1"
"326",586,84,"santo",1,6,"Italian","L1"
"327",587,84,"inaffidabile",6,3,"Italian","L1"
"328",588,84,"pigra",7,2,"Italian","L1"
"329",589,84,"tesoro",9,9,"Italian","L1"
"330",590,84,"meschina",8,2,"Italian","L1"
"331",591,84,"demone",9,2,"Italian","L1"
"332",592,84,"crudele",8,2,"Italian","L1"
"333",593,84,"scortese",9,2,"Italian","L1"
"334",594,84,"leale",5,8,"Italian","L1"
"335",595,84,"paziente",3,9,"Italian","L1"
"336",596,84,"gentile",5,9,"Italian","L1"
"337",597,84,"cattivo",8,1,"Italian","L1"
"338",598,84,"riservata",5,6,"Italian","L1"
"339",625,1,"sleale",4,3,"Italian","L1"
"340",626,1,"demone",7,6,"Italian","L1"
"341",627,1,"indiscreta",5,4,"Italian","L1"
"342",628,1,"scrupolosa",7,5,"Italian","L1"
"343",629,1,"meschina",7,5,"Italian","L1"
"344",630,1,"cattivo",4,3,"Italian","L1"
"345",631,1,"crudele",7,5,"Italian","L1"
"346",632,1,"affidabile",7,8,"Italian","L1"
"347",633,1,"saggia",7,5,"Italian","L1"
"348",634,1,"positivo",6,6,"Italian","L1"
"349",635,1,"inaffidabile",6,2,"Italian","L1"
"350",636,1,"negativo",7,5,"Italian","L1"
"351",637,1,"santo",7,4,"Italian","L1"
"352",638,1,"elegante",7,5,"Italian","L1"
"353",639,1,"osceno",7,5,"Italian","L1"
"354",640,1,"buono",7,6,"Italian","L1"
"355",641,1,"stronzo",7,5,"Italian","L1"
"356",642,1,"riservata",6,4,"Italian","L1"
"357",643,1,"gentile",7,4,"Italian","L1"
"358",644,1,"bugiarda",3,2,"Italian","L1"
"359",645,1,"paziente",6,6,"Italian","L1"
"360",646,1,"scortese",7,5,"Italian","L1"
"361",647,1,"leale",7,4,"Italian","L1"
"362",648,1,"tesoro",7,5,"Italian","L1"
"363",649,1,"pigra",7,5,"Italian","L1"
"364",650,1,"cauta",7,5,"Italian","L1"
"365",651,171,"meschina",3,1,"Italian","L1"
"366",652,171,"cattivo",6,1,"Italian","L1"
"367",653,171,"tesoro",4,8,"Italian","L1"
"368",654,171,"gentile",4,8,"Italian","L1"
"369",655,171,"leale",4,8,"Italian","L1"
"370",656,171,"paziente",3,7,"Italian","L1"
"371",657,171,"scortese",7,2,"Italian","L1"
"372",658,171,"crudele",8,1,"Italian","L1"
"373",659,171,"cauta",3,6,"Italian","L1"
"374",660,171,"saggia",3,8,"Italian","L1"
"375",661,171,"scrupolosa",4,7,"Italian","L1"
"376",662,171,"osceno",8,1,"Italian","L1"
"377",663,171,"pigra",3,3,"Italian","L1"
"378",664,171,"riservata",3,6,"Italian","L1"
"379",665,171,"affidabile",4,8,"Italian","L1"
"380",666,171,"indiscreta",8,3,"Italian","L1"
"381",667,171,"bugiarda",6,2,"Italian","L1"
"382",668,171,"negativo",5,2,"Italian","L1"
"383",669,171,"inaffidabile",6,1,"Italian","L1"
"384",670,171,"positivo",5,9,"Italian","L1"
"385",671,171,"sleale",7,2,"Italian","L1"
"386",672,171,"stronzo",8,1,"Italian","L1"
"387",673,171,"santo",3,9,"Italian","L1"
"388",674,171,"buono",5,9,"Italian","L1"
"389",675,171,"demone",8,2,"Italian","L1"
"390",676,171,"elegante",4,8,"Italian","L1"
"391",703,100,"gentile",7,7,"Italian","L1"
"392",704,100,"inaffidabile",8,2,"Italian","L1"
"393",705,100,"pigra",7,2,"Italian","L1"
"394",706,100,"santo",7,3,"Italian","L1"
"395",707,100,"scortese",6,6,"Italian","L1"
"396",708,100,"cauta",9,3,"Italian","L1"
"397",709,100,"indiscreta",3,2,"Italian","L1"
"398",710,100,"stronzo",6,7,"Italian","L1"
"399",711,100,"elegante",7,2,"Italian","L1"
"400",712,100,"demone",4,6,"Italian","L1"
"401",713,100,"crudele",9,5,"Italian","L1"
"402",714,100,"riservata",4,7,"Italian","L1"
"403",715,100,"paziente",3,6,"Italian","L1"
"404",716,100,"tesoro",6,7,"Italian","L1"
"405",717,100,"positivo",9,3,"Italian","L1"
"406",718,100,"meschina",3,7,"Italian","L1"
"407",719,100,"osceno",3,7,"Italian","L1"
"408",720,100,"affidabile",6,3,"Italian","L1"
"409",721,100,"scrupolosa",9,6,"Italian","L1"
"410",722,100,"bugiarda",6,8,"Italian","L1"
"411",723,100,"cattivo",7,4,"Italian","L1"
"412",724,100,"leale",6,8,"Italian","L1"
"413",725,100,"buono",6,3,"Italian","L1"
"414",726,100,"negativo",9,7,"Italian","L1"
"415",727,100,"saggia",3,7,"Italian","L1"
"416",728,100,"sleale",9,6,"Italian","L1"
"417",755,18,"bugiarda",8,1,"Italian","L1"
"418",756,18,"pigra",6,2,"Italian","L1"
"419",757,18,"tesoro",3,9,"Italian","L1"
"420",758,18,"cattivo",4,2,"Italian","L1"
"421",759,18,"gentile",2,9,"Italian","L1"
"422",760,18,"scortese",7,1,"Italian","L1"
"423",761,18,"osceno",6,2,"Italian","L1"
"424",762,18,"stronzo",7,1,"Italian","L1"
"425",763,18,"santo",1,9,"Italian","L1"
"426",764,18,"riservata",1,6,"Italian","L1"
"427",765,18,"negativo",5,1,"Italian","L1"
"428",766,18,"affidabile",3,9,"Italian","L1"
"429",767,18,"meschina",6,2,"Italian","L1"
"430",768,18,"sleale",6,1,"Italian","L1"
"431",769,18,"leale",1,8,"Italian","L1"
"432",770,18,"cauta",9,3,"Italian","L1"
"433",771,18,"buono",5,9,"Italian","L1"
"434",772,18,"paziente",2,7,"Italian","L1"
"435",773,18,"elegante",2,8,"Italian","L1"
"436",774,18,"saggia",3,7,"Italian","L1"
"437",775,18,"scrupolosa",6,6,"Italian","L1"
"438",776,18,"positivo",7,9,"Italian","L1"
"439",777,18,"demone",7,1,"Italian","L1"
"440",778,18,"crudele",5,1,"Italian","L1"
"441",779,18,"inaffidabile",6,1,"Italian","L1"
"442",780,18,"indiscreta",7,1,"Italian","L1"
"443",781,183,"inaffidabile",5,5,"Italian","L1"
"444",782,183,"sleale",5,5,"Italian","L1"
"445",783,183,"leale",5,5,"Italian","L1"
"446",784,183,"paziente",5,5,"Italian","L1"
"447",785,183,"bugiarda",5,6,"Italian","L1"
"448",786,183,"positivo",5,4,"Italian","L1"
"449",787,183,"stronzo",5,5,"Italian","L1"
"450",788,183,"osceno",5,6,"Italian","L1"
"451",789,183,"tesoro",6,5,"Italian","L1"
"452",790,183,"scrupolosa",5,7,"Italian","L1"
"453",791,183,"meschina",5,5,"Italian","L1"
"454",792,183,"demone",5,4,"Italian","L1"
"455",793,183,"cauta",5,4,"Italian","L1"
"456",794,183,"scortese",5,5,"Italian","L1"
"457",795,183,"buono",5,5,"Italian","L1"
"458",796,183,"negativo",5,4,"Italian","L1"
"459",797,183,"pigra",5,4,"Italian","L1"
"460",798,183,"riservata",5,4,"Italian","L1"
"461",799,183,"gentile",5,5,"Italian","L1"
"462",800,183,"elegante",5,5,"Italian","L1"
"463",801,183,"saggia",5,5,"Italian","L1"
"464",802,183,"crudele",5,5,"Italian","L1"
"465",803,183,"affidabile",5,5,"Italian","L1"
"466",804,183,"cattivo",6,5,"Italian","L1"
"467",805,183,"santo",5,5,"Italian","L1"
"468",806,183,"indiscreta",4,4,"Italian","L1"
"469",807,5,"negativo",7,3,"Italian","L1"
"470",808,5,"inaffidabile",7,3,"Italian","L1"
"471",809,5,"cauta",5,4,"Italian","L1"
"472",810,5,"elegante",4,8,"Italian","L1"
"473",811,5,"santo",3,8,"Italian","L1"
"474",812,5,"paziente",3,8,"Italian","L1"
"475",813,5,"pigra",7,3,"Italian","L1"
"476",814,5,"leale",3,8,"Italian","L1"
"477",815,5,"scortese",8,2,"Italian","L1"
"478",816,5,"indiscreta",7,2,"Italian","L1"
"479",817,5,"demone",8,1,"Italian","L1"
"480",818,5,"affidabile",2,8,"Italian","L1"
"481",819,5,"scrupolosa",4,7,"Italian","L1"
"482",820,5,"osceno",9,1,"Italian","L1"
"483",821,5,"crudele",9,1,"Italian","L1"
"484",822,5,"tesoro",7,8,"Italian","L1"
"485",823,5,"gentile",3,7,"Italian","L1"
"486",824,5,"riservata",4,6,"Italian","L1"
"487",825,5,"meschina",7,2,"Italian","L1"
"488",826,5,"bugiarda",7,2,"Italian","L1"
"489",827,5,"stronzo",9,1,"Italian","L1"
"490",828,5,"buono",5,6,"Italian","L1"
"491",829,5,"positivo",6,7,"Italian","L1"
"492",830,5,"cattivo",8,1,"Italian","L1"
"493",831,5,"saggia",4,7,"Italian","L1"
"494",832,5,"sleale",6,3,"Italian","L1"
"495",833,103,"inaffidabile",4,4,"Italian","L1"
"496",834,103,"buono",9,8,"Italian","L1"
"497",835,103,"leale",7,8,"Italian","L1"
"498",836,103,"meschina",5,5,"Italian","L1"
"499",837,103,"demone",2,3,"Italian","L1"
"500",838,103,"crudele",4,4,"Italian","L1"
"501",839,103,"indiscreta",5,5,"Italian","L1"
"502",840,103,"scortese",4,4,"Italian","L1"
"503",841,103,"tesoro",8,9,"Italian","L1"
"504",842,103,"elegante",7,6,"Italian","L1"
"505",843,103,"sleale",5,4,"Italian","L1"
"506",844,103,"stronzo",5,3,"Italian","L1"
"507",845,103,"pigra",5,5,"Italian","L1"
"508",846,103,"santo",7,8,"Italian","L1"
"509",847,103,"affidabile",9,8,"Italian","L1"
"510",848,103,"positivo",9,9,"Italian","L1"
"511",849,103,"bugiarda",5,3,"Italian","L1"
"512",850,103,"scrupolosa",5,5,"Italian","L1"
"513",851,103,"osceno",5,5,"Italian","L1"
"514",852,103,"saggia",4,7,"Italian","L1"
"515",853,103,"cattivo",5,3,"Italian","L1"
"516",854,103,"paziente",5,6,"Italian","L1"
"517",855,103,"gentile",5,5,"Italian","L1"
"518",856,103,"riservata",4,5,"Italian","L1"
"519",857,103,"cauta",5,5,"Italian","L1"
"520",858,103,"negativo",5,2,"Italian","L1"
"521",885,209,"scortese",6,1,"Italian","L1"
"522",886,209,"paziente",4,9,"Italian","L1"
"523",887,209,"cauta",8,6,"Italian","L1"
"524",888,209,"crudele",8,1,"Italian","L1"
"525",889,209,"osceno",7,4,"Italian","L1"
"526",890,209,"affidabile",2,9,"Italian","L1"
"527",891,209,"scrupolosa",6,7,"Italian","L1"
"528",892,209,"pigra",7,3,"Italian","L1"
"529",893,209,"gentile",2,9,"Italian","L1"
"530",894,209,"sleale",9,1,"Italian","L1"
"531",895,209,"santo",3,6,"Italian","L1"
"532",896,209,"leale",1,9,"Italian","L1"
"533",897,209,"bugiarda",8,2,"Italian","L1"
"534",898,209,"stronzo",5,2,"Italian","L1"
"535",899,209,"cattivo",8,1,"Italian","L1"
"536",900,209,"demone",6,5,"Italian","L1"
"537",901,209,"riservata",2,8,"Italian","L1"
"538",902,209,"tesoro",2,7,"Italian","L1"
"539",903,209,"elegante",6,6,"Italian","L1"
"540",904,209,"indiscreta",7,2,"Italian","L1"
"541",905,209,"inaffidabile",7,2,"Italian","L1"
"542",906,209,"negativo",5,1,"Italian","L1"
"543",907,209,"saggia",4,6,"Italian","L1"
"544",908,209,"buono",2,7,"Italian","L1"
"545",909,209,"meschina",6,3,"Italian","L1"
"546",910,209,"positivo",2,8,"Italian","L1"
"547",963,6,"bugiarda",6,7,"Italian","L1"
"548",964,6,"cattivo",8,7,"Italian","L1"
"549",965,6,"paziente",7,8,"Italian","L1"
"550",966,6,"sleale",8,6,"Italian","L1"
"551",967,6,"crudele",6,3,"Italian","L1"
"552",968,6,"buono",5,6,"Italian","L1"
"553",969,6,"gentile",8,7,"Italian","L1"
"554",970,6,"demone",4,2,"Italian","L1"
"555",971,6,"pigra",3,4,"Italian","L1"
"556",972,6,"indiscreta",8,7,"Italian","L1"
"557",973,6,"inaffidabile",7,4,"Italian","L1"
"558",974,6,"cauta",6,7,"Italian","L1"
"559",975,6,"tesoro",6,6,"Italian","L1"
"560",976,6,"santo",7,5,"Italian","L1"
"561",977,6,"osceno",7,8,"Italian","L1"
"562",978,6,"saggia",7,7,"Italian","L1"
"563",979,6,"leale",8,6,"Italian","L1"
"564",980,6,"positivo",9,9,"Italian","L1"
"565",981,6,"riservata",8,7,"Italian","L1"
"566",982,6,"scortese",8,7,"Italian","L1"
"567",983,6,"meschina",7,8,"Italian","L1"
"568",984,6,"elegante",9,7,"Italian","L1"
"569",985,6,"stronzo",7,9,"Italian","L1"
"570",986,6,"scrupolosa",7,6,"Italian","L1"
"571",987,6,"affidabile",6,5,"Italian","L1"
"572",988,6,"negativo",4,2,"Italian","L1"
"573",1093,156,"stronzo",1,1,"Italian","L1"
"574",1094,156,"negativo",1,1,"Italian","L1"
"575",1095,156,"riservata",9,9,"Italian","L1"
"576",1096,156,"positivo",9,9,"Italian","L1"
"577",1097,156,"elegante",9,9,"Italian","L1"
"578",1098,156,"osceno",6,7,"Italian","L1"
"579",1099,156,"bugiarda",1,1,"Italian","L1"
"580",1100,156,"indiscreta",1,1,"Italian","L1"
"581",1101,156,"santo",8,8,"Italian","L1"
"582",1102,156,"pigra",1,1,"Italian","L1"
"583",1103,156,"inaffidabile",2,2,"Italian","L1"
"584",1104,156,"affidabile",9,9,"Italian","L1"
"585",1105,156,"cauta",9,8,"Italian","L1"
"586",1106,156,"leale",7,7,"Italian","L1"
"587",1107,156,"scortese",5,1,"Italian","L1"
"588",1108,156,"buono",9,9,"Italian","L1"
"589",1109,156,"cattivo",1,1,"Italian","L1"
"590",1110,156,"gentile",8,8,"Italian","L1"
"591",1111,156,"scrupolosa",5,6,"Italian","L1"
"592",1112,156,"meschina",4,1,"Italian","L1"
"593",1113,156,"crudele",3,1,"Italian","L1"
"594",1114,156,"tesoro",9,9,"Italian","L1"
"595",1115,156,"demone",1,1,"Italian","L1"
"596",1116,156,"sleale",1,1,"Italian","L1"
"597",1117,156,"paziente",8,8,"Italian","L1"
"598",1118,156,"saggia",9,8,"Italian","L1"
"599",1119,110,"tesoro",5,3,"Italian","L1"
"600",1120,110,"cattivo",5,6,"Italian","L1"
"601",1121,110,"positivo",5,5,"Italian","L1"
"602",1122,110,"inaffidabile",5,4,"Italian","L1"
"603",1123,110,"stronzo",5,5,"Italian","L1"
"604",1124,110,"meschina",6,4,"Italian","L1"
"605",1125,110,"crudele",4,2,"Italian","L1"
"606",1126,110,"paziente",6,5,"Italian","L1"
"607",1127,110,"bugiarda",6,6,"Italian","L1"
"608",1128,110,"gentile",4,3,"Italian","L1"
"609",1129,110,"buono",4,7,"Italian","L1"
"610",1130,110,"affidabile",7,6,"Italian","L1"
"611",1131,110,"pigra",7,7,"Italian","L1"
"612",1132,110,"indiscreta",6,5,"Italian","L1"
"613",1133,110,"osceno",7,6,"Italian","L1"
"614",1134,110,"cauta",6,6,"Italian","L1"
"615",1135,110,"elegante",7,7,"Italian","L1"
"616",1136,110,"sleale",5,6,"Italian","L1"
"617",1137,110,"santo",7,6,"Italian","L1"
"618",1138,110,"negativo",5,7,"Italian","L1"
"619",1139,110,"leale",6,7,"Italian","L1"
"620",1140,110,"scortese",8,7,"Italian","L1"
"621",1141,110,"scrupolosa",5,7,"Italian","L1"
"622",1142,110,"demone",6,4,"Italian","L1"
"623",1143,110,"saggia",3,4,"Italian","L1"
"624",1144,110,"riservata",4,4,"Italian","L1"
"625",1145,173,"osceno",6,1,"Italian","L1"
"626",1146,173,"gentile",1,9,"Italian","L1"
"627",1147,173,"buono",3,9,"Italian","L1"
"628",1148,173,"leale",2,8,"Italian","L1"
"629",1149,173,"pigra",6,2,"Italian","L1"
"630",1150,173,"paziente",7,7,"Italian","L1"
"631",1151,173,"negativo",9,1,"Italian","L1"
"632",1152,173,"demone",7,1,"Italian","L1"
"633",1153,173,"inaffidabile",5,1,"Italian","L1"
"634",1154,173,"cattivo",5,3,"Italian","L1"
"635",1155,173,"bugiarda",8,1,"Italian","L1"
"636",1156,173,"tesoro",1,9,"Italian","L1"
"637",1157,173,"sleale",6,1,"Italian","L1"
"638",1158,173,"saggia",5,6,"Italian","L1"
"639",1159,173,"elegante",2,8,"Italian","L1"
"640",1160,173,"scrupolosa",5,5,"Italian","L1"
"641",1161,173,"riservata",5,5,"Italian","L1"
"642",1162,173,"stronzo",5,5,"Italian","L1"
"643",1163,173,"affidabile",3,8,"Italian","L1"
"644",1164,173,"crudele",8,1,"Italian","L1"
"645",1165,173,"scortese",5,5,"Italian","L1"
"646",1166,173,"meschina",5,5,"Italian","L1"
"647",1167,173,"santo",5,5,"Italian","L1"
"648",1168,173,"cauta",5,5,"Italian","L1"
"649",1169,173,"positivo",5,5,"Italian","L1"
"650",1170,173,"indiscreta",5,5,"Italian","L1"
"651",1197,205,"demone",7,5,"Italian","L1"
"652",1198,205,"cauta",3,5,"Italian","L1"
"653",1199,205,"buono",1,9,"Italian","L1"
"654",1200,205,"crudele",7,3,"Italian","L1"
"655",1201,205,"scortese",7,5,"Italian","L1"
"656",1202,205,"scrupolosa",5,5,"Italian","L1"
"657",1203,205,"inaffidabile",8,2,"Italian","L1"
"658",1204,205,"santo",1,9,"Italian","L1"
"659",1205,205,"paziente",1,9,"Italian","L1"
"660",1206,205,"meschina",8,2,"Italian","L1"
"661",1207,205,"cattivo",8,2,"Italian","L1"
"662",1208,205,"tesoro",3,8,"Italian","L1"
"663",1209,205,"saggia",1,9,"Italian","L1"
"664",1210,205,"sleale",8,3,"Italian","L1"
"665",1211,205,"gentile",3,8,"Italian","L1"
"666",1212,205,"riservata",5,5,"Italian","L1"
"667",1213,205,"affidabile",5,5,"Italian","L1"
"668",1214,205,"pigra",3,5,"Italian","L1"
"669",1215,205,"osceno",7,3,"Italian","L1"
"670",1216,205,"bugiarda",7,2,"Italian","L1"
"671",1217,205,"elegante",1,9,"Italian","L1"
"672",1218,205,"stronzo",1,9,"Italian","L1"
"673",1219,205,"indiscreta",8,3,"Italian","L1"
"674",1220,205,"positivo",1,9,"Italian","L1"
"675",1221,205,"leale",1,9,"Italian","L1"
"676",1222,205,"negativo",9,1,"Italian","L1"
"677",1249,63,"saggia",2,8,"Italian","L1"
"678",1250,63,"demone",8,2,"Italian","L1"
"679",1251,63,"scrupolosa",7,2,"Italian","L1"
"680",1252,63,"cauta",1,8,"Italian","L1"
"681",1253,63,"osceno",7,1,"Italian","L1"
"682",1254,63,"buono",3,8,"Italian","L1"
"683",1255,63,"santo",2,9,"Italian","L1"
"684",1256,63,"inaffidabile",8,3,"Italian","L1"
"685",1257,63,"gentile",2,8,"Italian","L1"
"686",1258,63,"pigra",6,7,"Italian","L1"
"687",1259,63,"bugiarda",8,1,"Italian","L1"
"688",1260,63,"elegante",2,1,"Italian","L1"
"689",1261,63,"meschina",6,2,"Italian","L1"
"690",1262,63,"stronzo",9,1,"Italian","L1"
"691",1263,63,"indiscreta",3,7,"Italian","L1"
"692",1264,63,"paziente",1,1,"Italian","L1"
"693",1265,63,"riservata",3,9,"Italian","L1"
"694",1266,63,"affidabile",2,9,"Italian","L1"
"695",1267,63,"sleale",8,2,"Italian","L1"
"696",1268,63,"positivo",3,9,"Italian","L1"
"697",1269,63,"cattivo",9,1,"Italian","L1"
"698",1270,63,"tesoro",2,9,"Italian","L1"
"699",1271,63,"leale",2,1,"Italian","L1"
"700",1272,63,"scortese",9,1,"Italian","L1"
"701",1273,63,"crudele",9,1,"Italian","L1"
"702",1274,63,"negativo",5,2,"Italian","L1"
"703",1327,21,"scrupolosa",6,5,"Italian","L1"
"704",1328,21,"tesoro",7,9,"Italian","L1"
"705",1329,21,"bugiarda",6,3,"Italian","L1"
"706",1330,21,"demone",8,2,"Italian","L1"
"707",1331,21,"santo",4,7,"Italian","L1"
"708",1332,21,"sleale",6,5,"Italian","L1"
"709",1333,21,"elegante",3,7,"Italian","L1"
"710",1334,21,"indiscreta",6,4,"Italian","L1"
"711",1335,21,"negativo",6,2,"Italian","L1"
"712",1336,21,"osceno",8,2,"Italian","L1"
"713",1337,21,"stronzo",9,1,"Italian","L1"
"714",1338,21,"pigra",5,4,"Italian","L1"
"715",1339,21,"inaffidabile",5,4,"Italian","L1"
"716",1340,21,"positivo",2,8,"Italian","L1"
"717",1341,21,"scortese",7,3,"Italian","L1"
"718",1342,21,"crudele",9,1,"Italian","L1"
"719",1343,21,"riservata",5,5,"Italian","L1"
"720",1344,21,"cauta",6,7,"Italian","L1"
"721",1345,21,"buono",1,9,"Italian","L1"
"722",1346,21,"gentile",1,9,"Italian","L1"
"723",1347,21,"cattivo",8,2,"Italian","L1"
"724",1348,21,"meschina",7,4,"Italian","L1"
"725",1349,21,"saggia",2,8,"Italian","L1"
"726",1350,21,"leale",2,8,"Italian","L1"
"727",1351,21,"paziente",1,8,"Italian","L1"
"728",1352,21,"affidabile",3,7,"Italian","L1"
"729",1379,165,"cattivo",5,1,"Italian","L1"
"730",1380,165,"positivo",9,7,"Italian","L1"
"731",1381,165,"sleale",5,2,"Italian","L1"
"732",1382,165,"riservata",1,9,"Italian","L1"
"733",1383,165,"meschina",6,3,"Italian","L1"
"734",1384,165,"gentile",6,6,"Italian","L1"
"735",1385,165,"negativo",3,1,"Italian","L1"
"736",1386,165,"stronzo",3,2,"Italian","L1"
"737",1387,165,"osceno",5,3,"Italian","L1"
"738",1388,165,"scortese",8,1,"Italian","L1"
"739",1389,165,"paziente",1,7,"Italian","L1"
"740",1390,165,"leale",6,7,"Italian","L1"
"741",1391,165,"elegante",9,7,"Italian","L1"
"742",1392,165,"inaffidabile",3,1,"Italian","L1"
"743",1393,165,"buono",5,4,"Italian","L1"
"744",1394,165,"scrupolosa",4,1,"Italian","L1"
"745",1395,165,"saggia",9,9,"Italian","L1"
"746",1396,165,"affidabile",9,8,"Italian","L1"
"747",1397,165,"bugiarda",6,5,"Italian","L1"
"748",1398,165,"cauta",5,7,"Italian","L1"
"749",1399,165,"indiscreta",2,1,"Italian","L1"
"750",1400,165,"pigra",2,2,"Italian","L1"
"751",1401,165,"demone",4,2,"Italian","L1"
"752",1402,165,"tesoro",5,5,"Italian","L1"
"753",1403,165,"crudele",5,3,"Italian","L1"
"754",1404,165,"santo",5,6,"Italian","L1"
"755",1431,43,"stronzo",7,1,"Italian","L1"
"756",1432,43,"cauta",3,3,"Italian","L1"
"757",1433,43,"tesoro",3,9,"Italian","L1"
"758",1434,43,"demone",7,1,"Italian","L1"
"759",1435,43,"elegante",3,9,"Italian","L1"
"760",1436,43,"cattivo",9,1,"Italian","L1"
"761",1437,43,"riservata",3,5,"Italian","L1"
"762",1438,43,"santo",1,8,"Italian","L1"
"763",1439,43,"leale",1,9,"Italian","L1"
"764",1440,43,"sleale",7,1,"Italian","L1"
"765",1441,43,"osceno",8,1,"Italian","L1"
"766",1442,43,"indiscreta",8,1,"Italian","L1"
"767",1443,43,"gentile",3,9,"Italian","L1"
"768",1444,43,"positivo",8,9,"Italian","L1"
"769",1445,43,"affidabile",2,9,"Italian","L1"
"770",1446,43,"buono",1,9,"Italian","L1"
"771",1447,43,"scortese",8,1,"Italian","L1"
"772",1448,43,"pigra",2,1,"Italian","L1"
"773",1449,43,"crudele",9,1,"Italian","L1"
"774",1450,43,"scrupolosa",5,6,"Italian","L1"
"775",1451,43,"inaffidabile",5,2,"Italian","L1"
"776",1452,43,"bugiarda",9,1,"Italian","L1"
"777",1453,43,"paziente",1,9,"Italian","L1"
"778",1454,43,"meschina",8,1,"Italian","L1"
"779",1455,43,"negativo",7,1,"Italian","L1"
"780",1456,43,"saggia",2,7,"Italian","L1"
"781",1587,208,"scrupolosa",5,6,"Italian","L1"
"782",1588,208,"meschina",5,5,"Italian","L1"
"783",1589,208,"leale",1,9,"Italian","L1"
"784",1590,208,"scortese",5,1,"Italian","L1"
"785",1591,208,"crudele",5,1,"Italian","L1"
"786",1592,208,"bugiarda",8,1,"Italian","L1"
"787",1593,208,"buono",9,9,"Italian","L1"
"788",1594,208,"gentile",1,9,"Italian","L1"
"789",1595,208,"positivo",1,9,"Italian","L1"
"790",1596,208,"inaffidabile",7,1,"Italian","L1"
"791",1597,208,"demone",8,1,"Italian","L1"
"792",1598,208,"affidabile",1,9,"Italian","L1"
"793",1599,208,"indiscreta",6,2,"Italian","L1"
"794",1600,208,"osceno",6,5,"Italian","L1"
"795",1601,208,"santo",9,9,"Italian","L1"
"796",1602,208,"elegante",7,9,"Italian","L1"
"797",1603,208,"sleale",7,1,"Italian","L1"
"798",1604,208,"cattivo",9,1,"Italian","L1"
"799",1605,208,"riservata",2,6,"Italian","L1"
"800",1606,208,"saggia",5,5,"Italian","L1"
"801",1607,208,"negativo",8,1,"Italian","L1"
"802",1608,208,"stronzo",8,1,"Italian","L1"
"803",1609,208,"cauta",7,6,"Italian","L1"
"804",1610,208,"tesoro",9,9,"Italian","L1"
"805",1611,208,"pigra",8,1,"Italian","L1"
"806",1612,208,"paziente",1,9,"Italian","L1"
"807",1613,191,"gentile",2,8,"Italian","L1"
"808",1614,191,"pigra",2,4,"Italian","L1"
"809",1615,191,"santo",2,7,"Italian","L1"
"810",1616,191,"meschina",5,2,"Italian","L1"
"811",1617,191,"bugiarda",5,2,"Italian","L1"
"812",1618,191,"paziente",3,7,"Italian","L1"
"813",1619,191,"positivo",6,7,"Italian","L1"
"814",1620,191,"cattivo",4,2,"Italian","L1"
"815",1621,191,"sleale",4,1,"Italian","L1"
"816",1622,191,"cauta",6,2,"Italian","L1"
"817",1623,191,"elegante",6,9,"Italian","L1"
"818",1624,191,"osceno",6,1,"Italian","L1"
"819",1625,191,"leale",4,7,"Italian","L1"
"820",1626,191,"riservata",5,5,"Italian","L1"
"821",1627,191,"negativo",5,3,"Italian","L1"
"822",1628,191,"tesoro",7,7,"Italian","L1"
"823",1629,191,"scortese",6,3,"Italian","L1"
"824",1630,191,"saggia",8,7,"Italian","L1"
"825",1631,191,"crudele",7,2,"Italian","L1"
"826",1632,191,"buono",5,7,"Italian","L1"
"827",1633,191,"stronzo",7,3,"Italian","L1"
"828",1634,191,"affidabile",4,7,"Italian","L1"
"829",1635,191,"indiscreta",5,5,"Italian","L1"
"830",1636,191,"inaffidabile",6,3,"Italian","L1"
"831",1637,191,"demone",8,4,"Italian","L1"
"832",1638,191,"scrupolosa",7,8,"Italian","L1"
"833",1639,104,"elegante",7,7,"Italian","L1"
"834",1640,104,"negativo",4,4,"Italian","L1"
"835",1641,104,"scrupolosa",1,1,"Italian","L1"
"836",1642,104,"indiscreta",6,3,"Italian","L1"
"837",1643,104,"stronzo",7,2,"Italian","L1"
"838",1644,104,"pigra",4,6,"Italian","L1"
"839",1645,104,"crudele",5,3,"Italian","L1"
"840",1646,104,"paziente",6,7,"Italian","L1"
"841",1647,104,"buono",4,8,"Italian","L1"
"842",1648,104,"scortese",7,2,"Italian","L1"
"843",1649,104,"meschina",6,1,"Italian","L1"
"844",1650,104,"inaffidabile",3,7,"Italian","L1"
"845",1651,104,"saggia",5,7,"Italian","L1"
"846",1652,104,"leale",4,7,"Italian","L1"
"847",1653,104,"santo",3,8,"Italian","L1"
"848",1654,104,"sleale",5,2,"Italian","L1"
"849",1655,104,"affidabile",3,7,"Italian","L1"
"850",1656,104,"riservata",5,1,"Italian","L1"
"851",1657,104,"tesoro",5,9,"Italian","L1"
"852",1658,104,"demone",8,1,"Italian","L1"
"853",1659,104,"bugiarda",5,2,"Italian","L1"
"854",1660,104,"cattivo",7,2,"Italian","L1"
"855",1661,104,"gentile",4,8,"Italian","L1"
"856",1662,104,"cauta",4,6,"Italian","L1"
"857",1663,104,"osceno",7,1,"Italian","L1"
"858",1664,104,"positivo",7,8,"Italian","L1"
"859",1665,111,"saggia",3,7,"Italian","L1"
"860",1666,111,"elegante",4,7,"Italian","L1"
"861",1667,111,"osceno",7,2,"Italian","L1"
"862",1668,111,"cattivo",5,2,"Italian","L1"
"863",1669,111,"buono",4,8,"Italian","L1"
"864",1670,111,"negativo",4,2,"Italian","L1"
"865",1671,111,"pigra",2,3,"Italian","L1"
"866",1672,111,"riservata",2,6,"Italian","L1"
"867",1673,111,"inaffidabile",5,2,"Italian","L1"
"868",1674,111,"meschina",5,2,"Italian","L1"
"869",1675,111,"sleale",5,2,"Italian","L1"
"870",1676,111,"scrupolosa",4,7,"Italian","L1"
"871",1677,111,"scortese",5,2,"Italian","L1"
"872",1678,111,"gentile",4,8,"Italian","L1"
"873",1679,111,"affidabile",3,7,"Italian","L1"
"874",1680,111,"santo",5,8,"Italian","L1"
"875",1681,111,"indiscreta",5,3,"Italian","L1"
"876",1682,111,"tesoro",5,9,"Italian","L1"
"877",1683,111,"crudele",6,1,"Italian","L1"
"878",1684,111,"stronzo",7,1,"Italian","L1"
"879",1685,111,"demone",7,2,"Italian","L1"
"880",1686,111,"paziente",2,7,"Italian","L1"
"881",1687,111,"positivo",5,8,"Italian","L1"
"882",1688,111,"bugiarda",5,2,"Italian","L1"
"883",1689,111,"leale",3,8,"Italian","L1"
"884",1690,111,"cauta",3,6,"Italian","L1"
"885",1691,97,"meschina",5,3,"Italian","L1"
"886",1692,97,"pigra",4,4,"Italian","L1"
"887",1693,97,"bugiarda",7,1,"Italian","L1"
"888",1694,97,"cauta",5,3,"Italian","L1"
"889",1695,97,"indiscreta",4,5,"Italian","L1"
"890",1696,97,"positivo",2,8,"Italian","L1"
"891",1697,97,"paziente",2,8,"Italian","L1"
"892",1698,97,"gentile",7,9,"Italian","L1"
"893",1699,97,"buono",6,8,"Italian","L1"
"894",1700,97,"cattivo",5,4,"Italian","L1"
"895",1701,97,"scrupolosa",5,3,"Italian","L1"
"896",1702,97,"riservata",1,3,"Italian","L1"
"897",1703,97,"elegante",6,8,"Italian","L1"
"898",1704,97,"scortese",8,3,"Italian","L1"
"899",1705,97,"crudele",7,2,"Italian","L1"
"900",1706,97,"affidabile",5,8,"Italian","L1"
"901",1707,97,"osceno",2,2,"Italian","L1"
"902",1708,97,"demone",6,2,"Italian","L1"
"903",1709,97,"negativo",5,2,"Italian","L1"
"904",1710,97,"stronzo",9,1,"Italian","L1"
"905",1711,97,"sleale",5,3,"Italian","L1"
"906",1712,97,"santo",4,7,"Italian","L1"
"907",1713,97,"inaffidabile",2,3,"Italian","L1"
"908",1714,97,"leale",6,8,"Italian","L1"
"909",1715,97,"saggia",6,8,"Italian","L1"
"910",1716,97,"tesoro",8,8,"Italian","L1"
"911",1717,101,"stronzo",1,9,"Italian","L1"
"912",1718,101,"pigra",2,9,"Italian","L1"
"913",1719,101,"buono",1,9,"Italian","L1"
"914",1720,101,"paziente",2,8,"Italian","L1"
"915",1721,101,"tesoro",1,8,"Italian","L1"
"916",1722,101,"scrupolosa",1,1,"Italian","L1"
"917",1723,101,"gentile",1,9,"Italian","L1"
"918",1724,101,"leale",1,9,"Italian","L1"
"919",1725,101,"crudele",9,1,"Italian","L1"
"920",1726,101,"elegante",1,9,"Italian","L1"
"921",1727,101,"riservata",2,9,"Italian","L1"
"922",1728,101,"scortese",1,9,"Italian","L1"
"923",1729,101,"santo",1,9,"Italian","L1"
"924",1730,101,"affidabile",1,9,"Italian","L1"
"925",1731,101,"demone",9,9,"Italian","L1"
"926",1732,101,"negativo",9,1,"Italian","L1"
"927",1733,101,"saggia",1,9,"Italian","L1"
"928",1734,101,"osceno",9,1,"Italian","L1"
"929",1735,101,"inaffidabile",8,1,"Italian","L1"
"930",1736,101,"cauta",1,8,"Italian","L1"
"931",1737,101,"positivo",1,9,"Italian","L1"
"932",1738,101,"cattivo",9,1,"Italian","L1"
"933",1739,101,"indiscreta",9,1,"Italian","L1"
"934",1740,101,"sleale",9,1,"Italian","L1"
"935",1741,101,"meschina",9,1,"Italian","L1"
"936",1742,101,"bugiarda",9,1,"Italian","L1"
"937",1769,59,"gentile",2,8,"Italian","L1"
"938",1770,59,"cattivo",7,3,"Italian","L1"
"939",1771,59,"stronzo",8,3,"Italian","L1"
"940",1772,59,"scortese",7,3,"Italian","L1"
"941",1773,59,"positivo",2,8,"Italian","L1"
"942",1774,59,"negativo",7,2,"Italian","L1"
"943",1775,59,"tesoro",1,9,"Italian","L1"
"944",1776,59,"leale",1,9,"Italian","L1"
"945",1777,59,"cauta",4,6,"Italian","L1"
"946",1778,59,"pigra",5,5,"Italian","L1"
"947",1779,59,"bugiarda",8,2,"Italian","L1"
"948",1780,59,"demone",8,2,"Italian","L1"
"949",1781,59,"santo",2,7,"Italian","L1"
"950",1782,59,"inaffidabile",8,1,"Italian","L1"
"951",1783,59,"affidabile",7,8,"Italian","L1"
"952",1784,59,"riservata",5,5,"Italian","L1"
"953",1785,59,"paziente",2,8,"Italian","L1"
"954",1786,59,"elegante",1,9,"Italian","L1"
"955",1787,59,"sleale",8,3,"Italian","L1"
"956",1788,59,"scrupolosa",7,3,"Italian","L1"
"957",1789,59,"osceno",8,2,"Italian","L1"
"958",1790,59,"saggia",1,9,"Italian","L1"
"959",1791,59,"meschina",7,3,"Italian","L1"
"960",1792,59,"indiscreta",7,2,"Italian","L1"
"961",1793,59,"crudele",8,2,"Italian","L1"
"962",1794,59,"buono",2,8,"Italian","L1"
"963",1795,132,"saggia",3,8,"Italian","L1"
"964",1796,132,"gentile",2,8,"Italian","L1"
"965",1797,132,"paziente",3,7,"Italian","L1"
"966",1798,132,"riservata",1,9,"Italian","L1"
"967",1799,132,"sleale",5,1,"Italian","L1"
"968",1800,132,"stronzo",6,2,"Italian","L1"
"969",1801,132,"demone",7,1,"Italian","L1"
"970",1802,132,"osceno",8,1,"Italian","L1"
"971",1803,132,"scortese",7,2,"Italian","L1"
"972",1804,132,"pigra",6,2,"Italian","L1"
"973",1805,132,"indiscreta",8,1,"Italian","L1"
"974",1806,132,"buono",1,9,"Italian","L1"
"975",1807,132,"santo",1,9,"Italian","L1"
"976",1808,132,"affidabile",2,8,"Italian","L1"
"977",1809,132,"bugiarda",7,1,"Italian","L1"
"978",1810,132,"cattivo",9,1,"Italian","L1"
"979",1811,132,"cauta",2,8,"Italian","L1"
"980",1812,132,"meschina",7,2,"Italian","L1"
"981",1813,132,"inaffidabile",8,1,"Italian","L1"
"982",1814,132,"positivo",2,9,"Italian","L1"
"983",1815,132,"elegante",1,9,"Italian","L1"
"984",1816,132,"tesoro",2,9,"Italian","L1"
"985",1817,132,"leale",1,9,"Italian","L1"
"986",1818,132,"scrupolosa",3,8,"Italian","L1"
"987",1819,132,"negativo",8,1,"Italian","L1"
"988",1820,132,"crudele",8,1,"Italian","L1"
"989",1821,124,"scortese",7,9,"Italian","L1"
"990",1822,124,"crudele",7,1,"Italian","L1"
"991",1823,124,"tesoro",2,9,"Italian","L1"
"992",1824,124,"cattivo",6,2,"Italian","L1"
"993",1825,124,"affidabile",1,9,"Italian","L1"
"994",1826,124,"cauta",5,6,"Italian","L1"
"995",1827,124,"leale",2,9,"Italian","L1"
"996",1828,124,"paziente",1,8,"Italian","L1"
"997",1829,124,"santo",3,8,"Italian","L1"
"998",1830,124,"stronzo",8,1,"Italian","L1"
"999",1831,124,"osceno",7,2,"Italian","L1"
"1000",1832,124,"saggia",2,9,"Italian","L1"
"1001",1833,124,"negativo",8,1,"Italian","L1"
"1002",1834,124,"pigra",6,3,"Italian","L1"
"1003",1835,124,"buono",1,9,"Italian","L1"
"1004",1836,124,"indiscreta",6,3,"Italian","L1"
"1005",1837,124,"positivo",1,9,"Italian","L1"
"1006",1838,124,"gentile",3,8,"Italian","L1"
"1007",1839,124,"inaffidabile",8,2,"Italian","L1"
"1008",1840,124,"elegante",2,9,"Italian","L1"
"1009",1841,124,"scrupolosa",2,8,"Italian","L1"
"1010",1842,124,"riservata",3,7,"Italian","L1"
"1011",1843,124,"meschina",7,3,"Italian","L1"
"1012",1844,124,"bugiarda",8,1,"Italian","L1"
"1013",1845,124,"sleale",7,2,"Italian","L1"
"1014",1846,124,"demone",9,1,"Italian","L1"
"1015",1951,80,"gentile",9,8,"Italian","L1"
"1016",1952,80,"cattivo",5,4,"Italian","L1"
"1017",1953,80,"bugiarda",7,2,"Italian","L1"
"1018",1954,80,"leale",4,8,"Italian","L1"
"1019",1955,80,"buono",7,7,"Italian","L1"
"1020",1956,80,"santo",3,7,"Italian","L1"
"1021",1957,80,"cauta",5,5,"Italian","L1"
"1022",1958,80,"negativo",8,1,"Italian","L1"
"1023",1959,80,"demone",7,1,"Italian","L1"
"1024",1960,80,"paziente",3,5,"Italian","L1"
"1025",1961,80,"affidabile",5,6,"Italian","L1"
"1026",1962,80,"pigra",2,3,"Italian","L1"
"1027",1963,80,"osceno",5,5,"Italian","L1"
"1028",1964,80,"scrupolosa",4,5,"Italian","L1"
"1029",1965,80,"riservata",2,5,"Italian","L1"
"1030",1966,80,"sleale",3,3,"Italian","L1"
"1031",1967,80,"scortese",8,1,"Italian","L1"
"1032",1968,80,"tesoro",8,9,"Italian","L1"
"1033",1969,80,"saggia",3,7,"Italian","L1"
"1034",1970,80,"inaffidabile",7,2,"Italian","L1"
"1035",1971,80,"crudele",6,3,"Italian","L1"
"1036",1972,80,"positivo",6,4,"Italian","L1"
"1037",1973,80,"meschina",3,2,"Italian","L1"
"1038",1974,80,"stronzo",9,1,"Italian","L1"
"1039",1975,80,"indiscreta",4,4,"Italian","L1"
"1040",1976,80,"elegante",4,9,"Italian","L1"
"1041",1977,197,"scrupolosa",1,1,"Italian","L1"
"1042",1978,197,"sleale",1,1,"Italian","L1"
"1043",1979,197,"cauta",9,9,"Italian","L1"
"1044",1980,197,"stronzo",1,1,"Italian","L1"
"1045",1981,197,"leale",9,9,"Italian","L1"
"1046",1982,197,"demone",1,1,"Italian","L1"
"1047",1983,197,"gentile",1,1,"Italian","L1"
"1048",1984,197,"buono",9,9,"Italian","L1"
"1049",1985,197,"crudele",1,1,"Italian","L1"
"1050",1986,197,"indiscreta",1,1,"Italian","L1"
"1051",1987,197,"positivo",9,9,"Italian","L1"
"1052",1988,197,"scortese",1,1,"Italian","L1"
"1053",1989,197,"paziente",9,9,"Italian","L1"
"1054",1990,197,"saggia",9,9,"Italian","L1"
"1055",1991,197,"bugiarda",1,1,"Italian","L1"
"1056",1992,197,"inaffidabile",1,1,"Italian","L1"
"1057",1993,197,"negativo",1,1,"Italian","L1"
"1058",1994,197,"elegante",9,9,"Italian","L1"
"1059",1995,197,"affidabile",9,9,"Italian","L1"
"1060",1996,197,"cattivo",1,1,"Italian","L1"
"1061",1997,197,"tesoro",9,9,"Italian","L1"
"1062",1998,197,"pigra",1,1,"Italian","L1"
"1063",1999,197,"santo",9,9,"Italian","L1"
"1064",2000,197,"riservata",9,9,"Italian","L1"
"1065",2001,197,"meschina",1,1,"Italian","L1"
"1066",2002,197,"osceno",1,1,"Italian","L1"
"1067",2003,203,"meschina",2,4,"Italian","L1"
"1068",2004,203,"indiscreta",9,9,"Italian","L1"
"1069",2005,203,"inaffidabile",5,5,"Italian","L1"
"1070",2006,203,"pigra",2,5,"Italian","L1"
"1071",2007,203,"affidabile",5,8,"Italian","L1"
"1072",2008,203,"elegante",5,9,"Italian","L1"
"1073",2009,203,"demone",5,2,"Italian","L1"
"1074",2010,203,"cattivo",5,1,"Italian","L1"
"1075",2011,203,"riservata",1,5,"Italian","L1"
"1076",2012,203,"saggia",6,8,"Italian","L1"
"1077",2013,203,"buono",5,9,"Italian","L1"
"1078",2014,203,"negativo",3,1,"Italian","L1"
"1079",2015,203,"osceno",1,1,"Italian","L1"
"1080",2016,203,"gentile",1,7,"Italian","L1"
"1081",2017,203,"paziente",1,6,"Italian","L1"
"1082",2018,203,"sleale",3,1,"Italian","L1"
"1083",2019,203,"crudele",1,1,"Italian","L1"
"1084",2020,203,"scrupolosa",6,6,"Italian","L1"
"1085",2021,203,"cauta",9,7,"Italian","L1"
"1086",2022,203,"tesoro",9,9,"Italian","L1"
"1087",2023,203,"bugiarda",5,3,"Italian","L1"
"1088",2024,203,"scortese",1,1,"Italian","L1"
"1089",2025,203,"leale",6,6,"Italian","L1"
"1090",2026,203,"positivo",9,9,"Italian","L1"
"1091",2027,203,"stronzo",1,1,"Italian","L1"
"1092",2028,203,"santo",6,8,"Italian","L1"
"1093",2029,47,"riservata",8,4,"Italian","L1"
"1094",2030,47,"inaffidabile",6,3,"Italian","L1"
"1095",2031,47,"stronzo",8,1,"Italian","L1"
"1096",2032,47,"gentile",3,8,"Italian","L1"
"1097",2033,47,"pigra",7,2,"Italian","L1"
"1098",2034,47,"cattivo",7,2,"Italian","L1"
"1099",2035,47,"cauta",7,4,"Italian","L1"
"1100",2036,47,"scrupolosa",5,6,"Italian","L1"
"1101",2037,47,"negativo",5,3,"Italian","L1"
"1102",2038,47,"elegante",7,9,"Italian","L1"
"1103",2039,47,"bugiarda",7,3,"Italian","L1"
"1104",2040,47,"paziente",3,8,"Italian","L1"
"1105",2041,47,"indiscreta",7,3,"Italian","L1"
"1106",2042,47,"scortese",6,3,"Italian","L1"
"1107",2043,47,"osceno",9,1,"Italian","L1"
"1108",2044,47,"positivo",6,7,"Italian","L1"
"1109",2045,47,"santo",8,8,"Italian","L1"
"1110",2046,47,"leale",4,7,"Italian","L1"
"1111",2047,47,"tesoro",7,9,"Italian","L1"
"1112",2048,47,"sleale",6,3,"Italian","L1"
"1113",2049,47,"demone",9,1,"Italian","L1"
"1114",2050,47,"crudele",8,1,"Italian","L1"
"1115",2051,47,"meschina",7,3,"Italian","L1"
"1116",2052,47,"saggia",5,8,"Italian","L1"
"1117",2053,47,"affidabile",4,7,"Italian","L1"
"1118",2054,47,"buono",3,7,"Italian","L1"
"1119",2055,56,"cattivo",5,2,"Italian","L1"
"1120",2056,56,"saggia",2,8,"Italian","L1"
"1121",2057,56,"demone",7,1,"Italian","L1"
"1122",2058,56,"cauta",1,6,"Italian","L1"
"1123",2059,56,"sleale",6,2,"Italian","L1"
"1124",2060,56,"elegante",2,8,"Italian","L1"
"1125",2061,56,"affidabile",1,9,"Italian","L1"
"1126",2062,56,"pigra",3,1,"Italian","L1"
"1127",2063,56,"positivo",5,9,"Italian","L1"
"1128",2064,56,"meschina",7,2,"Italian","L1"
"1129",2065,56,"bugiarda",5,2,"Italian","L1"
"1130",2066,56,"osceno",3,1,"Italian","L1"
"1131",2067,56,"gentile",2,9,"Italian","L1"
"1132",2068,56,"indiscreta",7,2,"Italian","L1"
"1133",2069,56,"crudele",9,1,"Italian","L1"
"1134",2070,56,"riservata",1,9,"Italian","L1"
"1135",2071,56,"santo",3,9,"Italian","L1"
"1136",2072,56,"leale",5,9,"Italian","L1"
"1137",2073,56,"negativo",5,1,"Italian","L1"
"1138",2074,56,"paziente",1,7,"Italian","L1"
"1139",2075,56,"tesoro",5,8,"Italian","L1"
"1140",2076,56,"stronzo",5,2,"Italian","L1"
"1141",2077,56,"inaffidabile",8,2,"Italian","L1"
"1142",2078,56,"buono",2,8,"Italian","L1"
"1143",2079,56,"scrupolosa",7,2,"Italian","L1"
"1144",2080,56,"scortese",8,2,"Italian","L1"
"1145",2081,58,"meschina",6,1,"Italian","L1"
"1146",2082,58,"bugiarda",9,1,"Italian","L1"
"1147",2083,58,"leale",1,9,"Italian","L1"
"1148",2084,58,"riservata",1,9,"Italian","L1"
"1149",2085,58,"gentile",1,9,"Italian","L1"
"1150",2086,58,"cattivo",9,1,"Italian","L1"
"1151",2087,58,"tesoro",1,9,"Italian","L1"
"1152",2088,58,"positivo",1,9,"Italian","L1"
"1153",2089,58,"saggia",1,9,"Italian","L1"
"1154",2090,58,"scortese",9,1,"Italian","L1"
"1155",2091,58,"sleale",9,1,"Italian","L1"
"1156",2092,58,"elegante",1,9,"Italian","L1"
"1157",2093,58,"demone",9,1,"Italian","L1"
"1158",2094,58,"buono",1,9,"Italian","L1"
"1159",2095,58,"scrupolosa",1,9,"Italian","L1"
"1160",2096,58,"indiscreta",8,1,"Italian","L1"
"1161",2097,58,"affidabile",1,9,"Italian","L1"
"1162",2098,58,"inaffidabile",9,1,"Italian","L1"
"1163",2099,58,"crudele",9,1,"Italian","L1"
"1164",2100,58,"osceno",9,1,"Italian","L1"
"1165",2101,58,"cauta",2,9,"Italian","L1"
"1166",2102,58,"stronzo",9,1,"Italian","L1"
"1167",2103,58,"paziente",1,9,"Italian","L1"
"1168",2104,58,"santo",1,9,"Italian","L1"
"1169",2105,58,"negativo",9,1,"Italian","L1"
"1170",2106,58,"pigra",5,5,"Italian","L1"
"1171",2107,189,"bugiarda",9,1,"Italian","L1"
"1172",2108,189,"scrupolosa",2,9,"Italian","L1"
"1173",2109,189,"gentile",1,9,"Italian","L1"
"1174",2110,189,"buono",1,9,"Italian","L1"
"1175",2111,189,"osceno",7,2,"Italian","L1"
"1176",2112,189,"leale",2,9,"Italian","L1"
"1177",2113,189,"elegante",2,7,"Italian","L1"
"1178",2114,189,"cauta",6,5,"Italian","L1"
"1179",2115,189,"affidabile",2,9,"Italian","L1"
"1180",2116,189,"inaffidabile",7,2,"Italian","L1"
"1181",2117,189,"crudele",9,1,"Italian","L1"
"1182",2118,189,"demone",9,1,"Italian","L1"
"1183",2119,189,"negativo",9,1,"Italian","L1"
"1184",2120,189,"positivo",2,9,"Italian","L1"
"1185",2121,189,"cattivo",7,1,"Italian","L1"
"1186",2122,189,"paziente",2,9,"Italian","L1"
"1187",2123,189,"santo",2,9,"Italian","L1"
"1188",2124,189,"pigra",4,1,"Italian","L1"
"1189",2125,189,"riservata",1,6,"Italian","L1"
"1190",2126,189,"sleale",4,1,"Italian","L1"
"1191",2127,189,"saggia",2,7,"Italian","L1"
"1192",2128,189,"scortese",3,1,"Italian","L1"
"1193",2129,189,"meschina",6,1,"Italian","L1"
"1194",2130,189,"tesoro",5,9,"Italian","L1"
"1195",2131,189,"indiscreta",4,1,"Italian","L1"
"1196",2132,189,"stronzo",7,1,"Italian","L1"
"1197",2133,159,"riservata",1,5,"Italian","L1"
"1198",2134,159,"crudele",8,2,"Italian","L1"
"1199",2135,159,"positivo",2,7,"Italian","L1"
"1200",2136,159,"gentile",1,8,"Italian","L1"
"1201",2137,159,"bugiarda",7,2,"Italian","L1"
"1202",2138,159,"leale",2,5,"Italian","L1"
"1203",2139,159,"meschina",2,1,"Italian","L1"
"1204",2140,159,"paziente",1,8,"Italian","L1"
"1205",2141,159,"affidabile",1,9,"Italian","L1"
"1206",2142,159,"sleale",2,1,"Italian","L1"
"1207",2143,159,"stronzo",3,3,"Italian","L1"
"1208",2144,159,"elegante",1,8,"Italian","L1"
"1209",2145,159,"scortese",4,2,"Italian","L1"
"1210",2146,159,"inaffidabile",3,2,"Italian","L1"
"1211",2147,159,"demone",8,1,"Italian","L1"
"1212",2148,159,"scrupolosa",4,3,"Italian","L1"
"1213",2149,159,"cattivo",7,1,"Italian","L1"
"1214",2150,159,"cauta",5,5,"Italian","L1"
"1215",2151,159,"buono",1,9,"Italian","L1"
"1216",2152,159,"saggia",2,8,"Italian","L1"
"1217",2153,159,"santo",1,8,"Italian","L1"
"1218",2154,159,"negativo",3,1,"Italian","L1"
"1219",2155,159,"osceno",5,1,"Italian","L1"
"1220",2156,159,"pigra",3,2,"Italian","L1"
"1221",2157,159,"tesoro",1,9,"Italian","L1"
"1222",2158,159,"indiscreta",4,4,"Italian","L1"
"1223",2159,121,"affidabile",5,6,"Italian","L1"
"1224",2160,121,"demone",2,2,"Italian","L1"
"1225",2161,121,"stronzo",4,2,"Italian","L1"
"1226",2162,121,"riservata",4,6,"Italian","L1"
"1227",2163,121,"santo",2,8,"Italian","L1"
"1228",2164,121,"inaffidabile",4,2,"Italian","L1"
"1229",2165,121,"scortese",4,2,"Italian","L1"
"1230",2166,121,"sleale",2,2,"Italian","L1"
"1231",2167,121,"cauta",5,5,"Italian","L1"
"1232",2168,121,"crudele",3,2,"Italian","L1"
"1233",2169,121,"paziente",1,8,"Italian","L1"
"1234",2170,121,"bugiarda",3,3,"Italian","L1"
"1235",2171,121,"negativo",3,1,"Italian","L1"
"1236",2172,121,"cattivo",3,1,"Italian","L1"
"1237",2173,121,"tesoro",5,8,"Italian","L1"
"1238",2174,121,"meschina",2,2,"Italian","L1"
"1239",2175,121,"indiscreta",8,2,"Italian","L1"
"1240",2176,121,"pigra",1,4,"Italian","L1"
"1241",2177,121,"osceno",2,2,"Italian","L1"
"1242",2178,121,"buono",7,8,"Italian","L1"
"1243",2179,121,"saggia",4,8,"Italian","L1"
"1244",2180,121,"gentile",2,8,"Italian","L1"
"1245",2181,121,"scrupolosa",5,5,"Italian","L1"
"1246",2182,121,"positivo",8,9,"Italian","L1"
"1247",2183,121,"elegante",3,8,"Italian","L1"
"1248",2184,121,"leale",5,4,"Italian","L1"
"1249",2185,131,"inaffidabile",4,3,"Italian","L1"
"1250",2186,131,"osceno",6,2,"Italian","L1"
"1251",2187,131,"buono",2,8,"Italian","L1"
"1252",2188,131,"cauta",7,6,"Italian","L1"
"1253",2189,131,"leale",1,8,"Italian","L1"
"1254",2190,131,"saggia",3,8,"Italian","L1"
"1255",2191,131,"meschina",8,2,"Italian","L1"
"1256",2192,131,"santo",2,9,"Italian","L1"
"1257",2193,131,"paziente",1,9,"Italian","L1"
"1258",2194,131,"scortese",7,2,"Italian","L1"
"1259",2195,131,"indiscreta",6,4,"Italian","L1"
"1260",2196,131,"affidabile",6,9,"Italian","L1"
"1261",2197,131,"scrupolosa",4,5,"Italian","L1"
"1262",2198,131,"sleale",8,2,"Italian","L1"
"1263",2199,131,"pigra",1,5,"Italian","L1"
"1264",2200,131,"tesoro",3,9,"Italian","L1"
"1265",2201,131,"cattivo",7,2,"Italian","L1"
"1266",2202,131,"bugiarda",8,1,"Italian","L1"
"1267",2203,131,"gentile",3,8,"Italian","L1"
"1268",2204,131,"negativo",3,2,"Italian","L1"
"1269",2205,131,"riservata",1,6,"Italian","L1"
"1270",2206,131,"crudele",7,1,"Italian","L1"
"1271",2207,131,"positivo",7,9,"Italian","L1"
"1272",2208,131,"demone",9,3,"Italian","L1"
"1273",2209,131,"elegante",3,8,"Italian","L1"
"1274",2210,131,"stronzo",8,3,"Italian","L1"
"1275",2211,155,"osceno",8,2,"Italian","L1"
"1276",2212,155,"inaffidabile",3,2,"Italian","L1"
"1277",2213,155,"scortese",5,4,"Italian","L1"
"1278",2214,155,"paziente",1,8,"Italian","L1"
"1279",2215,155,"santo",5,5,"Italian","L1"
"1280",2216,155,"positivo",8,9,"Italian","L1"
"1281",2217,155,"bugiarda",5,5,"Italian","L1"
"1282",2218,155,"pigra",6,3,"Italian","L1"
"1283",2219,155,"demone",8,1,"Italian","L1"
"1284",2220,155,"saggia",6,4,"Italian","L1"
"1285",2221,155,"crudele",6,1,"Italian","L1"
"1286",2222,155,"tesoro",4,2,"Italian","L1"
"1287",2223,155,"riservata",1,7,"Italian","L1"
"1288",2224,155,"cauta",3,7,"Italian","L1"
"1289",2225,155,"meschina",7,4,"Italian","L1"
"1290",2226,155,"stronzo",3,3,"Italian","L1"
"1291",2227,155,"cattivo",7,9,"Italian","L1"
"1292",2228,155,"indiscreta",5,6,"Italian","L1"
"1293",2229,155,"elegante",6,9,"Italian","L1"
"1294",2230,155,"buono",8,9,"Italian","L1"
"1295",2231,155,"leale",6,4,"Italian","L1"
"1296",2232,155,"gentile",2,8,"Italian","L1"
"1297",2233,155,"sleale",8,3,"Italian","L1"
"1298",2234,155,"affidabile",2,8,"Italian","L1"
"1299",2235,155,"negativo",4,1,"Italian","L1"
"1300",2236,155,"scrupolosa",5,5,"Italian","L1"
"1301",2237,24,"demone",4,1,"Italian","L1"
"1302",2238,24,"cauta",4,1,"Italian","L1"
"1303",2239,24,"paziente",1,9,"Italian","L1"
"1304",2240,24,"tesoro",5,9,"Italian","L1"
"1305",2241,24,"scrupolosa",2,7,"Italian","L1"
"1306",2242,24,"cattivo",4,3,"Italian","L1"
"1307",2243,24,"santo",1,9,"Italian","L1"
"1308",2244,24,"bugiarda",6,4,"Italian","L1"
"1309",2245,24,"osceno",5,5,"Italian","L1"
"1310",2246,24,"inaffidabile",5,3,"Italian","L1"
"1311",2247,24,"leale",5,9,"Italian","L1"
"1312",2248,24,"indiscreta",5,3,"Italian","L1"
"1313",2249,24,"negativo",5,2,"Italian","L1"
"1314",2250,24,"elegante",1,9,"Italian","L1"
"1315",2251,24,"affidabile",6,9,"Italian","L1"
"1316",2252,24,"gentile",7,9,"Italian","L1"
"1317",2253,24,"stronzo",9,1,"Italian","L1"
"1318",2254,24,"sleale",5,1,"Italian","L1"
"1319",2255,24,"positivo",1,9,"Italian","L1"
"1320",2256,24,"scortese",5,1,"Italian","L1"
"1321",2257,24,"meschina",5,3,"Italian","L1"
"1322",2258,24,"buono",1,9,"Italian","L1"
"1323",2259,24,"saggia",5,5,"Italian","L1"
"1324",2260,24,"crudele",5,1,"Italian","L1"
"1325",2261,24,"riservata",5,4,"Italian","L1"
"1326",2262,24,"pigra",5,2,"Italian","L1"
"1327",2263,91,"negativo",9,1,"Italian","L1"
"1328",2264,91,"crudele",7,1,"Italian","L1"
"1329",2265,91,"cauta",4,7,"Italian","L1"
"1330",2266,91,"buono",1,9,"Italian","L1"
"1331",2267,91,"cattivo",7,1,"Italian","L1"
"1332",2268,91,"pigra",9,1,"Italian","L1"
"1333",2269,91,"scortese",8,1,"Italian","L1"
"1334",2270,91,"tesoro",9,1,"Italian","L1"
"1335",2271,91,"stronzo",9,1,"Italian","L1"
"1336",2272,91,"scrupolosa",9,1,"Italian","L1"
"1337",2273,91,"gentile",1,9,"Italian","L1"
"1338",2274,91,"santo",3,9,"Italian","L1"
"1339",2275,91,"affidabile",1,9,"Italian","L1"
"1340",2276,91,"elegante",1,9,"Italian","L1"
"1341",2277,91,"meschina",8,1,"Italian","L1"
"1342",2278,91,"bugiarda",7,1,"Italian","L1"
"1343",2279,91,"indiscreta",3,9,"Italian","L1"
"1344",2280,91,"saggia",1,9,"Italian","L1"
"1345",2281,91,"positivo",1,9,"Italian","L1"
"1346",2282,91,"inaffidabile",7,1,"Italian","L1"
"1347",2283,91,"paziente",3,9,"Italian","L1"
"1348",2284,91,"leale",4,9,"Italian","L1"
"1349",2285,91,"osceno",9,1,"Italian","L1"
"1350",2286,91,"demone",7,2,"Italian","L1"
"1351",2287,91,"riservata",1,9,"Italian","L1"
"1352",2288,91,"sleale",3,1,"Italian","L1"
"1353",2289,59,"cattivo",7,2,"Italian","L1"
"1354",2290,59,"elegante",2,8,"Italian","L1"
"1355",2291,59,"positivo",2,8,"Italian","L1"
"1356",2292,59,"stronzo",7,3,"Italian","L1"
"1357",2293,59,"cauta",3,7,"Italian","L1"
"1358",2294,59,"osceno",8,2,"Italian","L1"
"1359",2295,59,"indiscreta",7,3,"Italian","L1"
"1360",2296,59,"tesoro",1,9,"Italian","L1"
"1361",2297,59,"meschina",5,5,"Italian","L1"
"1362",2298,59,"scortese",8,3,"Italian","L1"
"1363",2299,59,"crudele",7,2,"Italian","L1"
"1364",2300,59,"riservata",4,6,"Italian","L1"
"1365",2301,59,"demone",7,3,"Italian","L1"
"1366",2302,59,"inaffidabile",7,2,"Italian","L1"
"1367",2303,59,"saggia",1,9,"Italian","L1"
"1368",2304,59,"scrupolosa",7,4,"Italian","L1"
"1369",2305,59,"leale",1,9,"Italian","L1"
"1370",2306,59,"paziente",1,9,"Italian","L1"
"1371",2307,59,"pigra",5,5,"Italian","L1"
"1372",2308,59,"bugiarda",8,3,"Italian","L1"
"1373",2309,59,"buono",1,9,"Italian","L1"
"1374",2310,59,"affidabile",2,8,"Italian","L1"
"1375",2311,59,"santo",1,9,"Italian","L1"
"1376",2312,59,"negativo",6,2,"Italian","L1"
"1377",2313,59,"gentile",3,8,"Italian","L1"
"1378",2314,59,"sleale",6,3,"Italian","L1"
"1379",2341,32,"meschina",4,2,"Italian","L1"
"1380",2342,32,"elegante",9,9,"Italian","L1"
"1381",2343,32,"tesoro",2,8,"Italian","L1"
"1382",2344,32,"demone",5,5,"Italian","L1"
"1383",2345,32,"indiscreta",5,2,"Italian","L1"
"1384",2346,32,"gentile",4,8,"Italian","L1"
"1385",2347,32,"stronzo",7,2,"Italian","L1"
"1386",2348,32,"santo",3,5,"Italian","L1"
"1387",2349,32,"saggia",3,9,"Italian","L1"
"1388",2350,32,"riservata",1,6,"Italian","L1"
"1389",2351,32,"osceno",5,2,"Italian","L1"
"1390",2352,32,"inaffidabile",4,1,"Italian","L1"
"1391",2353,32,"positivo",7,8,"Italian","L1"
"1392",2354,32,"pigra",6,3,"Italian","L1"
"1393",2355,32,"leale",8,7,"Italian","L1"
"1394",2356,32,"buono",9,9,"Italian","L1"
"1395",2357,32,"cattivo",4,1,"Italian","L1"
"1396",2358,32,"bugiarda",6,1,"Italian","L1"
"1397",2359,32,"sleale",7,1,"Italian","L1"
"1398",2360,32,"cauta",4,7,"Italian","L1"
"1399",2361,32,"negativo",3,1,"Italian","L1"
"1400",2362,32,"crudele",7,1,"Italian","L1"
"1401",2363,32,"scrupolosa",6,1,"Italian","L1"
"1402",2364,32,"paziente",1,7,"Italian","L1"
"1403",2365,32,"scortese",6,1,"Italian","L1"
"1404",2366,32,"affidabile",8,8,"Italian","L1"
"1405",2367,143,"affidabile",1,9,"Italian","L1"
"1406",2368,143,"meschina",7,1,"Italian","L1"
"1407",2369,143,"demone",9,1,"Italian","L1"
"1408",2370,143,"stronzo",9,1,"Italian","L1"
"1409",2371,143,"crudele",9,1,"Italian","L1"
"1410",2372,143,"positivo",5,9,"Italian","L1"
"1411",2373,143,"santo",1,5,"Italian","L1"
"1412",2374,143,"cattivo",8,1,"Italian","L1"
"1413",2375,143,"paziente",1,9,"Italian","L1"
"1414",2376,143,"pigra",3,4,"Italian","L1"
"1415",2377,143,"indiscreta",7,2,"Italian","L1"
"1416",2378,143,"elegante",5,7,"Italian","L1"
"1417",2379,143,"tesoro",3,9,"Italian","L1"
"1418",2380,143,"leale",7,7,"Italian","L1"
"1419",2381,143,"bugiarda",7,2,"Italian","L1"
"1420",2382,143,"buono",1,9,"Italian","L1"
"1421",2383,143,"cauta",7,5,"Italian","L1"
"1422",2384,143,"scortese",9,1,"Italian","L1"
"1423",2385,143,"osceno",9,1,"Italian","L1"
"1424",2386,143,"inaffidabile",8,2,"Italian","L1"
"1425",2387,143,"scrupolosa",1,7,"Italian","L1"
"1426",2388,143,"riservata",1,9,"Italian","L1"
"1427",2389,143,"negativo",5,1,"Italian","L1"
"1428",2390,143,"sleale",6,3,"Italian","L1"
"1429",2391,143,"saggia",1,9,"Italian","L1"
"1430",2392,143,"gentile",1,9,"Italian","L1"
"1431",2419,93,"buono",5,9,"Italian","L1"
"1432",2420,93,"scortese",5,3,"Italian","L1"
"1433",2421,93,"demone",7,1,"Italian","L1"
"1434",2422,93,"paziente",5,5,"Italian","L1"
"1435",2423,93,"tesoro",5,7,"Italian","L1"
"1436",2424,93,"gentile",9,9,"Italian","L1"
"1437",2425,93,"indiscreta",7,1,"Italian","L1"
"1438",2426,93,"scrupolosa",7,2,"Italian","L1"
"1439",2427,93,"cattivo",6,2,"Italian","L1"
"1440",2428,93,"elegante",9,9,"Italian","L1"
"1441",2429,93,"bugiarda",7,1,"Italian","L1"
"1442",2430,93,"inaffidabile",5,2,"Italian","L1"
"1443",2431,93,"negativo",6,1,"Italian","L1"
"1444",2432,93,"leale",6,9,"Italian","L1"
"1445",2433,93,"cauta",5,5,"Italian","L1"
"1446",2434,93,"sleale",6,2,"Italian","L1"
"1447",2435,93,"meschina",6,1,"Italian","L1"
"1448",2436,93,"saggia",2,8,"Italian","L1"
"1449",2437,93,"positivo",9,9,"Italian","L1"
"1450",2438,93,"pigra",5,2,"Italian","L1"
"1451",2439,93,"stronzo",5,1,"Italian","L1"
"1452",2440,93,"affidabile",5,8,"Italian","L1"
"1453",2441,93,"riservata",7,3,"Italian","L1"
"1454",2442,93,"crudele",7,2,"Italian","L1"
"1455",2443,93,"santo",6,8,"Italian","L1"
"1456",2444,93,"osceno",6,2,"Italian","L1"
"1457",2445,4,"stronzo",7,1,"Italian","L1"
"1458",2446,4,"gentile",1,7,"Italian","L1"
"1459",2447,4,"leale",7,5,"Italian","L1"
"1460",2448,4,"inaffidabile",7,4,"Italian","L1"
"1461",2449,4,"tesoro",3,8,"Italian","L1"
"1462",2450,4,"santo",4,6,"Italian","L1"
"1463",2451,4,"buono",3,8,"Italian","L1"
"1464",2452,4,"demone",9,1,"Italian","L1"
"1465",2453,4,"pigra",4,5,"Italian","L1"
"1466",2454,4,"riservata",5,5,"Italian","L1"
"1467",2455,4,"paziente",3,6,"Italian","L1"
"1468",2456,4,"elegante",2,8,"Italian","L1"
"1469",2457,4,"positivo",6,8,"Italian","L1"
"1470",2458,4,"crudele",8,2,"Italian","L1"
"1471",2459,4,"osceno",4,6,"Italian","L1"
"1472",2460,4,"cauta",3,7,"Italian","L1"
"1473",2461,4,"meschina",4,6,"Italian","L1"
"1474",2462,4,"sleale",4,7,"Italian","L1"
"1475",2463,4,"negativo",8,2,"Italian","L1"
"1476",2464,4,"cattivo",8,1,"Italian","L1"
"1477",2465,4,"saggia",3,6,"Italian","L1"
"1478",2466,4,"scortese",6,6,"Italian","L1"
"1479",2467,4,"scrupolosa",4,4,"Italian","L1"
"1480",2468,4,"indiscreta",7,5,"Italian","L1"
"1481",2469,4,"affidabile",5,7,"Italian","L1"
"1482",2470,4,"bugiarda",7,2,"Italian","L1"
"1483",2471,202,"paziente",2,7,"Italian","L1"
"1484",2472,202,"santo",1,9,"Italian","L1"
"1485",2473,202,"negativo",7,2,"Italian","L1"
"1486",2474,202,"crudele",9,1,"Italian","L1"
"1487",2475,202,"osceno",9,1,"Italian","L1"
"1488",2476,202,"demone",8,2,"Italian","L1"
"1489",2477,202,"scortese",8,3,"Italian","L1"
"1490",2478,202,"indiscreta",7,3,"Italian","L1"
"1491",2479,202,"elegante",1,9,"Italian","L1"
"1492",2480,202,"bugiarda",7,2,"Italian","L1"
"1493",2481,202,"gentile",1,9,"Italian","L1"
"1494",2482,202,"scrupolosa",3,7,"Italian","L1"
"1495",2483,202,"tesoro",3,9,"Italian","L1"
"1496",2484,202,"cattivo",7,3,"Italian","L1"
"1497",2485,202,"saggia",1,7,"Italian","L1"
"1498",2486,202,"buono",2,9,"Italian","L1"
"1499",2487,202,"positivo",1,9,"Italian","L1"
"1500",2488,202,"leale",2,9,"Italian","L1"
"1501",2489,202,"cauta",3,7,"Italian","L1"
"1502",2490,202,"pigra",6,3,"Italian","L1"
"1503",2491,202,"affidabile",3,8,"Italian","L1"
"1504",2492,202,"meschina",8,3,"Italian","L1"
"1505",2493,202,"stronzo",6,4,"Italian","L1"
"1506",2494,202,"sleale",7,2,"Italian","L1"
"1507",2495,202,"riservata",5,5,"Italian","L1"
"1508",2496,202,"inaffidabile",7,2,"Italian","L1"
"1509",2497,213,"osceno",1,9,"Italian","L1"
"1510",2498,213,"sleale",1,1,"Italian","L1"
"1511",2499,213,"paziente",1,9,"Italian","L1"
"1512",2500,213,"meschina",5,1,"Italian","L1"
"1513",2501,213,"affidabile",2,9,"Italian","L1"
"1514",2502,213,"bugiarda",8,1,"Italian","L1"
"1515",2503,213,"gentile",1,9,"Italian","L1"
"1516",2504,213,"scrupolosa",6,5,"Italian","L1"
"1517",2505,213,"positivo",3,9,"Italian","L1"
"1518",2506,213,"stronzo",4,1,"Italian","L1"
"1519",2507,213,"elegante",6,9,"Italian","L1"
"1520",2508,213,"leale",5,5,"Italian","L1"
"1521",2509,213,"santo",1,9,"Italian","L1"
"1522",2510,213,"demone",9,1,"Italian","L1"
"1523",2511,213,"negativo",7,1,"Italian","L1"
"1524",2512,213,"tesoro",1,9,"Italian","L1"
"1525",2513,213,"cauta",5,5,"Italian","L1"
"1526",2514,213,"pigra",2,1,"Italian","L1"
"1527",2515,213,"cattivo",5,5,"Italian","L1"
"1528",2516,213,"indiscreta",3,3,"Italian","L1"
"1529",2517,213,"inaffidabile",2,3,"Italian","L1"
"1530",2518,213,"riservata",5,5,"Italian","L1"
"1531",2519,213,"crudele",3,2,"Italian","L1"
"1532",2520,213,"scortese",5,3,"Italian","L1"
"1533",2521,213,"buono",2,9,"Italian","L1"
"1534",2522,213,"saggia",5,5,"Italian","L1"
"1535",2523,147,"stronzo",8,1,"Italian","L1"
"1536",2524,147,"positivo",1,9,"Italian","L1"
"1537",2525,147,"elegante",3,9,"Italian","L1"
"1538",2526,147,"buono",2,9,"Italian","L1"
"1539",2527,147,"crudele",6,1,"Italian","L1"
"1540",2528,147,"demone",7,1,"Italian","L1"
"1541",2529,147,"meschina",7,2,"Italian","L1"
"1542",2530,147,"leale",4,9,"Italian","L1"
"1543",2531,147,"affidabile",2,8,"Italian","L1"
"1544",2532,147,"pigra",3,1,"Italian","L1"
"1545",2533,147,"osceno",5,5,"Italian","L1"
"1546",2534,147,"cattivo",7,1,"Italian","L1"
"1547",2535,147,"riservata",3,7,"Italian","L1"
"1548",2536,147,"scrupolosa",7,1,"Italian","L1"
"1549",2537,147,"santo",4,3,"Italian","L1"
"1550",2538,147,"scortese",6,2,"Italian","L1"
"1551",2539,147,"tesoro",5,9,"Italian","L1"
"1552",2540,147,"bugiarda",6,5,"Italian","L1"
"1553",2541,147,"inaffidabile",5,1,"Italian","L1"
"1554",2542,147,"saggia",2,8,"Italian","L1"
"1555",2543,147,"indiscreta",7,2,"Italian","L1"
"1556",2544,147,"sleale",7,2,"Italian","L1"
"1557",2545,147,"cauta",7,7,"Italian","L1"
"1558",2546,147,"negativo",7,1,"Italian","L1"
"1559",2547,147,"paziente",1,9,"Italian","L1"
"1560",2548,147,"gentile",1,9,"Italian","L1"
"1561",2549,29,"elegante",7,6,"Italian","L1"
"1562",2550,29,"paziente",6,8,"Italian","L1"
"1563",2551,29,"demone",7,2,"Italian","L1"
"1564",2552,29,"scrupolosa",6,6,"Italian","L1"
"1565",2553,29,"leale",7,9,"Italian","L1"
"1566",2554,29,"osceno",4,1,"Italian","L1"
"1567",2555,29,"negativo",4,1,"Italian","L1"
"1568",2556,29,"crudele",7,1,"Italian","L1"
"1569",2557,29,"meschina",6,1,"Italian","L1"
"1570",2558,29,"inaffidabile",7,2,"Italian","L1"
"1571",2559,29,"buono",1,9,"Italian","L1"
"1572",2560,29,"santo",1,9,"Italian","L1"
"1573",2561,29,"cattivo",9,1,"Italian","L1"
"1574",2562,29,"bugiarda",8,2,"Italian","L1"
"1575",2563,29,"indiscreta",6,3,"Italian","L1"
"1576",2564,29,"riservata",4,6,"Italian","L1"
"1577",2565,29,"pigra",5,3,"Italian","L1"
"1578",2566,29,"scortese",4,2,"Italian","L1"
"1579",2567,29,"gentile",5,8,"Italian","L1"
"1580",2568,29,"stronzo",6,1,"Italian","L1"
"1581",2569,29,"tesoro",1,9,"Italian","L1"
"1582",2570,29,"saggia",1,8,"Italian","L1"
"1583",2571,29,"affidabile",2,9,"Italian","L1"
"1584",2572,29,"cauta",3,8,"Italian","L1"
"1585",2573,29,"sleale",9,1,"Italian","L1"
"1586",2574,29,"positivo",3,9,"Italian","L1"
"1587",2575,69,"bugiarda",5,1,"Italian","L1"
"1588",2576,69,"indiscreta",2,5,"Italian","L1"
"1589",2577,69,"paziente",1,8,"Italian","L1"
"1590",2578,69,"leale",1,9,"Italian","L1"
"1591",2579,69,"inaffidabile",7,1,"Italian","L1"
"1592",2580,69,"meschina",7,2,"Italian","L1"
"1593",2581,69,"cattivo",8,1,"Italian","L1"
"1594",2582,69,"saggia",1,7,"Italian","L1"
"1595",2583,69,"riservata",1,5,"Italian","L1"
"1596",2584,69,"sleale",6,1,"Italian","L1"
"1597",2585,69,"tesoro",1,8,"Italian","L1"
"1598",2586,69,"gentile",1,8,"Italian","L1"
"1599",2587,69,"pigra",1,1,"Italian","L1"
"1600",2588,69,"crudele",6,2,"Italian","L1"
"1601",2589,69,"cauta",1,5,"Italian","L1"
"1602",2590,69,"scrupolosa",1,5,"Italian","L1"
"1603",2591,69,"osceno",5,4,"Italian","L1"
"1604",2592,69,"santo",6,9,"Italian","L1"
"1605",2593,69,"scortese",3,4,"Italian","L1"
"1606",2594,69,"negativo",5,1,"Italian","L1"
"1607",2595,69,"affidabile",5,9,"Italian","L1"
"1608",2596,69,"positivo",7,9,"Italian","L1"
"1609",2597,69,"stronzo",7,1,"Italian","L1"
"1610",2598,69,"elegante",2,6,"Italian","L1"
"1611",2599,69,"buono",2,8,"Italian","L1"
"1612",2600,69,"demone",7,1,"Italian","L1"
"1613",2601,175,"pigra",5,3,"Italian","L1"
"1614",2602,175,"meschina",8,3,"Italian","L1"
"1615",2603,175,"crudele",8,2,"Italian","L1"
"1616",2604,175,"leale",3,8,"Italian","L1"
"1617",2605,175,"paziente",2,8,"Italian","L1"
"1618",2606,175,"tesoro",1,9,"Italian","L1"
"1619",2607,175,"gentile",2,8,"Italian","L1"
"1620",2608,175,"osceno",8,2,"Italian","L1"
"1621",2609,175,"negativo",7,3,"Italian","L1"
"1622",2610,175,"buono",2,8,"Italian","L1"
"1623",2611,175,"saggia",4,7,"Italian","L1"
"1624",2612,175,"scortese",7,3,"Italian","L1"
"1625",2613,175,"positivo",3,7,"Italian","L1"
"1626",2614,175,"indiscreta",6,4,"Italian","L1"
"1627",2615,175,"scrupolosa",6,4,"Italian","L1"
"1628",2616,175,"riservata",1,5,"Italian","L1"
"1629",2617,175,"inaffidabile",7,4,"Italian","L1"
"1630",2618,175,"sleale",9,2,"Italian","L1"
"1631",2619,175,"cattivo",8,2,"Italian","L1"
"1632",2620,175,"affidabile",7,4,"Italian","L1"
"1633",2621,175,"elegante",2,8,"Italian","L1"
"1634",2622,175,"stronzo",9,1,"Italian","L1"
"1635",2623,175,"bugiarda",8,2,"Italian","L1"
"1636",2624,175,"santo",2,8,"Italian","L1"
"1637",2625,175,"demone",9,1,"Italian","L1"
"1638",2626,175,"cauta",7,3,"Italian","L1"
"1639",2627,134,"demone",6,1,"Italian","L1"
"1640",2628,134,"sleale",3,2,"Italian","L1"
"1641",2629,134,"cauta",2,7,"Italian","L1"
"1642",2630,134,"bugiarda",5,3,"Italian","L1"
"1643",2631,134,"negativo",3,2,"Italian","L1"
"1644",2632,134,"positivo",1,9,"Italian","L1"
"1645",2633,134,"stronzo",5,1,"Italian","L1"
"1646",2634,134,"leale",1,9,"Italian","L1"
"1647",2635,134,"inaffidabile",4,1,"Italian","L1"
"1648",2636,134,"gentile",2,9,"Italian","L1"
"1649",2637,134,"pigra",6,2,"Italian","L1"
"1650",2638,134,"tesoro",3,7,"Italian","L1"
"1651",2639,134,"crudele",2,3,"Italian","L1"
"1652",2640,134,"paziente",1,7,"Italian","L1"
"1653",2641,134,"indiscreta",4,2,"Italian","L1"
"1654",2642,134,"buono",5,9,"Italian","L1"
"1655",2643,134,"scortese",4,2,"Italian","L1"
"1656",2644,134,"santo",6,7,"Italian","L1"
"1657",2645,134,"meschina",6,2,"Italian","L1"
"1658",2646,134,"riservata",1,5,"Italian","L1"
"1659",2647,134,"cattivo",4,2,"Italian","L1"
"1660",2648,134,"osceno",6,3,"Italian","L1"
"1661",2649,134,"affidabile",4,6,"Italian","L1"
"1662",2650,134,"scrupolosa",1,4,"Italian","L1"
"1663",2651,134,"saggia",4,5,"Italian","L1"
"1664",2652,134,"elegante",2,7,"Italian","L1"
"1665",2653,81,"leale",3,7,"Italian","L1"
"1666",2654,81,"osceno",6,2,"Italian","L1"
"1667",2655,81,"meschina",7,2,"Italian","L1"
"1668",2656,81,"elegante",4,6,"Italian","L1"
"1669",2657,81,"pigra",7,3,"Italian","L1"
"1670",2658,81,"crudele",7,2,"Italian","L1"
"1671",2659,81,"sleale",7,1,"Italian","L1"
"1672",2660,81,"buono",2,6,"Italian","L1"
"1673",2661,81,"cattivo",7,2,"Italian","L1"
"1674",2662,81,"positivo",4,7,"Italian","L1"
"1675",2663,81,"demone",7,2,"Italian","L1"
"1676",2664,81,"cauta",6,4,"Italian","L1"
"1677",2665,81,"stronzo",7,2,"Italian","L1"
"1678",2666,81,"gentile",4,7,"Italian","L1"
"1679",2667,81,"saggia",5,7,"Italian","L1"
"1680",2668,81,"inaffidabile",7,2,"Italian","L1"
"1681",2669,81,"riservata",3,4,"Italian","L1"
"1682",2670,81,"santo",3,6,"Italian","L1"
"1683",2671,81,"negativo",6,3,"Italian","L1"
"1684",2672,81,"paziente",3,7,"Italian","L1"
"1685",2673,81,"scrupolosa",5,7,"Italian","L1"
"1686",2674,81,"bugiarda",6,3,"Italian","L1"
"1687",2675,81,"scortese",7,4,"Italian","L1"
"1688",2676,81,"indiscreta",5,3,"Italian","L1"
"1689",2677,81,"affidabile",4,7,"Italian","L1"
"1690",2678,81,"tesoro",5,7,"Italian","L1"
"1691",2679,142,"scortese",6,4,"Italian","L1"
"1692",2680,142,"saggia",1,8,"Italian","L1"
"1693",2681,142,"pigra",7,2,"Italian","L1"
"1694",2682,142,"tesoro",3,9,"Italian","L1"
"1695",2683,142,"positivo",6,9,"Italian","L1"
"1696",2684,142,"osceno",7,2,"Italian","L1"
"1697",2685,142,"leale",1,8,"Italian","L1"
"1698",2686,142,"santo",2,7,"Italian","L1"
"1699",2687,142,"inaffidabile",4,3,"Italian","L1"
"1700",2688,142,"stronzo",6,2,"Italian","L1"
"1701",2689,142,"bugiarda",7,2,"Italian","L1"
"1702",2690,142,"scrupolosa",2,6,"Italian","L1"
"1703",2691,142,"gentile",1,8,"Italian","L1"
"1704",2692,142,"crudele",6,2,"Italian","L1"
"1705",2693,142,"riservata",1,5,"Italian","L1"
"1706",2694,142,"indiscreta",6,3,"Italian","L1"
"1707",2695,142,"cattivo",7,2,"Italian","L1"
"1708",2696,142,"buono",1,9,"Italian","L1"
"1709",2697,142,"elegante",2,8,"Italian","L1"
"1710",2698,142,"cauta",2,5,"Italian","L1"
"1711",2699,142,"negativo",2,3,"Italian","L1"
"1712",2700,142,"paziente",2,7,"Italian","L1"
"1713",2701,142,"meschina",7,2,"Italian","L1"
"1714",2702,142,"affidabile",1,7,"Italian","L1"
"1715",2703,142,"demone",7,1,"Italian","L1"
"1716",2704,142,"sleale",6,2,"Italian","L1"
"1717",2705,67,"riservata",3,5,"Italian","L1"
"1718",2706,67,"pigra",5,2,"Italian","L1"
"1719",2707,67,"affidabile",3,7,"Italian","L1"
"1720",2708,67,"scortese",7,2,"Italian","L1"
"1721",2709,67,"meschina",7,2,"Italian","L1"
"1722",2710,67,"negativo",5,2,"Italian","L1"
"1723",2711,67,"inaffidabile",7,3,"Italian","L1"
"1724",2712,67,"indiscreta",5,5,"Italian","L1"
"1725",2713,67,"santo",2,8,"Italian","L1"
"1726",2714,67,"paziente",2,7,"Italian","L1"
"1727",2715,67,"buono",8,7,"Italian","L1"
"1728",2716,67,"saggia",4,5,"Italian","L1"
"1729",2717,67,"demone",7,3,"Italian","L1"
"1730",2718,67,"elegante",3,7,"Italian","L1"
"1731",2719,67,"scrupolosa",5,3,"Italian","L1"
"1732",2720,67,"osceno",7,2,"Italian","L1"
"1733",2721,67,"stronzo",8,3,"Italian","L1"
"1734",2722,67,"bugiarda",7,3,"Italian","L1"
"1735",2723,67,"crudele",6,3,"Italian","L1"
"1736",2724,67,"tesoro",2,7,"Italian","L1"
"1737",2725,67,"cattivo",7,2,"Italian","L1"
"1738",2726,67,"leale",2,8,"Italian","L1"
"1739",2727,67,"cauta",4,2,"Italian","L1"
"1740",2728,67,"sleale",3,3,"Italian","L1"
"1741",2729,67,"positivo",3,8,"Italian","L1"
"1742",2730,67,"gentile",3,7,"Italian","L1"
"1743",2731,53,"buono",2,7,"Italian","L1"
"1744",2732,53,"tesoro",3,8,"Italian","L1"
"1745",2733,53,"elegante",3,5,"Italian","L1"
"1746",2734,53,"indiscreta",6,2,"Italian","L1"
"1747",2735,53,"negativo",8,1,"Italian","L1"
"1748",2736,53,"sleale",9,1,"Italian","L1"
"1749",2737,53,"cattivo",8,1,"Italian","L1"
"1750",2738,53,"meschina",7,4,"Italian","L1"
"1751",2739,53,"stronzo",9,1,"Italian","L1"
"1752",2740,53,"santo",2,8,"Italian","L1"
"1753",2741,53,"affidabile",3,8,"Italian","L1"
"1754",2742,53,"inaffidabile",6,1,"Italian","L1"
"1755",2743,53,"scortese",5,3,"Italian","L1"
"1756",2744,53,"paziente",2,7,"Italian","L1"
"1757",2745,53,"saggia",3,8,"Italian","L1"
"1758",2746,53,"cauta",5,6,"Italian","L1"
"1759",2747,53,"leale",4,6,"Italian","L1"
"1760",2748,53,"riservata",5,5,"Italian","L1"
"1761",2749,53,"positivo",3,7,"Italian","L1"
"1762",2750,53,"pigra",5,4,"Italian","L1"
"1763",2751,53,"demone",9,1,"Italian","L1"
"1764",2752,53,"crudele",9,1,"Italian","L1"
"1765",2753,53,"scrupolosa",5,5,"Italian","L1"
"1766",2754,53,"bugiarda",7,2,"Italian","L1"
"1767",2755,53,"osceno",6,5,"Italian","L1"
"1768",2756,53,"gentile",1,7,"Italian","L1"
"1769",2757,37,"leale",1,9,"Italian","L1"
"1770",2758,37,"pigra",1,1,"Italian","L1"
"1771",2759,37,"elegante",7,9,"Italian","L1"
"1772",2760,37,"crudele",1,1,"Italian","L1"
"1773",2761,37,"positivo",6,9,"Italian","L1"
"1774",2762,37,"osceno",1,1,"Italian","L1"
"1775",2763,37,"cauta",5,6,"Italian","L1"
"1776",2764,37,"saggia",8,9,"Italian","L1"
"1777",2765,37,"paziente",5,7,"Italian","L1"
"1778",2766,37,"tesoro",5,7,"Italian","L1"
"1779",2767,37,"buono",3,6,"Italian","L1"
"1780",2768,37,"santo",4,7,"Italian","L1"
"1781",2769,37,"scortese",1,1,"Italian","L1"
"1782",2770,37,"inaffidabile",1,1,"Italian","L1"
"1783",2771,37,"demone",1,1,"Italian","L1"
"1784",2772,37,"riservata",3,5,"Italian","L1"
"1785",2773,37,"gentile",1,6,"Italian","L1"
"1786",2774,37,"scrupolosa",4,5,"Italian","L1"
"1787",2775,37,"sleale",1,1,"Italian","L1"
"1788",2776,37,"stronzo",1,1,"Italian","L1"
"1789",2777,37,"cattivo",1,1,"Italian","L1"
"1790",2778,37,"meschina",1,1,"Italian","L1"
"1791",2779,37,"affidabile",5,8,"Italian","L1"
"1792",2780,37,"negativo",1,1,"Italian","L1"
"1793",2781,37,"indiscreta",1,1,"Italian","L1"
"1794",2782,37,"bugiarda",1,1,"Italian","L1"
"1795",2783,120,"affidabile",2,9,"Italian","L1"
"1796",2784,120,"scortese",6,2,"Italian","L1"
"1797",2785,120,"meschina",6,3,"Italian","L1"
"1798",2786,120,"gentile",1,8,"Italian","L1"
"1799",2787,120,"positivo",6,9,"Italian","L1"
"1800",2788,120,"scrupolosa",3,9,"Italian","L1"
"1801",2789,120,"cattivo",6,1,"Italian","L1"
"1802",2790,120,"demone",5,5,"Italian","L1"
"1803",2791,120,"indiscreta",7,1,"Italian","L1"
"1804",2792,120,"crudele",6,1,"Italian","L1"
"1805",2793,120,"negativo",6,1,"Italian","L1"
"1806",2794,120,"riservata",5,5,"Italian","L1"
"1807",2795,120,"tesoro",3,9,"Italian","L1"
"1808",2796,120,"saggia",3,9,"Italian","L1"
"1809",2797,120,"sleale",7,1,"Italian","L1"
"1810",2798,120,"elegante",1,9,"Italian","L1"
"1811",2799,120,"leale",1,9,"Italian","L1"
"1812",2800,120,"buono",2,9,"Italian","L1"
"1813",2801,120,"inaffidabile",7,1,"Italian","L1"
"1814",2802,120,"osceno",5,4,"Italian","L1"
"1815",2803,120,"pigra",7,1,"Italian","L1"
"1816",2804,120,"santo",5,5,"Italian","L1"
"1817",2805,120,"stronzo",6,8,"Italian","L1"
"1818",2806,120,"paziente",1,9,"Italian","L1"
"1819",2807,120,"bugiarda",9,1,"Italian","L1"
"1820",2808,120,"cauta",5,1,"Italian","L1"
"1821",2809,44,"riservata",2,4,"Italian","L1"
"1822",2810,44,"scortese",7,2,"Italian","L1"
"1823",2811,44,"cauta",3,3,"Italian","L1"
"1824",2812,44,"bugiarda",7,1,"Italian","L1"
"1825",2813,44,"sleale",4,2,"Italian","L1"
"1826",2814,44,"affidabile",3,9,"Italian","L1"
"1827",2815,44,"meschina",6,2,"Italian","L1"
"1828",2816,44,"osceno",9,1,"Italian","L1"
"1829",2817,44,"paziente",1,9,"Italian","L1"
"1830",2818,44,"buono",2,8,"Italian","L1"
"1831",2819,44,"positivo",2,9,"Italian","L1"
"1832",2820,44,"crudele",6,1,"Italian","L1"
"1833",2821,44,"tesoro",4,9,"Italian","L1"
"1834",2822,44,"pigra",2,3,"Italian","L1"
"1835",2823,44,"scrupolosa",6,2,"Italian","L1"
"1836",2824,44,"gentile",6,6,"Italian","L1"
"1837",2825,44,"saggia",2,8,"Italian","L1"
"1838",2826,44,"indiscreta",6,3,"Italian","L1"
"1839",2827,44,"leale",1,9,"Italian","L1"
"1840",2828,44,"cattivo",7,2,"Italian","L1"
"1841",2829,44,"santo",4,7,"Italian","L1"
"1842",2830,44,"elegante",4,9,"Italian","L1"
"1843",2831,44,"stronzo",8,1,"Italian","L1"
"1844",2832,44,"negativo",6,1,"Italian","L1"
"1845",2833,44,"demone",8,1,"Italian","L1"
"1846",2834,44,"inaffidabile",5,2,"Italian","L1"
"1847",2835,105,"negativo",5,1,"Italian","L1"
"1848",2836,105,"riservata",3,4,"Italian","L1"
"1849",2837,105,"positivo",9,9,"Italian","L1"
"1850",2838,105,"scrupolosa",6,1,"Italian","L1"
"1851",2839,105,"osceno",7,1,"Italian","L1"
"1852",2840,105,"cauta",3,5,"Italian","L1"
"1853",2841,105,"inaffidabile",9,1,"Italian","L1"
"1854",2842,105,"bugiarda",6,1,"Italian","L1"
"1855",2843,105,"scortese",6,1,"Italian","L1"
"1856",2844,105,"crudele",9,1,"Italian","L1"
"1857",2845,105,"cattivo",3,1,"Italian","L1"
"1858",2846,105,"tesoro",9,9,"Italian","L1"
"1859",2847,105,"gentile",1,9,"Italian","L1"
"1860",2848,105,"demone",9,1,"Italian","L1"
"1861",2849,105,"buono",3,8,"Italian","L1"
"1862",2850,105,"meschina",7,1,"Italian","L1"
"1863",2851,105,"saggia",1,9,"Italian","L1"
"1864",2852,105,"indiscreta",8,1,"Italian","L1"
"1865",2853,105,"santo",1,9,"Italian","L1"
"1866",2854,105,"affidabile",1,9,"Italian","L1"
"1867",2855,105,"elegante",1,9,"Italian","L1"
"1868",2856,105,"pigra",4,3,"Italian","L1"
"1869",2857,105,"stronzo",9,1,"Italian","L1"
"1870",2858,105,"sleale",8,1,"Italian","L1"
"1871",2859,105,"leale",8,9,"Italian","L1"
"1872",2860,105,"paziente",1,9,"Italian","L1"
"1873",2861,128,"scrupolosa",7,9,"Italian","L1"
"1874",2862,128,"pigra",7,5,"Italian","L1"
"1875",2863,128,"saggia",6,9,"Italian","L1"
"1876",2864,128,"negativo",3,2,"Italian","L1"
"1877",2865,128,"cauta",4,6,"Italian","L1"
"1878",2866,128,"crudele",7,6,"Italian","L1"
"1879",2867,128,"meschina",7,8,"Italian","L1"
"1880",2868,128,"demone",7,6,"Italian","L1"
"1881",2869,128,"paziente",4,5,"Italian","L1"
"1882",2870,128,"cattivo",2,3,"Italian","L1"
"1883",2871,128,"buono",8,8,"Italian","L1"
"1884",2872,128,"indiscreta",7,7,"Italian","L1"
"1885",2873,128,"leale",3,8,"Italian","L1"
"1886",2874,128,"elegante",8,2,"Italian","L1"
"1887",2875,128,"affidabile",7,9,"Italian","L1"
"1888",2876,128,"sleale",9,7,"Italian","L1"
"1889",2877,128,"positivo",9,6,"Italian","L1"
"1890",2878,128,"scortese",3,7,"Italian","L1"
"1891",2879,128,"santo",7,8,"Italian","L1"
"1892",2880,128,"stronzo",9,8,"Italian","L1"
"1893",2881,128,"osceno",7,9,"Italian","L1"
"1894",2882,128,"inaffidabile",3,5,"Italian","L1"
"1895",2883,128,"tesoro",5,7,"Italian","L1"
"1896",2884,128,"bugiarda",7,3,"Italian","L1"
"1897",2885,128,"gentile",3,7,"Italian","L1"
"1898",2886,128,"riservata",7,8,"Italian","L1"
"1899",2887,160,"tesoro",3,7,"Italian","L1"
"1900",2888,160,"meschina",5,5,"Italian","L1"
"1901",2889,160,"paziente",1,7,"Italian","L1"
"1902",2890,160,"scortese",5,3,"Italian","L1"
"1903",2891,160,"elegante",3,7,"Italian","L1"
"1904",2892,160,"buono",5,7,"Italian","L1"
"1905",2893,160,"stronzo",6,5,"Italian","L1"
"1906",2894,160,"bugiarda",6,5,"Italian","L1"
"1907",2895,160,"pigra",7,5,"Italian","L1"
"1908",2896,160,"cattivo",5,5,"Italian","L1"
"1909",2897,160,"sleale",6,5,"Italian","L1"
"1910",2898,160,"leale",2,7,"Italian","L1"
"1911",2899,160,"indiscreta",6,5,"Italian","L1"
"1912",2900,160,"scrupolosa",4,5,"Italian","L1"
"1913",2901,160,"osceno",7,6,"Italian","L1"
"1914",2902,160,"gentile",2,7,"Italian","L1"
"1915",2903,160,"inaffidabile",6,5,"Italian","L1"
"1916",2904,160,"crudele",6,3,"Italian","L1"
"1917",2905,160,"affidabile",3,6,"Italian","L1"
"1918",2906,160,"saggia",1,8,"Italian","L1"
"1919",2907,160,"santo",2,8,"Italian","L1"
"1920",2908,160,"negativo",5,4,"Italian","L1"
"1921",2909,160,"riservata",2,5,"Italian","L1"
"1922",2910,160,"cauta",7,5,"Italian","L1"
"1923",2911,160,"positivo",2,8,"Italian","L1"
"1924",2912,160,"demone",7,3,"Italian","L1"
"1925",2913,66,"pigra",1,2,"Italian","L1"
"1926",2914,66,"paziente",2,8,"Italian","L1"
"1927",2915,66,"indiscreta",6,2,"Italian","L1"
"1928",2916,66,"osceno",8,2,"Italian","L1"
"1929",2917,66,"inaffidabile",4,2,"Italian","L1"
"1930",2918,66,"tesoro",4,9,"Italian","L1"
"1931",2919,66,"sleale",6,1,"Italian","L1"
"1932",2920,66,"bugiarda",7,2,"Italian","L1"
"1933",2921,66,"scortese",8,1,"Italian","L1"
"1934",2922,66,"scrupolosa",4,5,"Italian","L1"
"1935",2923,66,"cauta",2,6,"Italian","L1"
"1936",2924,66,"meschina",7,1,"Italian","L1"
"1937",2925,66,"affidabile",4,7,"Italian","L1"
"1938",2926,66,"saggia",5,6,"Italian","L1"
"1939",2927,66,"crudele",7,2,"Italian","L1"
"1940",2928,66,"demone",9,1,"Italian","L1"
"1941",2929,66,"cattivo",7,1,"Italian","L1"
"1942",2930,66,"riservata",2,6,"Italian","L1"
"1943",2931,66,"gentile",2,8,"Italian","L1"
"1944",2932,66,"positivo",4,7,"Italian","L1"
"1945",2933,66,"negativo",4,3,"Italian","L1"
"1946",2934,66,"elegante",6,8,"Italian","L1"
"1947",2935,66,"santo",3,8,"Italian","L1"
"1948",2936,66,"stronzo",7,2,"Italian","L1"
"1949",2937,66,"buono",2,7,"Italian","L1"
"1950",2938,66,"leale",1,9,"Italian","L1"
"1951",2939,118,"crudele",7,1,"Italian","L1"
"1952",2940,118,"gentile",3,7,"Italian","L1"
"1953",2941,118,"elegante",4,7,"Italian","L1"
"1954",2942,118,"positivo",4,9,"Italian","L1"
"1955",2943,118,"leale",1,6,"Italian","L1"
"1956",2944,118,"paziente",1,7,"Italian","L1"
"1957",2945,118,"bugiarda",7,3,"Italian","L1"
"1958",2946,118,"osceno",8,4,"Italian","L1"
"1959",2947,118,"demone",7,2,"Italian","L1"
"1960",2948,118,"buono",3,7,"Italian","L1"
"1961",2949,118,"negativo",7,3,"Italian","L1"
"1962",2950,118,"scortese",7,3,"Italian","L1"
"1963",2951,118,"tesoro",4,7,"Italian","L1"
"1964",2952,118,"sleale",5,5,"Italian","L1"
"1965",2953,118,"affidabile",3,7,"Italian","L1"
"1966",2954,118,"scrupolosa",7,3,"Italian","L1"
"1967",2955,118,"cattivo",7,2,"Italian","L1"
"1968",2956,118,"stronzo",9,1,"Italian","L1"
"1969",2957,118,"indiscreta",6,4,"Italian","L1"
"1970",2958,118,"santo",1,7,"Italian","L1"
"1971",2959,118,"inaffidabile",8,4,"Italian","L1"
"1972",2960,118,"cauta",5,5,"Italian","L1"
"1973",2961,118,"saggia",3,5,"Italian","L1"
"1974",2962,118,"meschina",6,4,"Italian","L1"
"1975",2963,118,"pigra",6,4,"Italian","L1"
"1976",2964,118,"riservata",4,5,"Italian","L1"
"1977",2965,49,"affidabile",2,8,"Italian","L1"
"1978",2966,49,"negativo",8,2,"Italian","L1"
"1979",2967,49,"sleale",6,3,"Italian","L1"
"1980",2968,49,"crudele",8,1,"Italian","L1"
"1981",2969,49,"inaffidabile",5,3,"Italian","L1"
"1982",2970,49,"cauta",4,5,"Italian","L1"
"1983",2971,49,"scortese",6,3,"Italian","L1"
"1984",2972,49,"stronzo",9,1,"Italian","L1"
"1985",2973,49,"riservata",4,6,"Italian","L1"
"1986",2974,49,"saggia",2,9,"Italian","L1"
"1987",2975,49,"bugiarda",6,3,"Italian","L1"
"1988",2976,49,"paziente",1,9,"Italian","L1"
"1989",2977,49,"scrupolosa",5,5,"Italian","L1"
"1990",2978,49,"leale",3,8,"Italian","L1"
"1991",2979,49,"gentile",2,8,"Italian","L1"
"1992",2980,49,"indiscreta",5,4,"Italian","L1"
"1993",2981,49,"cattivo",9,1,"Italian","L1"
"1994",2982,49,"santo",3,8,"Italian","L1"
"1995",2983,49,"meschina",6,2,"Italian","L1"
"1996",2984,49,"tesoro",1,9,"Italian","L1"
"1997",2985,49,"demone",9,3,"Italian","L1"
"1998",2986,49,"osceno",6,3,"Italian","L1"
"1999",2987,49,"positivo",1,9,"Italian","L1"
"2000",2988,49,"pigra",6,2,"Italian","L1"
"2001",2989,49,"elegante",3,8,"Italian","L1"
"2002",2990,49,"buono",2,8,"Italian","L1"
"2003",2991,144,"positivo",5,6,"Italian","L1"
"2004",2992,144,"gentile",3,6,"Italian","L1"
"2005",2993,144,"cauta",3,8,"Italian","L1"
"2006",2994,144,"tesoro",8,5,"Italian","L1"
"2007",2995,144,"buono",9,9,"Italian","L1"
"2008",2996,144,"paziente",4,6,"Italian","L1"
"2009",2997,144,"meschina",1,1,"Italian","L1"
"2010",2998,144,"leale",5,5,"Italian","L1"
"2011",2999,144,"demone",1,1,"Italian","L1"
"2012",3000,144,"riservata",4,5,"Italian","L1"
"2013",3001,144,"elegante",7,6,"Italian","L1"
"2014",3002,144,"indiscreta",4,4,"Italian","L1"
"2015",3003,144,"pigra",1,1,"Italian","L1"
"2016",3004,144,"cattivo",1,1,"Italian","L1"
"2017",3005,144,"inaffidabile",4,3,"Italian","L1"
"2018",3006,144,"affidabile",6,6,"Italian","L1"
"2019",3007,144,"saggia",9,9,"Italian","L1"
"2020",3008,144,"sleale",1,1,"Italian","L1"
"2021",3009,144,"negativo",5,4,"Italian","L1"
"2022",3010,144,"scrupolosa",5,5,"Italian","L1"
"2023",3011,144,"crudele",6,4,"Italian","L1"
"2024",3012,144,"santo",8,8,"Italian","L1"
"2025",3013,144,"scortese",1,1,"Italian","L1"
"2026",3014,144,"stronzo",1,1,"Italian","L1"
"2027",3015,144,"osceno",5,4,"Italian","L1"
"2028",3016,144,"bugiarda",3,4,"Italian","L1"
"2029",3017,127,"crudele",3,2,"Italian","L1"
"2030",3018,127,"tesoro",2,8,"Italian","L1"
"2031",3019,127,"cauta",4,5,"Italian","L1"
"2032",3020,127,"positivo",3,9,"Italian","L1"
"2033",3021,127,"scortese",6,3,"Italian","L1"
"2034",3022,127,"santo",8,8,"Italian","L1"
"2035",3023,127,"saggia",2,8,"Italian","L1"
"2036",3024,127,"cattivo",3,3,"Italian","L1"
"2037",3025,127,"inaffidabile",5,3,"Italian","L1"
"2038",3026,127,"demone",9,1,"Italian","L1"
"2039",3027,127,"osceno",9,1,"Italian","L1"
"2040",3028,127,"elegante",6,9,"Italian","L1"
"2041",3029,127,"affidabile",6,8,"Italian","L1"
"2042",3030,127,"meschina",4,4,"Italian","L1"
"2043",3031,127,"stronzo",7,2,"Italian","L1"
"2044",3032,127,"sleale",7,3,"Italian","L1"
"2045",3033,127,"scrupolosa",5,3,"Italian","L1"
"2046",3034,127,"indiscreta",6,3,"Italian","L1"
"2047",3035,127,"bugiarda",5,4,"Italian","L1"
"2048",3036,127,"gentile",2,9,"Italian","L1"
"2049",3037,127,"riservata",5,7,"Italian","L1"
"2050",3038,127,"negativo",3,4,"Italian","L1"
"2051",3039,127,"pigra",6,4,"Italian","L1"
"2052",3040,127,"leale",7,3,"Italian","L1"
"2053",3041,127,"paziente",2,7,"Italian","L1"
"2054",3042,127,"buono",1,9,"Italian","L1"
"2055",3043,20,"gentile",7,4,"Italian","L1"
"2056",3044,20,"sleale",2,6,"Italian","L1"
"2057",3045,20,"positivo",7,9,"Italian","L1"
"2058",3046,20,"negativo",5,3,"Italian","L1"
"2059",3047,20,"indiscreta",3,5,"Italian","L1"
"2060",3048,20,"elegante",1,9,"Italian","L1"
"2061",3049,20,"leale",3,7,"Italian","L1"
"2062",3050,20,"stronzo",8,5,"Italian","L1"
"2063",3051,20,"affidabile",7,4,"Italian","L1"
"2064",3052,20,"crudele",6,3,"Italian","L1"
"2065",3053,20,"scrupolosa",5,5,"Italian","L1"
"2066",3054,20,"saggia",1,4,"Italian","L1"
"2067",3055,20,"pigra",3,3,"Italian","L1"
"2068",3056,20,"osceno",6,3,"Italian","L1"
"2069",3057,20,"riservata",4,5,"Italian","L1"
"2070",3058,20,"scortese",8,1,"Italian","L1"
"2071",3059,20,"cauta",4,6,"Italian","L1"
"2072",3060,20,"cattivo",5,6,"Italian","L1"
"2073",3061,20,"paziente",1,8,"Italian","L1"
"2074",3062,20,"inaffidabile",6,3,"Italian","L1"
"2075",3063,20,"bugiarda",6,3,"Italian","L1"
"2076",3064,20,"santo",3,5,"Italian","L1"
"2077",3065,20,"buono",3,9,"Italian","L1"
"2078",3066,20,"tesoro",8,6,"Italian","L1"
"2079",3067,20,"meschina",5,3,"Italian","L1"
"2080",3068,20,"demone",7,3,"Italian","L1"
"2081",3069,188,"demon",5,2,"English","L2"
"2082",3070,188,"bad",5,2,"English","L2"
"2083",3071,188,"indiscreet",5,5,"English","L2"
"2084",3072,188,"negative",5,1,"English","L2"
"2085",3073,188,"good",9,9,"English","L2"
"2086",3074,188,"cruel",5,2,"English","L2"
"2087",3075,188,"positive",1,9,"English","L2"
"2088",3076,188,"mean",5,1,"English","L2"
"2089",3077,188,"reliable",5,9,"English","L2"
"2090",3078,188,"rude",5,1,"English","L2"
"2091",3079,188,"liar",5,1,"English","L2"
"2092",3080,188,"careful",1,8,"English","L2"
"2093",3081,188,"obsecene",4,5,"English","L2"
"2094",3082,188,"discreet",5,5,"English","L2"
"2095",3083,188,"wise",3,9,"English","L2"
"2096",3084,188,"sweetheart",4,8,"English","L2"
"2097",3085,188,"disloyal",5,1,"English","L2"
"2098",3086,188,"asshole",5,1,"English","L2"
"2099",3087,188,"cautious",1,6,"English","L2"
"2100",3088,188,"loyal",1,9,"English","L2"
"2101",3089,188,"lazy",5,1,"English","L2"
"2102",3090,188,"saint",5,7,"English","L2"
"2103",3091,188,"unrealiable",5,1,"English","L2"
"2104",3092,188,"kind",6,6,"English","L2"
"2105",3093,188,"graceful",5,6,"English","L2"
"2106",3094,188,"patient",5,8,"English","L2"
"2107",3121,184,"saint",3,6,"English","L2"
"2108",3122,184,"discreet",2,5,"English","L2"
"2109",3123,184,"disloyal",4,1,"English","L2"
"2110",3124,184,"careful",1,6,"English","L2"
"2111",3125,184,"bad",4,1,"English","L2"
"2112",3126,184,"wise",5,7,"English","L2"
"2113",3127,184,"good",2,2,"English","L2"
"2114",3128,184,"positive",9,9,"English","L2"
"2115",3129,184,"reliable",6,8,"English","L2"
"2116",3130,184,"obsecene",7,6,"English","L2"
"2117",3131,184,"rude",5,1,"English","L2"
"2118",3132,184,"cruel",7,8,"English","L2"
"2119",3133,184,"loyal",6,8,"English","L2"
"2120",3134,184,"patient",1,1,"English","L2"
"2121",3135,184,"kind",9,9,"English","L2"
"2122",3136,184,"unrealiable",2,2,"English","L2"
"2123",3137,184,"sweetheart",8,9,"English","L2"
"2124",3138,184,"liar",3,1,"English","L2"
"2125",3139,184,"cautious",4,4,"English","L2"
"2126",3140,184,"lazy",2,2,"English","L2"
"2127",3141,184,"demon",8,1,"English","L2"
"2128",3142,184,"negative",5,2,"English","L2"
"2129",3143,184,"graceful",6,8,"English","L2"
"2130",3144,184,"asshole",9,1,"English","L2"
"2131",3145,184,"mean",6,2,"English","L2"
"2132",3146,184,"indiscreet",5,3,"English","L2"
"2133",3173,158,"lazy",3,3,"English","L2"
"2134",3174,158,"wise",3,7,"English","L2"
"2135",3175,158,"obsecene",6,2,"English","L2"
"2136",3176,158,"indiscreet",6,2,"English","L2"
"2137",3177,158,"demon",7,3,"English","L2"
"2138",3178,158,"rude",6,3,"English","L2"
"2139",3179,158,"negative",5,2,"English","L2"
"2140",3180,158,"patient",3,7,"English","L2"
"2141",3181,158,"discreet",3,7,"English","L2"
"2142",3182,158,"unrealiable",7,3,"English","L2"
"2143",3183,158,"cautious",3,7,"English","L2"
"2144",3184,158,"cruel",7,3,"English","L2"
"2145",3185,158,"asshole",7,3,"English","L2"
"2146",3186,158,"good",5,7,"English","L2"
"2147",3187,158,"graceful",3,7,"English","L2"
"2148",3188,158,"liar",7,2,"English","L2"
"2149",3189,158,"saint",3,6,"English","L2"
"2150",3190,158,"reliable",3,7,"English","L2"
"2151",3191,158,"careful",3,7,"English","L2"
"2152",3192,158,"loyal",5,7,"English","L2"
"2153",3193,158,"positive",7,7,"English","L2"
"2154",3194,158,"mean",6,2,"English","L2"
"2155",3195,158,"sweetheart",3,7,"English","L2"
"2156",3196,158,"kind",2,7,"English","L2"
"2157",3197,158,"disloyal",7,3,"English","L2"
"2158",3198,158,"bad",5,3,"English","L2"
"2159",3225,169,"kind",1,9,"English","L2"
"2160",3226,169,"disloyal",5,1,"English","L2"
"2161",3227,169,"saint",1,9,"English","L2"
"2162",3228,169,"demon",5,1,"English","L2"
"2163",3229,169,"cautious",5,5,"English","L2"
"2164",3230,169,"graceful",1,9,"English","L2"
"2165",3231,169,"asshole",5,1,"English","L2"
"2166",3232,169,"unrealiable",5,1,"English","L2"
"2167",3233,169,"positive",9,9,"English","L2"
"2168",3234,169,"indiscreet",5,2,"English","L2"
"2169",3235,169,"wise",2,9,"English","L2"
"2170",3236,169,"rude",5,1,"English","L2"
"2171",3237,169,"reliable",5,9,"English","L2"
"2172",3238,169,"lazy",1,1,"English","L2"
"2173",3239,169,"cruel",5,1,"English","L2"
"2174",3240,169,"liar",5,1,"English","L2"
"2175",3241,169,"obsecene",6,1,"English","L2"
"2176",3242,169,"mean",6,1,"English","L2"
"2177",3243,169,"loyal",9,9,"English","L2"
"2178",3244,169,"discreet",5,8,"English","L2"
"2179",3245,169,"bad",4,1,"English","L2"
"2180",3246,169,"patient",1,8,"English","L2"
"2181",3247,169,"good",1,9,"English","L2"
"2182",3248,169,"careful",5,5,"English","L2"
"2183",3249,169,"sweetheart",9,9,"English","L2"
"2184",3250,169,"negative",5,1,"English","L2"
"2185",3329,112,"demon",7,2,"English","L2"
"2186",3330,112,"cautious",7,2,"English","L2"
"2187",3331,112,"cruel",7,1,"English","L2"
"2188",3332,112,"bad",6,1,"English","L2"
"2189",3333,112,"obsecene",9,9,"English","L2"
"2190",3334,112,"saint",1,8,"English","L2"
"2191",3335,112,"sweetheart",1,9,"English","L2"
"2192",3336,112,"positive",9,9,"English","L2"
"2193",3337,112,"patient",1,9,"English","L2"
"2194",3338,112,"rude",6,1,"English","L2"
"2195",3339,112,"graceful",2,9,"English","L2"
"2196",3340,112,"indiscreet",5,2,"English","L2"
"2197",3341,112,"lazy",1,6,"English","L2"
"2198",3342,112,"careful",2,8,"English","L2"
"2199",3343,112,"kind",2,9,"English","L2"
"2200",3344,112,"liar",6,2,"English","L2"
"2201",3345,112,"asshole",8,1,"English","L2"
"2202",3346,112,"loyal",3,9,"English","L2"
"2203",3347,112,"negative",8,1,"English","L2"
"2204",3348,112,"unrealiable",6,1,"English","L2"
"2205",3349,112,"wise",1,8,"English","L2"
"2206",3350,112,"reliable",3,9,"English","L2"
"2207",3351,112,"mean",8,1,"English","L2"
"2208",3352,112,"discreet",1,9,"English","L2"
"2209",3353,112,"good",3,7,"English","L2"
"2210",3354,112,"disloyal",6,1,"English","L2"
"2211",3537,125,"indiscreet",5,3,"English","L2"
"2212",3538,125,"negative",3,1,"English","L2"
"2213",3539,125,"loyal",3,6,"English","L2"
"2214",3540,125,"unrealiable",4,1,"English","L2"
"2215",3541,125,"bad",5,1,"English","L2"
"2216",3542,125,"obsecene",5,2,"English","L2"
"2217",3543,125,"demon",3,1,"English","L2"
"2218",3544,125,"mean",3,3,"English","L2"
"2219",3545,125,"saint",1,7,"English","L2"
"2220",3546,125,"kind",7,7,"English","L2"
"2221",3547,125,"rude",7,1,"English","L2"
"2222",3548,125,"reliable",2,7,"English","L2"
"2223",3549,125,"discreet",4,6,"English","L2"
"2224",3550,125,"good",6,9,"English","L2"
"2225",3551,125,"cruel",7,1,"English","L2"
"2226",3552,125,"asshole",8,2,"English","L2"
"2227",3553,125,"cautious",6,2,"English","L2"
"2228",3554,125,"careful",5,4,"English","L2"
"2229",3555,125,"positive",8,7,"English","L2"
"2230",3556,125,"sweetheart",9,9,"English","L2"
"2231",3557,125,"disloyal",6,3,"English","L2"
"2232",3558,125,"graceful",4,7,"English","L2"
"2233",3559,125,"patient",3,6,"English","L2"
"2234",3560,125,"liar",6,2,"English","L2"
"2235",3561,125,"wise",1,7,"English","L2"
"2236",3562,125,"lazy",2,2,"English","L2"
"2237",3563,15,"bad",6,2,"English","L2"
"2238",3564,15,"wise",3,6,"English","L2"
"2239",3565,15,"unrealiable",5,1,"English","L2"
"2240",3566,15,"discreet",2,4,"English","L2"
"2241",3567,15,"demon",5,1,"English","L2"
"2242",3568,15,"cruel",6,1,"English","L2"
"2243",3569,15,"patient",3,6,"English","L2"
"2244",3570,15,"mean",4,1,"English","L2"
"2245",3571,15,"rude",5,1,"English","L2"
"2246",3572,15,"kind",7,9,"English","L2"
"2247",3573,15,"negative",6,1,"English","L2"
"2248",3574,15,"indiscreet",6,1,"English","L2"
"2249",3575,15,"lazy",5,4,"English","L2"
"2250",3576,15,"liar",7,1,"English","L2"
"2251",3577,15,"saint",1,9,"English","L2"
"2252",3578,15,"sweetheart",1,9,"English","L2"
"2253",3579,15,"obsecene",6,1,"English","L2"
"2254",3580,15,"loyal",2,8,"English","L2"
"2255",3581,15,"asshole",6,1,"English","L2"
"2256",3582,15,"positive",2,9,"English","L2"
"2257",3583,15,"disloyal",5,1,"English","L2"
"2258",3584,15,"careful",4,6,"English","L2"
"2259",3585,15,"graceful",1,8,"English","L2"
"2260",3586,15,"good",6,9,"English","L2"
"2261",3587,15,"cautious",5,3,"English","L2"
"2262",3588,15,"reliable",2,8,"English","L2"
"2263",3641,214,"sweetheart",5,8,"English","L2"
"2264",3642,214,"rude",2,2,"English","L2"
"2265",3643,214,"unrealiable",2,1,"English","L2"
"2266",3644,214,"bad",2,1,"English","L2"
"2267",3645,214,"negative",1,1,"English","L2"
"2268",3646,214,"asshole",2,1,"English","L2"
"2269",3647,214,"discreet",6,9,"English","L2"
"2270",3648,214,"reliable",7,9,"English","L2"
"2271",3649,214,"kind",7,9,"English","L2"
"2272",3650,214,"wise",7,9,"English","L2"
"2273",3651,214,"patient",8,8,"English","L2"
"2274",3652,214,"mean",2,1,"English","L2"
"2275",3653,214,"saint",8,9,"English","L2"
"2276",3654,214,"lazy",4,2,"English","L2"
"2277",3655,214,"cautious",5,5,"English","L2"
"2278",3656,214,"good",6,9,"English","L2"
"2279",3657,214,"positive",8,9,"English","L2"
"2280",3658,214,"loyal",7,9,"English","L2"
"2281",3659,214,"obsecene",1,1,"English","L2"
"2282",3660,214,"careful",5,7,"English","L2"
"2283",3661,214,"cruel",4,1,"English","L2"
"2284",3662,214,"disloyal",2,1,"English","L2"
"2285",3663,214,"liar",3,1,"English","L2"
"2286",3664,214,"indiscreet",1,1,"English","L2"
"2287",3665,214,"graceful",5,8,"English","L2"
"2288",3666,214,"demon",2,1,"English","L2"
"2289",3667,200,"good",6,9,"English","L2"
"2290",3668,200,"graceful",8,9,"English","L2"
"2291",3669,200,"loyal",9,9,"English","L2"
"2292",3670,200,"indiscreet",2,3,"English","L2"
"2293",3671,200,"discreet",6,8,"English","L2"
"2294",3672,200,"demon",5,1,"English","L2"
"2295",3673,200,"saint",5,8,"English","L2"
"2296",3674,200,"cautious",6,9,"English","L2"
"2297",3675,200,"mean",1,1,"English","L2"
"2298",3676,200,"rude",1,1,"English","L2"
"2299",3677,200,"cruel",1,1,"English","L2"
"2300",3678,200,"liar",1,1,"English","L2"
"2301",3679,200,"disloyal",1,1,"English","L2"
"2302",3680,200,"reliable",8,9,"English","L2"
"2303",3681,200,"bad",1,1,"English","L2"
"2304",3682,200,"positive",8,9,"English","L2"
"2305",3683,200,"wise",8,9,"English","L2"
"2306",3684,200,"obsecene",3,2,"English","L2"
"2307",3685,200,"asshole",1,1,"English","L2"
"2308",3686,200,"careful",5,9,"English","L2"
"2309",3687,200,"patient",5,9,"English","L2"
"2310",3688,200,"unrealiable",5,1,"English","L2"
"2311",3689,200,"kind",9,9,"English","L2"
"2312",3690,200,"sweetheart",9,9,"English","L2"
"2313",3691,200,"negative",1,1,"English","L2"
"2314",3692,200,"lazy",4,1,"English","L2"
"2315",3693,30,"unrealiable",5,1,"English","L2"
"2316",3694,30,"liar",5,1,"English","L2"
"2317",3695,30,"good",7,7,"English","L2"
"2318",3696,30,"careful",5,6,"English","L2"
"2319",3697,30,"kind",9,9,"English","L2"
"2320",3698,30,"lazy",2,1,"English","L2"
"2321",3699,30,"saint",6,8,"English","L2"
"2322",3700,30,"demon",3,3,"English","L2"
"2323",3701,30,"cautious",5,5,"English","L2"
"2324",3702,30,"bad",3,2,"English","L2"
"2325",3703,30,"sweetheart",9,9,"English","L2"
"2326",3704,30,"positive",9,9,"English","L2"
"2327",3705,30,"loyal",7,9,"English","L2"
"2328",3706,30,"cruel",1,1,"English","L2"
"2329",3707,30,"discreet",4,3,"English","L2"
"2330",3708,30,"mean",3,2,"English","L2"
"2331",3709,30,"negative",3,2,"English","L2"
"2332",3710,30,"obsecene",4,1,"English","L2"
"2333",3711,30,"asshole",1,1,"English","L2"
"2334",3712,30,"graceful",6,7,"English","L2"
"2335",3713,30,"indiscreet",3,1,"English","L2"
"2336",3714,30,"disloyal",3,1,"English","L2"
"2337",3715,30,"patient",6,6,"English","L2"
"2338",3716,30,"wise",7,7,"English","L2"
"2339",3717,30,"reliable",9,9,"English","L2"
"2340",3718,30,"rude",1,1,"English","L2"
"2341",3771,193,"asshole",1,3,"English","L2"
"2342",3772,193,"obsecene",1,1,"English","L2"
"2343",3773,193,"negative",2,2,"English","L2"
"2344",3774,193,"unrealiable",2,3,"English","L2"
"2345",3775,193,"indiscreet",3,1,"English","L2"
"2346",3776,193,"liar",1,1,"English","L2"
"2347",3777,193,"positive",7,9,"English","L2"
"2348",3778,193,"patient",7,8,"English","L2"
"2349",3779,193,"demon",3,1,"English","L2"
"2350",3780,193,"graceful",6,8,"English","L2"
"2351",3781,193,"cruel",3,2,"English","L2"
"2352",3782,193,"loyal",4,7,"English","L2"
"2353",3783,193,"cautious",5,5,"English","L2"
"2354",3784,193,"discreet",4,3,"English","L2"
"2355",3785,193,"kind",9,9,"English","L2"
"2356",3786,193,"good",5,9,"English","L2"
"2357",3787,193,"mean",4,1,"English","L2"
"2358",3788,193,"lazy",3,3,"English","L2"
"2359",3789,193,"reliable",7,8,"English","L2"
"2360",3790,193,"bad",4,3,"English","L2"
"2361",3791,193,"careful",6,9,"English","L2"
"2362",3792,193,"sweetheart",5,9,"English","L2"
"2363",3793,193,"wise",3,7,"English","L2"
"2364",3794,193,"disloyal",1,2,"English","L2"
"2365",3795,193,"rude",1,1,"English","L2"
"2366",3796,193,"saint",6,8,"English","L2"
"2367",3797,174,"negative",5,2,"English","L2"
"2368",3798,174,"cruel",4,2,"English","L2"
"2369",3799,174,"discreet",5,5,"English","L2"
"2370",3800,174,"wise",6,6,"English","L2"
"2371",3801,174,"saint",5,5,"English","L2"
"2372",3802,174,"patient",2,7,"English","L2"
"2373",3803,174,"unrealiable",5,2,"English","L2"
"2374",3804,174,"obsecene",4,2,"English","L2"
"2375",3805,174,"indiscreet",4,3,"English","L2"
"2376",3806,174,"graceful",7,7,"English","L2"
"2377",3807,174,"careful",3,6,"English","L2"
"2378",3808,174,"loyal",6,7,"English","L2"
"2379",3809,174,"positive",7,8,"English","L2"
"2380",3810,174,"demon",5,2,"English","L2"
"2381",3811,174,"reliable",5,7,"English","L2"
"2382",3812,174,"mean",5,2,"English","L2"
"2383",3813,174,"disloyal",4,2,"English","L2"
"2384",3814,174,"cautious",5,6,"English","L2"
"2385",3815,174,"sweetheart",7,7,"English","L2"
"2386",3816,174,"asshole",4,2,"English","L2"
"2387",3817,174,"kind",8,7,"English","L2"
"2388",3818,174,"good",7,7,"English","L2"
"2389",3819,174,"lazy",4,4,"English","L2"
"2390",3820,174,"rude",4,2,"English","L2"
"2391",3821,174,"bad",4,3,"English","L2"
"2392",3822,174,"liar",6,2,"English","L2"
"2393",3849,166,"wise",3,7,"English","L2"
"2394",3850,166,"discreet",4,4,"English","L2"
"2395",3851,166,"careful",3,5,"English","L2"
"2396",3852,166,"good",7,9,"English","L2"
"2397",3853,166,"unrealiable",4,2,"English","L2"
"2398",3854,166,"cruel",3,2,"English","L2"
"2399",3855,166,"positive",9,9,"English","L2"
"2400",3856,166,"lazy",2,3,"English","L2"
"2401",3857,166,"disloyal",5,3,"English","L2"
"2402",3858,166,"sweetheart",9,9,"English","L2"
"2403",3859,166,"cautious",3,4,"English","L2"
"2404",3860,166,"liar",4,1,"English","L2"
"2405",3861,166,"kind",3,9,"English","L2"
"2406",3862,166,"asshole",7,2,"English","L2"
"2407",3863,166,"patient",1,8,"English","L2"
"2408",3864,166,"rude",3,1,"English","L2"
"2409",3865,166,"graceful",4,9,"English","L2"
"2410",3866,166,"loyal",8,9,"English","L2"
"2411",3867,166,"reliable",8,9,"English","L2"
"2412",3868,166,"obsecene",3,3,"English","L2"
"2413",3869,166,"negative",4,1,"English","L2"
"2414",3870,166,"mean",5,1,"English","L2"
"2415",3871,166,"demon",6,1,"English","L2"
"2416",3872,166,"indiscreet",5,5,"English","L2"
"2417",3873,166,"saint",8,8,"English","L2"
"2418",3874,166,"bad",4,1,"English","L2"
"2419",3875,22,"graceful",9,9,"English","L2"
"2420",3876,22,"cautious",9,9,"English","L2"
"2421",3877,22,"negative",1,9,"English","L2"
"2422",3878,22,"bad",1,9,"English","L2"
"2423",3879,22,"demon",1,9,"English","L2"
"2424",3880,22,"liar",1,5,"English","L2"
"2425",3881,22,"discreet",1,9,"English","L2"
"2426",3882,22,"lazy",1,1,"English","L2"
"2427",3883,22,"mean",2,2,"English","L2"
"2428",3884,22,"unrealiable",1,1,"English","L2"
"2429",3885,22,"good",9,9,"English","L2"
"2430",3886,22,"careful",9,9,"English","L2"
"2431",3887,22,"disloyal",2,2,"English","L2"
"2432",3888,22,"patient",9,9,"English","L2"
"2433",3889,22,"positive",9,9,"English","L2"
"2434",3890,22,"kind",9,9,"English","L2"
"2435",3891,22,"indiscreet",1,1,"English","L2"
"2436",3892,22,"loyal",9,9,"English","L2"
"2437",3893,22,"cruel",1,1,"English","L2"
"2438",3894,22,"saint",8,8,"English","L2"
"2439",3895,22,"asshole",1,1,"English","L2"
"2440",3896,22,"sweetheart",9,9,"English","L2"
"2441",3897,22,"wise",9,9,"English","L2"
"2442",3898,22,"rude",1,1,"English","L2"
"2443",3899,22,"obsecene",1,1,"English","L2"
"2444",3900,22,"reliable",9,9,"English","L2"
"2445",3901,117,"positive",8,9,"English","L2"
"2446",3902,117,"obsecene",7,5,"English","L2"
"2447",3903,117,"careful",9,9,"English","L2"
"2448",3904,117,"good",9,8,"English","L2"
"2449",3905,117,"disloyal",3,3,"English","L2"
"2450",3906,117,"cautious",9,8,"English","L2"
"2451",3907,117,"asshole",1,1,"English","L2"
"2452",3908,117,"indiscreet",4,3,"English","L2"
"2453",3909,117,"negative",2,2,"English","L2"
"2454",3910,117,"unrealiable",2,2,"English","L2"
"2455",3911,117,"lazy",2,2,"English","L2"
"2456",3912,117,"patient",8,7,"English","L2"
"2457",3913,117,"mean",1,2,"English","L2"
"2458",3914,117,"graceful",9,8,"English","L2"
"2459",3915,117,"rude",2,2,"English","L2"
"2460",3916,117,"kind",9,8,"English","L2"
"2461",3917,117,"loyal",8,8,"English","L2"
"2462",3918,117,"demon",2,2,"English","L2"
"2463",3919,117,"reliable",9,8,"English","L2"
"2464",3920,117,"saint",5,5,"English","L2"
"2465",3921,117,"wise",9,7,"English","L2"
"2466",3922,117,"liar",5,1,"English","L2"
"2467",3923,117,"discreet",2,2,"English","L2"
"2468",3924,117,"cruel",2,2,"English","L2"
"2469",3925,117,"bad",2,2,"English","L2"
"2470",3926,117,"sweetheart",9,9,"English","L2"
"2471",4057,119,"loyal",5,6,"English","L2"
"2472",4058,119,"discreet",5,4,"English","L2"
"2473",4059,119,"indiscreet",1,3,"English","L2"
"2474",4060,119,"demon",5,1,"English","L2"
"2475",4061,119,"negative",2,1,"English","L2"
"2476",4062,119,"patient",6,6,"English","L2"
"2477",4063,119,"saint",7,5,"English","L2"
"2478",4064,119,"cautious",1,3,"English","L2"
"2479",4065,119,"wise",7,7,"English","L2"
"2480",4066,119,"sweetheart",7,7,"English","L2"
"2481",4067,119,"rude",1,2,"English","L2"
"2482",4068,119,"mean",4,2,"English","L2"
"2483",4069,119,"obsecene",3,1,"English","L2"
"2484",4070,119,"lazy",4,1,"English","L2"
"2485",4071,119,"kind",6,6,"English","L2"
"2486",4072,119,"reliable",5,5,"English","L2"
"2487",4073,119,"disloyal",3,3,"English","L2"
"2488",4074,119,"good",6,7,"English","L2"
"2489",4075,119,"liar",2,2,"English","L2"
"2490",4076,119,"asshole",4,1,"English","L2"
"2491",4077,119,"cruel",2,2,"English","L2"
"2492",4078,119,"positive",5,7,"English","L2"
"2493",4079,119,"careful",6,5,"English","L2"
"2494",4080,119,"bad",2,2,"English","L2"
"2495",4081,119,"unrealiable",2,2,"English","L2"
"2496",4082,119,"graceful",6,7,"English","L2"
"2497",4083,152,"asshole",8,1,"English","L2"
"2498",4084,152,"discreet",3,6,"English","L2"
"2499",4085,152,"obsecene",7,2,"English","L2"
"2500",4086,152,"cruel",6,1,"English","L2"
"2501",4087,152,"cautious",5,2,"English","L2"
"2502",4088,152,"negative",5,1,"English","L2"
"2503",4089,152,"loyal",2,9,"English","L2"
"2504",4090,152,"wise",3,8,"English","L2"
"2505",4091,152,"graceful",1,9,"English","L2"
"2506",4092,152,"kind",6,9,"English","L2"
"2507",4093,152,"bad",6,1,"English","L2"
"2508",4094,152,"saint",5,7,"English","L2"
"2509",4095,152,"unrealiable",3,1,"English","L2"
"2510",4096,152,"patient",2,8,"English","L2"
"2511",4097,152,"reliable",3,8,"English","L2"
"2512",4098,152,"liar",7,1,"English","L2"
"2513",4099,152,"demon",5,5,"English","L2"
"2514",4100,152,"rude",6,2,"English","L2"
"2515",4101,152,"indiscreet",5,3,"English","L2"
"2516",4102,152,"disloyal",4,2,"English","L2"
"2517",4103,152,"positive",8,8,"English","L2"
"2518",4104,152,"careful",3,8,"English","L2"
"2519",4105,152,"sweetheart",8,8,"English","L2"
"2520",4106,152,"good",3,9,"English","L2"
"2521",4107,152,"mean",5,2,"English","L2"
"2522",4108,152,"lazy",3,2,"English","L2"
"2523",4161,16,"asshole",5,2,"English","L2"
"2524",4162,16,"reliable",3,9,"English","L2"
"2525",4163,16,"bad",3,1,"English","L2"
"2526",4164,16,"careful",4,6,"English","L2"
"2527",4165,16,"obsecene",5,2,"English","L2"
"2528",4166,16,"disloyal",2,1,"English","L2"
"2529",4167,16,"patient",1,8,"English","L2"
"2530",4168,16,"lazy",1,1,"English","L2"
"2531",4169,16,"unrealiable",2,2,"English","L2"
"2532",4170,16,"loyal",9,9,"English","L2"
"2533",4171,16,"sweetheart",9,9,"English","L2"
"2534",4172,16,"positive",7,9,"English","L2"
"2535",4173,16,"discreet",3,3,"English","L2"
"2536",4174,16,"demon",5,1,"English","L2"
"2537",4175,16,"cruel",5,1,"English","L2"
"2538",4176,16,"rude",5,1,"English","L2"
"2539",4177,16,"cautious",5,1,"English","L2"
"2540",4178,16,"saint",7,9,"English","L2"
"2541",4179,16,"kind",9,9,"English","L2"
"2542",4180,16,"wise",3,9,"English","L2"
"2543",4181,16,"negative",3,1,"English","L2"
"2544",4182,16,"mean",3,1,"English","L2"
"2545",4183,16,"good",9,9,"English","L2"
"2546",4184,16,"graceful",2,9,"English","L2"
"2547",4185,16,"liar",2,1,"English","L2"
"2548",4186,16,"indiscreet",5,4,"English","L2"
"2549",4187,39,"wise",8,8,"English","L2"
"2550",4188,39,"bad",5,3,"English","L2"
"2551",4189,39,"graceful",1,7,"English","L2"
"2552",4190,39,"negative",5,1,"English","L2"
"2553",4191,39,"good",8,8,"English","L2"
"2554",4192,39,"kind",1,9,"English","L2"
"2555",4193,39,"unrealiable",5,1,"English","L2"
"2556",4194,39,"mean",5,1,"English","L2"
"2557",4195,39,"cruel",5,1,"English","L2"
"2558",4196,39,"saint",2,7,"English","L2"
"2559",4197,39,"sweetheart",6,6,"English","L2"
"2560",4198,39,"discreet",5,5,"English","L2"
"2561",4199,39,"loyal",5,6,"English","L2"
"2562",4200,39,"liar",5,1,"English","L2"
"2563",4201,39,"positive",5,8,"English","L2"
"2564",4202,39,"cautious",5,4,"English","L2"
"2565",4203,39,"careful",5,5,"English","L2"
"2566",4204,39,"patient",5,5,"English","L2"
"2567",4205,39,"lazy",5,2,"English","L2"
"2568",4206,39,"indiscreet",6,2,"English","L2"
"2569",4207,39,"disloyal",5,5,"English","L2"
"2570",4208,39,"rude",5,2,"English","L2"
"2571",4209,39,"asshole",5,2,"English","L2"
"2572",4210,39,"demon",5,1,"English","L2"
"2573",4211,39,"reliable",6,8,"English","L2"
"2574",4212,39,"obsecene",5,2,"English","L2"
"2575",4239,137,"unrealiable",2,1,"English","L2"
"2576",4240,137,"asshole",1,1,"English","L2"
"2577",4241,137,"mean",9,1,"English","L2"
"2578",4242,137,"discreet",9,9,"English","L2"
"2579",4243,137,"disloyal",9,1,"English","L2"
"2580",4244,137,"wise",6,9,"English","L2"
"2581",4245,137,"sweetheart",8,8,"English","L2"
"2582",4246,137,"demon",5,1,"English","L2"
"2583",4247,137,"good",8,9,"English","L2"
"2584",4248,137,"rude",4,1,"English","L2"
"2585",4249,137,"obsecene",2,1,"English","L2"
"2586",4250,137,"loyal",6,9,"English","L2"
"2587",4251,137,"patient",7,9,"English","L2"
"2588",4252,137,"careful",7,8,"English","L2"
"2589",4253,137,"bad",4,1,"English","L2"
"2590",4254,137,"negative",4,1,"English","L2"
"2591",4255,137,"kind",8,9,"English","L2"
"2592",4256,137,"positive",9,9,"English","L2"
"2593",4257,137,"cautious",7,6,"English","L2"
"2594",4258,137,"indiscreet",6,1,"English","L2"
"2595",4259,137,"reliable",8,9,"English","L2"
"2596",4260,137,"cruel",4,1,"English","L2"
"2597",4261,137,"graceful",7,9,"English","L2"
"2598",4262,137,"liar",3,1,"English","L2"
"2599",4263,137,"saint",8,8,"English","L2"
"2600",4264,137,"lazy",5,4,"English","L2"
"2601",4265,206,"patient",8,8,"English","L2"
"2602",4266,206,"obsecene",6,7,"English","L2"
"2603",4267,206,"rude",3,3,"English","L2"
"2604",4268,206,"unrealiable",4,3,"English","L2"
"2605",4269,206,"good",8,8,"English","L2"
"2606",4270,206,"disloyal",3,2,"English","L2"
"2607",4271,206,"lazy",3,2,"English","L2"
"2608",4272,206,"saint",7,7,"English","L2"
"2609",4273,206,"demon",4,3,"English","L2"
"2610",4274,206,"asshole",4,4,"English","L2"
"2611",4275,206,"indiscreet",4,4,"English","L2"
"2612",4276,206,"cautious",4,4,"English","L2"
"2613",4277,206,"kind",4,6,"English","L2"
"2614",4278,206,"reliable",6,6,"English","L2"
"2615",4279,206,"mean",6,5,"English","L2"
"2616",4280,206,"graceful",6,6,"English","L2"
"2617",4281,206,"liar",5,4,"English","L2"
"2618",4282,206,"loyal",8,6,"English","L2"
"2619",4283,206,"positive",8,7,"English","L2"
"2620",4284,206,"bad",5,4,"English","L2"
"2621",4285,206,"negative",5,4,"English","L2"
"2622",4286,206,"wise",7,5,"English","L2"
"2623",4287,206,"careful",6,6,"English","L2"
"2624",4288,206,"sweetheart",8,7,"English","L2"
"2625",4289,206,"discreet",6,6,"English","L2"
"2626",4290,206,"cruel",4,5,"English","L2"
"2627",4291,149,"liar",7,8,"English","L2"
"2628",4292,149,"discreet",5,4,"English","L2"
"2629",4293,149,"lazy",4,3,"English","L2"
"2630",4294,149,"obsecene",5,4,"English","L2"
"2631",4295,149,"good",6,3,"English","L2"
"2632",4296,149,"indiscreet",5,5,"English","L2"
"2633",4297,149,"demon",5,2,"English","L2"
"2634",4298,149,"cruel",5,3,"English","L2"
"2635",4299,149,"wise",5,3,"English","L2"
"2636",4300,149,"mean",4,3,"English","L2"
"2637",4301,149,"positive",8,6,"English","L2"
"2638",4302,149,"cautious",4,3,"English","L2"
"2639",4303,149,"rude",5,2,"English","L2"
"2640",4304,149,"unrealiable",6,3,"English","L2"
"2641",4305,149,"saint",6,5,"English","L2"
"2642",4306,149,"sweetheart",9,9,"English","L2"
"2643",4307,149,"graceful",7,8,"English","L2"
"2644",4308,149,"bad",5,3,"English","L2"
"2645",4309,149,"reliable",6,5,"English","L2"
"2646",4310,149,"negative",5,3,"English","L2"
"2647",4311,149,"patient",6,5,"English","L2"
"2648",4312,149,"disloyal",5,3,"English","L2"
"2649",4313,149,"careful",5,5,"English","L2"
"2650",4314,149,"kind",8,6,"English","L2"
"2651",4315,149,"asshole",4,4,"English","L2"
"2652",4316,149,"loyal",7,6,"English","L2"
"2653",4395,65,"liar",6,3,"English","L2"
"2654",4396,65,"cautious",5,5,"English","L2"
"2655",4397,65,"patient",6,5,"English","L2"
"2656",4398,65,"obsecene",3,2,"English","L2"
"2657",4399,65,"discreet",4,3,"English","L2"
"2658",4400,65,"indiscreet",3,3,"English","L2"
"2659",4401,65,"sweetheart",7,7,"English","L2"
"2660",4402,65,"demon",3,1,"English","L2"
"2661",4403,65,"reliable",5,5,"English","L2"
"2662",4404,65,"lazy",2,3,"English","L2"
"2663",4405,65,"positive",7,6,"English","L2"
"2664",4406,65,"loyal",7,7,"English","L2"
"2665",4407,65,"saint",6,5,"English","L2"
"2666",4408,65,"cruel",1,1,"English","L2"
"2667",4409,65,"disloyal",2,1,"English","L2"
"2668",4410,65,"negative",2,1,"English","L2"
"2669",4411,65,"asshole",3,2,"English","L2"
"2670",4412,65,"wise",5,6,"English","L2"
"2671",4413,65,"kind",6,6,"English","L2"
"2672",4414,65,"bad",3,3,"English","L2"
"2673",4415,65,"mean",2,2,"English","L2"
"2674",4416,65,"graceful",6,6,"English","L2"
"2675",4417,65,"rude",3,3,"English","L2"
"2676",4418,65,"unrealiable",3,4,"English","L2"
"2677",4419,65,"careful",5,5,"English","L2"
"2678",4420,65,"good",6,6,"English","L2"
"2679",4499,34,"good",7,9,"English","L2"
"2680",4500,34,"careful",7,7,"English","L2"
"2681",4501,34,"cruel",5,3,"English","L2"
"2682",4502,34,"positive",7,9,"English","L2"
"2683",4503,34,"lazy",4,5,"English","L2"
"2684",4504,34,"cautious",5,6,"English","L2"
"2685",4505,34,"mean",5,3,"English","L2"
"2686",4506,34,"bad",5,2,"English","L2"
"2687",4507,34,"demon",5,1,"English","L2"
"2688",4508,34,"loyal",5,1,"English","L2"
"2689",4509,34,"saint",6,8,"English","L2"
"2690",4510,34,"graceful",3,8,"English","L2"
"2691",4511,34,"discreet",5,7,"English","L2"
"2692",4512,34,"reliable",5,8,"English","L2"
"2693",4513,34,"obsecene",7,7,"English","L2"
"2694",4514,34,"asshole",7,8,"English","L2"
"2695",4515,34,"negative",5,2,"English","L2"
"2696",4516,34,"rude",5,3,"English","L2"
"2697",4517,34,"kind",5,9,"English","L2"
"2698",4518,34,"unrealiable",5,2,"English","L2"
"2699",4519,34,"disloyal",5,2,"English","L2"
"2700",4520,34,"sweetheart",8,9,"English","L2"
"2701",4521,34,"liar",5,1,"English","L2"
"2702",4522,34,"indiscreet",5,3,"English","L2"
"2703",4523,34,"patient",5,6,"English","L2"
"2704",4524,34,"wise",4,8,"English","L2"
"2705",4525,179,"careful",1,7,"English","L2"
"2706",4526,179,"kind",1,7,"English","L2"
"2707",4527,179,"positive",9,9,"English","L2"
"2708",4528,179,"liar",5,5,"English","L2"
"2709",4529,179,"good",5,6,"English","L2"
"2710",4530,179,"saint",5,5,"English","L2"
"2711",4531,179,"discreet",5,5,"English","L2"
"2712",4532,179,"lazy",5,5,"English","L2"
"2713",4533,179,"mean",5,5,"English","L2"
"2714",4534,179,"reliable",5,7,"English","L2"
"2715",4535,179,"cruel",5,5,"English","L2"
"2716",4536,179,"obsecene",5,5,"English","L2"
"2717",4537,179,"rude",5,5,"English","L2"
"2718",4538,179,"demon",3,5,"English","L2"
"2719",4539,179,"graceful",5,7,"English","L2"
"2720",4540,179,"cautious",6,6,"English","L2"
"2721",4541,179,"indiscreet",5,5,"English","L2"
"2722",4542,179,"sweetheart",5,7,"English","L2"
"2723",4543,179,"bad",5,5,"English","L2"
"2724",4544,179,"unrealiable",5,5,"English","L2"
"2725",4545,179,"asshole",5,5,"English","L2"
"2726",4546,179,"loyal",5,9,"English","L2"
"2727",4547,179,"wise",1,9,"English","L2"
"2728",4548,179,"negative",5,5,"English","L2"
"2729",4549,179,"disloyal",5,5,"English","L2"
"2730",4550,179,"patient",1,9,"English","L2"
"2731",4577,136,"asshole",6,9,"English","L2"
"2732",4578,136,"wise",9,9,"English","L2"
"2733",4579,136,"saint",9,8,"English","L2"
"2734",4580,136,"lazy",5,1,"English","L2"
"2735",4581,136,"disloyal",5,1,"English","L2"
"2736",4582,136,"bad",5,1,"English","L2"
"2737",4583,136,"negative",5,1,"English","L2"
"2738",4584,136,"graceful",9,9,"English","L2"
"2739",4585,136,"indiscreet",5,2,"English","L2"
"2740",4586,136,"discreet",7,8,"English","L2"
"2741",4587,136,"rude",2,1,"English","L2"
"2742",4588,136,"demon",5,1,"English","L2"
"2743",4589,136,"obsecene",5,1,"English","L2"
"2744",4590,136,"reliable",8,9,"English","L2"
"2745",4591,136,"liar",5,1,"English","L2"
"2746",4592,136,"careful",8,9,"English","L2"
"2747",4593,136,"mean",5,2,"English","L2"
"2748",4594,136,"sweetheart",9,9,"English","L2"
"2749",4595,136,"good",8,9,"English","L2"
"2750",4596,136,"cruel",5,2,"English","L2"
"2751",4597,136,"patient",1,9,"English","L2"
"2752",4598,136,"positive",7,9,"English","L2"
"2753",4599,136,"cautious",2,9,"English","L2"
"2754",4600,136,"loyal",1,9,"English","L2"
"2755",4601,136,"kind",1,9,"English","L2"
"2756",4602,136,"unrealiable",5,1,"English","L2"
"2757",4629,77,"good",1,5,"English","L2"
"2758",4630,77,"obsecene",4,5,"English","L2"
"2759",4631,77,"graceful",3,6,"English","L2"
"2760",4632,77,"rude",4,4,"English","L2"
"2761",4633,77,"careful",2,4,"English","L2"
"2762",4634,77,"positive",7,7,"English","L2"
"2763",4635,77,"negative",7,6,"English","L2"
"2764",4636,77,"mean",1,5,"English","L2"
"2765",4637,77,"reliable",3,7,"English","L2"
"2766",4638,77,"kind",6,6,"English","L2"
"2767",4639,77,"saint",2,6,"English","L2"
"2768",4640,77,"indiscreet",3,4,"English","L2"
"2769",4641,77,"cruel",4,2,"English","L2"
"2770",4642,77,"wise",1,6,"English","L2"
"2771",4643,77,"discreet",1,5,"English","L2"
"2772",4644,77,"demon",6,5,"English","L2"
"2773",4645,77,"cautious",2,5,"English","L2"
"2774",4646,77,"loyal",1,6,"English","L2"
"2775",4647,77,"lazy",5,1,"English","L2"
"2776",4648,77,"unrealiable",5,1,"English","L2"
"2777",4649,77,"sweetheart",1,5,"English","L2"
"2778",4650,77,"patient",1,5,"English","L2"
"2779",4651,77,"disloyal",7,2,"English","L2"
"2780",4652,77,"bad",1,5,"English","L2"
"2781",4653,77,"liar",8,3,"English","L2"
"2782",4654,77,"asshole",4,5,"English","L2"
"2783",4655,12,"graceful",4,9,"English","L2"
"2784",4656,12,"reliable",6,9,"English","L2"
"2785",4657,12,"lazy",5,3,"English","L2"
"2786",4658,12,"positive",1,7,"English","L2"
"2787",4659,12,"sweetheart",9,9,"English","L2"
"2788",4660,12,"careful",5,5,"English","L2"
"2789",4661,12,"demon",5,1,"English","L2"
"2790",4662,12,"cautious",2,5,"English","L2"
"2791",4663,12,"kind",3,9,"English","L2"
"2792",4664,12,"obsecene",4,4,"English","L2"
"2793",4665,12,"liar",5,1,"English","L2"
"2794",4666,12,"discreet",5,5,"English","L2"
"2795",4667,12,"disloyal",5,2,"English","L2"
"2796",4668,12,"good",9,9,"English","L2"
"2797",4669,12,"patient",1,8,"English","L2"
"2798",4670,12,"negative",5,2,"English","L2"
"2799",4671,12,"mean",6,4,"English","L2"
"2800",4672,12,"bad",5,3,"English","L2"
"2801",4673,12,"wise",7,9,"English","L2"
"2802",4674,12,"cruel",6,2,"English","L2"
"2803",4675,12,"indiscreet",4,4,"English","L2"
"2804",4676,12,"loyal",9,9,"English","L2"
"2805",4677,12,"asshole",7,5,"English","L2"
"2806",4678,12,"unrealiable",5,4,"English","L2"
"2807",4679,12,"rude",5,3,"English","L2"
"2808",4680,12,"saint",2,8,"English","L2"
"2809",4889,99,"cautious",1,6,"English","L2"
"2810",4890,99,"loyal",6,9,"English","L2"
"2811",4891,99,"saint",5,8,"English","L2"
"2812",4892,99,"obsecene",4,3,"English","L2"
"2813",4893,99,"demon",2,2,"English","L2"
"2814",4894,99,"patient",6,9,"English","L2"
"2815",4895,99,"good",9,9,"English","L2"
"2816",4896,99,"kind",7,9,"English","L2"
"2817",4897,99,"careful",6,6,"English","L2"
"2818",4898,99,"rude",2,1,"English","L2"
"2819",4899,99,"positive",9,9,"English","L2"
"2820",4900,99,"lazy",4,1,"English","L2"
"2821",4901,99,"mean",2,1,"English","L2"
"2822",4902,99,"wise",7,9,"English","L2"
"2823",4903,99,"disloyal",2,1,"English","L2"
"2824",4904,99,"sweetheart",9,9,"English","L2"
"2825",4905,99,"liar",2,1,"English","L2"
"2826",4906,99,"negative",4,1,"English","L2"
"2827",4907,99,"reliable",7,9,"English","L2"
"2828",4908,99,"indiscreet",3,4,"English","L2"
"2829",4909,99,"unrealiable",3,1,"English","L2"
"2830",4910,99,"bad",1,1,"English","L2"
"2831",4911,99,"graceful",9,9,"English","L2"
"2832",4912,99,"discreet",6,5,"English","L2"
"2833",4913,99,"cruel",1,1,"English","L2"
"2834",4914,99,"asshole",1,1,"English","L2"
"2835",4915,82,"obsecene",6,1,"English","L2"
"2836",4916,82,"patient",3,7,"English","L2"
"2837",4917,82,"positive",9,9,"English","L2"
"2838",4918,82,"asshole",7,3,"English","L2"
"2839",4919,82,"sweetheart",3,9,"English","L2"
"2840",4920,82,"rude",8,1,"English","L2"
"2841",4921,82,"demon",8,1,"English","L2"
"2842",4922,82,"mean",5,3,"English","L2"
"2843",4923,82,"saint",4,9,"English","L2"
"2844",4924,82,"loyal",1,9,"English","L2"
"2845",4925,82,"unrealiable",8,3,"English","L2"
"2846",4926,82,"liar",6,2,"English","L2"
"2847",4927,82,"negative",2,1,"English","L2"
"2848",4928,82,"careful",1,9,"English","L2"
"2849",4929,82,"discreet",1,9,"English","L2"
"2850",4930,82,"good",1,9,"English","L2"
"2851",4931,82,"bad",7,1,"English","L2"
"2852",4932,82,"wise",1,9,"English","L2"
"2853",4933,82,"disloyal",9,1,"English","L2"
"2854",4934,82,"cautious",1,9,"English","L2"
"2855",4935,82,"kind",1,9,"English","L2"
"2856",4936,82,"indiscreet",6,6,"English","L2"
"2857",4937,82,"reliable",1,9,"English","L2"
"2858",4938,82,"lazy",5,4,"English","L2"
"2859",4939,82,"graceful",1,9,"English","L2"
"2860",4940,82,"cruel",7,1,"English","L2"
"2861",4941,196,"discreet",8,9,"English","L2"
"2862",4942,196,"patient",7,9,"English","L2"
"2863",4943,196,"negative",3,2,"English","L2"
"2864",4944,196,"careful",6,7,"English","L2"
"2865",4945,196,"obsecene",6,1,"English","L2"
"2866",4946,196,"good",8,9,"English","L2"
"2867",4947,196,"kind",8,9,"English","L2"
"2868",4948,196,"reliable",8,9,"English","L2"
"2869",4949,196,"disloyal",7,3,"English","L2"
"2870",4950,196,"lazy",5,2,"English","L2"
"2871",4951,196,"asshole",7,1,"English","L2"
"2872",4952,196,"cruel",7,1,"English","L2"
"2873",4953,196,"sweetheart",9,9,"English","L2"
"2874",4954,196,"graceful",8,9,"English","L2"
"2875",4955,196,"cautious",5,5,"English","L2"
"2876",4956,196,"wise",6,6,"English","L2"
"2877",4957,196,"loyal",7,9,"English","L2"
"2878",4958,196,"indiscreet",5,1,"English","L2"
"2879",4959,196,"rude",8,1,"English","L2"
"2880",4960,196,"liar",7,1,"English","L2"
"2881",4961,196,"unrealiable",5,2,"English","L2"
"2882",4962,196,"demon",7,1,"English","L2"
"2883",4963,196,"saint",7,9,"English","L2"
"2884",4964,196,"bad",7,1,"English","L2"
"2885",4965,196,"positive",8,9,"English","L2"
"2886",4966,196,"mean",6,1,"English","L2"
"2887",4993,192,"patient",8,8,"English","L2"
"2888",4994,192,"disloyal",1,2,"English","L2"
"2889",4995,192,"bad",2,1,"English","L2"
"2890",4996,192,"asshole",1,1,"English","L2"
"2891",4997,192,"rude",3,1,"English","L2"
"2892",4998,192,"liar",1,2,"English","L2"
"2893",4999,192,"positive",6,8,"English","L2"
"2894",5000,192,"unrealiable",3,2,"English","L2"
"2895",5001,192,"cautious",5,5,"English","L2"
"2896",5002,192,"saint",4,7,"English","L2"
"2897",5003,192,"loyal",7,7,"English","L2"
"2898",5004,192,"cruel",4,4,"English","L2"
"2899",5005,192,"obsecene",4,2,"English","L2"
"2900",5006,192,"graceful",7,8,"English","L2"
"2901",5007,192,"sweetheart",8,8,"English","L2"
"2902",5008,192,"lazy",2,2,"English","L2"
"2903",5009,192,"indiscreet",2,1,"English","L2"
"2904",5010,192,"reliable",7,7,"English","L2"
"2905",5011,192,"demon",1,1,"English","L2"
"2906",5012,192,"wise",8,8,"English","L2"
"2907",5013,192,"negative",2,1,"English","L2"
"2908",5014,192,"mean",5,5,"English","L2"
"2909",5015,192,"kind",8,8,"English","L2"
"2910",5016,192,"careful",8,8,"English","L2"
"2911",5017,192,"good",8,8,"English","L2"
"2912",5018,192,"discreet",2,2,"English","L2"
"2913",5019,207,"positive",9,9,"English","L2"
"2914",5020,207,"discreet",4,3,"English","L2"
"2915",5021,207,"mean",5,1,"English","L2"
"2916",5022,207,"obsecene",6,1,"English","L2"
"2917",5023,207,"patient",1,8,"English","L2"
"2918",5024,207,"liar",7,1,"English","L2"
"2919",5025,207,"kind",1,9,"English","L2"
"2920",5026,207,"cautious",1,7,"English","L2"
"2921",5027,207,"sweetheart",1,9,"English","L2"
"2922",5028,207,"disloyal",7,1,"English","L2"
"2923",5029,207,"reliable",1,9,"English","L2"
"2924",5030,207,"graceful",1,9,"English","L2"
"2925",5031,207,"loyal",1,9,"English","L2"
"2926",5032,207,"bad",6,1,"English","L2"
"2927",5033,207,"saint",1,9,"English","L2"
"2928",5034,207,"careful",1,9,"English","L2"
"2929",5035,207,"lazy",3,1,"English","L2"
"2930",5036,207,"good",2,9,"English","L2"
"2931",5037,207,"demon",7,1,"English","L2"
"2932",5038,207,"indiscreet",5,6,"English","L2"
"2933",5039,207,"cruel",6,1,"English","L2"
"2934",5040,207,"asshole",7,1,"English","L2"
"2935",5041,207,"unrealiable",6,1,"English","L2"
"2936",5042,207,"negative",7,1,"English","L2"
"2937",5043,207,"wise",1,9,"English","L2"
"2938",5044,207,"rude",5,1,"English","L2"
"2939",5045,7,"loyal",9,9,"English","L2"
"2940",5046,7,"graceful",6,6,"English","L2"
"2941",5047,7,"rude",6,2,"English","L2"
"2942",5048,7,"cautious",2,5,"English","L2"
"2943",5049,7,"asshole",7,1,"English","L2"
"2944",5050,7,"discreet",3,6,"English","L2"
"2945",5051,7,"unrealiable",6,2,"English","L2"
"2946",5052,7,"disloyal",5,2,"English","L2"
"2947",5053,7,"cruel",6,1,"English","L2"
"2948",5054,7,"good",4,6,"English","L2"
"2949",5055,7,"patient",1,6,"English","L2"
"2950",5056,7,"liar",7,2,"English","L2"
"2951",5057,7,"demon",4,1,"English","L2"
"2952",5058,7,"obsecene",6,1,"English","L2"
"2953",5059,7,"wise",3,8,"English","L2"
"2954",5060,7,"kind",4,8,"English","L2"
"2955",5061,7,"negative",7,1,"English","L2"
"2956",5062,7,"careful",5,6,"English","L2"
"2957",5063,7,"mean",7,2,"English","L2"
"2958",5064,7,"bad",4,2,"English","L2"
"2959",5065,7,"positive",6,9,"English","L2"
"2960",5066,7,"saint",5,6,"English","L2"
"2961",5067,7,"indiscreet",4,4,"English","L2"
"2962",5068,7,"sweetheart",5,8,"English","L2"
"2963",5069,7,"reliable",3,7,"English","L2"
"2964",5070,7,"lazy",7,3,"English","L2"
"2965",5071,25,"positive",8,8,"English","L2"
"2966",5072,25,"lazy",3,3,"English","L2"
"2967",5073,25,"rude",6,3,"English","L2"
"2968",5074,25,"patient",2,8,"English","L2"
"2969",5075,25,"cruel",5,1,"English","L2"
"2970",5076,25,"asshole",3,1,"English","L2"
"2971",5077,25,"obsecene",5,1,"English","L2"
"2972",5078,25,"kind",1,9,"English","L2"
"2973",5079,25,"careful",3,7,"English","L2"
"2974",5080,25,"disloyal",4,1,"English","L2"
"2975",5081,25,"demon",7,1,"English","L2"
"2976",5082,25,"wise",5,9,"English","L2"
"2977",5083,25,"loyal",5,9,"English","L2"
"2978",5084,25,"mean",6,1,"English","L2"
"2979",5085,25,"reliable",5,9,"English","L2"
"2980",5086,25,"cautious",6,4,"English","L2"
"2981",5087,25,"negative",4,1,"English","L2"
"2982",5088,25,"bad",4,1,"English","L2"
"2983",5089,25,"graceful",3,8,"English","L2"
"2984",5090,25,"sweetheart",5,8,"English","L2"
"2985",5091,25,"indiscreet",5,1,"English","L2"
"2986",5092,25,"unrealiable",4,1,"English","L2"
"2987",5093,25,"liar",5,1,"English","L2"
"2988",5094,25,"discreet",3,8,"English","L2"
"2989",5095,25,"saint",3,8,"English","L2"
"2990",5096,25,"good",4,8,"English","L2"
"2991",5097,62,"saint",2,6,"English","L2"
"2992",5098,62,"positive",6,8,"English","L2"
"2993",5099,62,"discreet",5,5,"English","L2"
"2994",5100,62,"unrealiable",5,2,"English","L2"
"2995",5101,62,"liar",6,1,"English","L2"
"2996",5102,62,"bad",4,1,"English","L2"
"2997",5103,62,"rude",6,1,"English","L2"
"2998",5104,62,"indiscreet",4,2,"English","L2"
"2999",5105,62,"obsecene",6,4,"English","L2"
"3000",5106,62,"loyal",7,8,"English","L2"
"3001",5107,62,"cruel",5,1,"English","L2"
"3002",5108,62,"lazy",4,4,"English","L2"
"3003",5109,62,"disloyal",5,1,"English","L2"
"3004",5110,62,"mean",4,2,"English","L2"
"3005",5111,62,"patient",7,7,"English","L2"
"3006",5112,62,"demon",6,4,"English","L2"
"3007",5113,62,"negative",4,2,"English","L2"
"3008",5114,62,"kind",6,6,"English","L2"
"3009",5115,62,"graceful",7,7,"English","L2"
"3010",5116,62,"reliable",8,8,"English","L2"
"3011",5117,62,"wise",6,6,"English","L2"
"3012",5118,62,"cautious",5,5,"English","L2"
"3013",5119,62,"sweetheart",6,6,"English","L2"
"3014",5120,62,"careful",5,5,"English","L2"
"3015",5121,62,"good",8,8,"English","L2"
"3016",5122,62,"asshole",4,3,"English","L2"
"3017",5123,172,"careful",2,6,"English","L2"
"3018",5124,172,"asshole",7,2,"English","L2"
"3019",5125,172,"bad",5,1,"English","L2"
"3020",5126,172,"sweetheart",6,8,"English","L2"
"3021",5127,172,"obsecene",6,2,"English","L2"
"3022",5128,172,"patient",2,7,"English","L2"
"3023",5129,172,"disloyal",6,1,"English","L2"
"3024",5130,172,"liar",9,1,"English","L2"
"3025",5131,172,"reliable",1,8,"English","L2"
"3026",5132,172,"saint",3,7,"English","L2"
"3027",5133,172,"cautious",3,7,"English","L2"
"3028",5134,172,"unrealiable",6,2,"English","L2"
"3029",5135,172,"rude",8,2,"English","L2"
"3030",5136,172,"graceful",3,8,"English","L2"
"3031",5137,172,"loyal",1,8,"English","L2"
"3032",5138,172,"lazy",5,2,"English","L2"
"3033",5139,172,"kind",2,8,"English","L2"
"3034",5140,172,"wise",1,8,"English","L2"
"3035",5141,172,"cruel",9,1,"English","L2"
"3036",5142,172,"positive",6,9,"English","L2"
"3037",5143,172,"demon",9,1,"English","L2"
"3038",5144,172,"good",2,8,"English","L2"
"3039",5145,172,"negative",5,1,"English","L2"
"3040",5146,172,"mean",7,1,"English","L2"
"3041",5147,172,"indiscreet",6,2,"English","L2"
"3042",5148,172,"discreet",2,8,"English","L2"
"3043",5149,180,"graceful",6,8,"English","L2"
"3044",5150,180,"unrealiable",5,3,"English","L2"
"3045",5151,180,"negative",5,3,"English","L2"
"3046",5152,180,"wise",3,7,"English","L2"
"3047",5153,180,"bad",5,1,"English","L2"
"3048",5154,180,"cruel",5,1,"English","L2"
"3049",5155,180,"lazy",5,3,"English","L2"
"3050",5156,180,"reliable",1,9,"English","L2"
"3051",5157,180,"obsecene",5,2,"English","L2"
"3052",5158,180,"careful",3,8,"English","L2"
"3053",5159,180,"sweetheart",9,9,"English","L2"
"3054",5160,180,"saint",3,9,"English","L2"
"3055",5161,180,"demon",5,1,"English","L2"
"3056",5162,180,"loyal",1,9,"English","L2"
"3057",5163,180,"good",2,9,"English","L2"
"3058",5164,180,"indiscreet",5,5,"English","L2"
"3059",5165,180,"patient",2,8,"English","L2"
"3060",5166,180,"kind",9,9,"English","L2"
"3061",5167,180,"cautious",5,5,"English","L2"
"3062",5168,180,"rude",5,3,"English","L2"
"3063",5169,180,"mean",5,3,"English","L2"
"3064",5170,180,"discreet",5,5,"English","L2"
"3065",5171,180,"disloyal",5,2,"English","L2"
"3066",5172,180,"asshole",5,2,"English","L2"
"3067",5173,180,"positive",2,8,"English","L2"
"3068",5174,180,"liar",5,1,"English","L2"
"3069",5175,79,"obsecene",5,2,"English","L2"
"3070",5176,79,"disloyal",5,2,"English","L2"
"3071",5177,79,"cautious",4,5,"English","L2"
"3072",5178,79,"cruel",5,1,"English","L2"
"3073",5179,79,"patient",4,7,"English","L2"
"3074",5180,79,"loyal",5,7,"English","L2"
"3075",5181,79,"sweetheart",6,8,"English","L2"
"3076",5182,79,"liar",5,1,"English","L2"
"3077",5183,79,"graceful",5,7,"English","L2"
"3078",5184,79,"negative",5,5,"English","L2"
"3079",5185,79,"positive",5,5,"English","L2"
"3080",5186,79,"indiscreet",5,3,"English","L2"
"3081",5187,79,"rude",5,2,"English","L2"
"3082",5188,79,"bad",5,4,"English","L2"
"3083",5189,79,"kind",5,7,"English","L2"
"3084",5190,79,"demon",5,5,"English","L2"
"3085",5191,79,"discreet",5,5,"English","L2"
"3086",5192,79,"reliable",5,7,"English","L2"
"3087",5193,79,"careful",4,5,"English","L2"
"3088",5194,79,"wise",5,7,"English","L2"
"3089",5195,79,"good",5,5,"English","L2"
"3090",5196,79,"saint",5,5,"English","L2"
"3091",5197,79,"unrealiable",5,3,"English","L2"
"3092",5198,79,"mean",5,3,"English","L2"
"3093",5199,79,"lazy",5,2,"English","L2"
"3094",5200,79,"asshole",5,3,"English","L2"
"3095",5201,154,"loyal",7,9,"English","L2"
"3096",5202,154,"negative",5,1,"English","L2"
"3097",5203,154,"cautious",7,6,"English","L2"
"3098",5204,154,"mean",7,1,"English","L2"
"3099",5205,154,"discreet",1,9,"English","L2"
"3100",5206,154,"disloyal",7,1,"English","L2"
"3101",5207,154,"wise",1,9,"English","L2"
"3102",5208,154,"asshole",4,1,"English","L2"
"3103",5209,154,"sweetheart",9,9,"English","L2"
"3104",5210,154,"kind",6,9,"English","L2"
"3105",5211,154,"rude",7,1,"English","L2"
"3106",5212,154,"bad",5,1,"English","L2"
"3107",5213,154,"indiscreet",5,1,"English","L2"
"3108",5214,154,"obsecene",5,1,"English","L2"
"3109",5215,154,"unrealiable",5,1,"English","L2"
"3110",5216,154,"reliable",1,9,"English","L2"
"3111",5217,154,"graceful",5,9,"English","L2"
"3112",5218,154,"patient",5,9,"English","L2"
"3113",5219,154,"demon",5,1,"English","L2"
"3114",5220,154,"liar",5,1,"English","L2"
"3115",5221,154,"careful",5,9,"English","L2"
"3116",5222,154,"lazy",1,1,"English","L2"
"3117",5223,154,"cruel",5,1,"English","L2"
"3118",5224,154,"positive",5,9,"English","L2"
"3119",5225,154,"saint",5,9,"English","L2"
"3120",5226,154,"good",5,9,"English","L2"
"3121",5227,35,"cruel",4,3,"English","L2"
"3122",5228,35,"careful",2,7,"English","L2"
"3123",5229,35,"saint",7,8,"English","L2"
"3124",5230,35,"unrealiable",5,3,"English","L2"
"3125",5231,35,"liar",3,1,"English","L2"
"3126",5232,35,"graceful",6,7,"English","L2"
"3127",5233,35,"obsecene",7,2,"English","L2"
"3128",5234,35,"asshole",7,3,"English","L2"
"3129",5235,35,"discreet",3,5,"English","L2"
"3130",5236,35,"wise",3,7,"English","L2"
"3131",5237,35,"bad",5,3,"English","L2"
"3132",5238,35,"kind",3,7,"English","L2"
"3133",5239,35,"demon",5,1,"English","L2"
"3134",5240,35,"positive",3,7,"English","L2"
"3135",5241,35,"indiscreet",4,2,"English","L2"
"3136",5242,35,"sweetheart",9,9,"English","L2"
"3137",5243,35,"loyal",7,9,"English","L2"
"3138",5244,35,"good",3,7,"English","L2"
"3139",5245,35,"disloyal",6,3,"English","L2"
"3140",5246,35,"lazy",2,2,"English","L2"
"3141",5247,35,"mean",5,1,"English","L2"
"3142",5248,35,"cautious",6,6,"English","L2"
"3143",5249,35,"rude",5,2,"English","L2"
"3144",5250,35,"negative",5,1,"English","L2"
"3145",5251,35,"patient",3,7,"English","L2"
"3146",5252,35,"reliable",3,7,"English","L2"
"3147",5253,212,"reliable",7,8,"English","L2"
"3148",5254,212,"positive",8,8,"English","L2"
"3149",5255,212,"patient",8,8,"English","L2"
"3150",5256,212,"bad",2,2,"English","L2"
"3151",5257,212,"sweetheart",8,8,"English","L2"
"3152",5258,212,"indiscreet",2,2,"English","L2"
"3153",5259,212,"cruel",2,2,"English","L2"
"3154",5260,212,"wise",8,8,"English","L2"
"3155",5261,212,"demon",3,2,"English","L2"
"3156",5262,212,"saint",7,7,"English","L2"
"3157",5263,212,"liar",1,1,"English","L2"
"3158",5264,212,"unrealiable",1,1,"English","L2"
"3159",5265,212,"discreet",8,8,"English","L2"
"3160",5266,212,"careful",8,8,"English","L2"
"3161",5267,212,"loyal",9,9,"English","L2"
"3162",5268,212,"negative",1,1,"English","L2"
"3163",5269,212,"graceful",8,8,"English","L2"
"3164",5270,212,"rude",1,1,"English","L2"
"3165",5271,212,"asshole",1,1,"English","L2"
"3166",5272,212,"good",8,8,"English","L2"
"3167",5273,212,"obsecene",1,1,"English","L2"
"3168",5274,212,"disloyal",1,1,"English","L2"
"3169",5275,212,"cautious",8,8,"English","L2"
"3170",5276,212,"mean",1,1,"English","L2"
"3171",5277,212,"lazy",1,1,"English","L2"
"3172",5278,212,"kind",8,8,"English","L2"
"3173",5279,61,"patient",6,7,"English","L2"
"3174",5280,61,"demon",6,4,"English","L2"
"3175",5281,61,"positive",9,8,"English","L2"
"3176",5282,61,"discreet",6,8,"English","L2"
"3177",5283,61,"good",9,9,"English","L2"
"3178",5284,61,"indiscreet",7,8,"English","L2"
"3179",5285,61,"liar",5,5,"English","L2"
"3180",5286,61,"rude",2,2,"English","L2"
"3181",5287,61,"asshole",1,1,"English","L2"
"3182",5288,61,"sweetheart",6,9,"English","L2"
"3183",5289,61,"careful",5,5,"English","L2"
"3184",5290,61,"bad",2,2,"English","L2"
"3185",5291,61,"reliable",9,8,"English","L2"
"3186",5292,61,"cautious",8,6,"English","L2"
"3187",5293,61,"unrealiable",6,6,"English","L2"
"3188",5294,61,"loyal",6,4,"English","L2"
"3189",5295,61,"graceful",8,6,"English","L2"
"3190",5296,61,"obsecene",3,8,"English","L2"
"3191",5297,61,"lazy",5,5,"English","L2"
"3192",5298,61,"mean",5,6,"English","L2"
"3193",5299,61,"disloyal",4,6,"English","L2"
"3194",5300,61,"saint",9,9,"English","L2"
"3195",5301,61,"kind",9,9,"English","L2"
"3196",5302,61,"cruel",1,1,"English","L2"
"3197",5303,61,"negative",4,2,"English","L2"
"3198",5304,61,"wise",8,6,"English","L2"
"3199",5305,107,"liar",3,1,"English","L2"
"3200",5306,107,"positive",1,9,"English","L2"
"3201",5307,107,"demon",5,1,"English","L2"
"3202",5308,107,"reliable",4,9,"English","L2"
"3203",5309,107,"negative",1,1,"English","L2"
"3204",5310,107,"mean",3,1,"English","L2"
"3205",5311,107,"cautious",2,9,"English","L2"
"3206",5312,107,"rude",7,1,"English","L2"
"3207",5313,107,"asshole",9,1,"English","L2"
"3208",5314,107,"saint",6,9,"English","L2"
"3209",5315,107,"obsecene",6,1,"English","L2"
"3210",5316,107,"unrealiable",9,1,"English","L2"
"3211",5317,107,"disloyal",6,1,"English","L2"
"3212",5318,107,"graceful",5,9,"English","L2"
"3213",5319,107,"cruel",8,1,"English","L2"
"3214",5320,107,"loyal",3,9,"English","L2"
"3215",5321,107,"indiscreet",7,1,"English","L2"
"3216",5322,107,"good",4,9,"English","L2"
"3217",5323,107,"discreet",5,5,"English","L2"
"3218",5324,107,"wise",6,9,"English","L2"
"3219",5325,107,"sweetheart",9,9,"English","L2"
"3220",5326,107,"careful",6,9,"English","L2"
"3221",5327,107,"bad",5,3,"English","L2"
"3222",5328,107,"kind",6,9,"English","L2"
"3223",5329,107,"lazy",6,1,"English","L2"
"3224",5330,107,"patient",5,9,"English","L2"
"3225",5331,195,"discreet",4,6,"English","L2"
"3226",5332,195,"loyal",1,9,"English","L2"
"3227",5333,195,"cruel",6,1,"English","L2"
"3228",5334,195,"good",6,9,"English","L2"
"3229",5335,195,"obsecene",6,1,"English","L2"
"3230",5336,195,"unrealiable",7,1,"English","L2"
"3231",5337,195,"rude",8,1,"English","L2"
"3232",5338,195,"negative",7,1,"English","L2"
"3233",5339,195,"saint",1,9,"English","L2"
"3234",5340,195,"patient",1,9,"English","L2"
"3235",5341,195,"careful",1,7,"English","L2"
"3236",5342,195,"asshole",9,1,"English","L2"
"3237",5343,195,"disloyal",6,1,"English","L2"
"3238",5344,195,"mean",9,1,"English","L2"
"3239",5345,195,"demon",9,1,"English","L2"
"3240",5346,195,"positive",2,9,"English","L2"
"3241",5347,195,"kind",1,9,"English","L2"
"3242",5348,195,"cautious",1,7,"English","L2"
"3243",5349,195,"liar",9,1,"English","L2"
"3244",5350,195,"bad",8,1,"English","L2"
"3245",5351,195,"lazy",5,1,"English","L2"
"3246",5352,195,"indiscreet",7,1,"English","L2"
"3247",5353,195,"sweetheart",2,9,"English","L2"
"3248",5354,195,"reliable",1,9,"English","L2"
"3249",5355,195,"graceful",1,9,"English","L2"
"3250",5356,195,"wise",1,9,"English","L2"
"3251",5357,92,"rude",8,4,"English","L2"
"3252",5358,92,"reliable",3,7,"English","L2"
"3253",5359,92,"unrealiable",7,2,"English","L2"
"3254",5360,92,"indiscreet",5,1,"English","L2"
"3255",5361,92,"cautious",5,5,"English","L2"
"3256",5362,92,"kind",5,8,"English","L2"
"3257",5363,92,"graceful",8,7,"English","L2"
"3258",5364,92,"discreet",2,6,"English","L2"
"3259",5365,92,"obsecene",9,1,"English","L2"
"3260",5366,92,"demon",2,2,"English","L2"
"3261",5367,92,"sweetheart",7,8,"English","L2"
"3262",5368,92,"liar",7,3,"English","L2"
"3263",5369,92,"loyal",2,9,"English","L2"
"3264",5370,92,"wise",3,8,"English","L2"
"3265",5371,92,"patient",4,7,"English","L2"
"3266",5372,92,"bad",1,3,"English","L2"
"3267",5373,92,"lazy",2,1,"English","L2"
"3268",5374,92,"positive",9,9,"English","L2"
"3269",5375,92,"disloyal",6,1,"English","L2"
"3270",5376,92,"asshole",8,1,"English","L2"
"3271",5377,92,"good",4,9,"English","L2"
"3272",5378,92,"cruel",6,1,"English","L2"
"3273",5379,92,"careful",1,9,"English","L2"
"3274",5380,92,"mean",6,2,"English","L2"
"3275",5381,92,"negative",6,1,"English","L2"
"3276",5382,92,"saint",2,9,"English","L2"
"3277",5383,109,"lazy",1,3,"English","L2"
"3278",5384,109,"negative",5,1,"English","L2"
"3279",5385,109,"good",7,9,"English","L2"
"3280",5386,109,"rude",5,1,"English","L2"
"3281",5387,109,"wise",4,6,"English","L2"
"3282",5388,109,"patient",1,6,"English","L2"
"3283",5389,109,"reliable",4,7,"English","L2"
"3284",5390,109,"graceful",3,7,"English","L2"
"3285",5391,109,"asshole",5,1,"English","L2"
"3286",5392,109,"mean",5,1,"English","L2"
"3287",5393,109,"discreet",3,6,"English","L2"
"3288",5394,109,"cruel",5,1,"English","L2"
"3289",5395,109,"careful",3,6,"English","L2"
"3290",5396,109,"demon",6,1,"English","L2"
"3291",5397,109,"loyal",5,1,"English","L2"
"3292",5398,109,"cautious",4,6,"English","L2"
"3293",5399,109,"indiscreet",5,2,"English","L2"
"3294",5400,109,"obsecene",5,1,"English","L2"
"3295",5401,109,"sweetheart",6,9,"English","L2"
"3296",5402,109,"kind",3,7,"English","L2"
"3297",5403,109,"disloyal",5,2,"English","L2"
"3298",5404,109,"positive",5,9,"English","L2"
"3299",5405,109,"bad",5,1,"English","L2"
"3300",5406,109,"saint",2,9,"English","L2"
"3301",5407,109,"liar",6,1,"English","L2"
"3302",5408,109,"unrealiable",5,2,"English","L2"
"3303",5409,170,"demon",5,1,"English","L2"
"3304",5410,170,"bad",6,1,"English","L2"
"3305",5411,170,"lazy",3,1,"English","L2"
"3306",5412,170,"careful",2,8,"English","L2"
"3307",5413,170,"graceful",4,9,"English","L2"
"3308",5414,170,"mean",5,1,"English","L2"
"3309",5415,170,"patient",1,9,"English","L2"
"3310",5416,170,"kind",1,9,"English","L2"
"3311",5417,170,"positive",5,9,"English","L2"
"3312",5418,170,"rude",6,3,"English","L2"
"3313",5419,170,"cautious",2,7,"English","L2"
"3314",5420,170,"asshole",7,1,"English","L2"
"3315",5421,170,"indiscreet",6,2,"English","L2"
"3316",5422,170,"unrealiable",6,2,"English","L2"
"3317",5423,170,"reliable",2,9,"English","L2"
"3318",5424,170,"negative",5,1,"English","L2"
"3319",5425,170,"liar",7,2,"English","L2"
"3320",5426,170,"cruel",6,1,"English","L2"
"3321",5427,170,"discreet",7,8,"English","L2"
"3322",5428,170,"obsecene",8,9,"English","L2"
"3323",5429,170,"wise",2,8,"English","L2"
"3324",5430,170,"saint",2,9,"English","L2"
"3325",5431,170,"sweetheart",6,8,"English","L2"
"3326",5432,170,"disloyal",5,2,"English","L2"
"3327",5433,170,"good",6,9,"English","L2"
"3328",5434,170,"loyal",1,9,"English","L2"
"3329",5435,98,"good",2,7,"English","L2"
"3330",5436,98,"asshole",5,4,"English","L2"
"3331",5437,98,"liar",7,2,"English","L2"
"3332",5438,98,"negative",5,3,"English","L2"
"3333",5439,98,"careful",2,6,"English","L2"
"3334",5440,98,"loyal",6,8,"English","L2"
"3335",5441,98,"saint",3,6,"English","L2"
"3336",5442,98,"kind",2,8,"English","L2"
"3337",5443,98,"bad",4,3,"English","L2"
"3338",5444,98,"unrealiable",5,3,"English","L2"
"3339",5445,98,"graceful",3,8,"English","L2"
"3340",5446,98,"mean",5,3,"English","L2"
"3341",5447,98,"cautious",3,6,"English","L2"
"3342",5448,98,"positive",3,8,"English","L2"
"3343",5449,98,"disloyal",4,3,"English","L2"
"3344",5450,98,"lazy",4,3,"English","L2"
"3345",5451,98,"discreet",3,6,"English","L2"
"3346",5452,98,"rude",6,3,"English","L2"
"3347",5453,98,"obsecene",7,3,"English","L2"
"3348",5454,98,"patient",2,5,"English","L2"
"3349",5455,98,"indiscreet",4,4,"English","L2"
"3350",5456,98,"wise",2,7,"English","L2"
"3351",5457,98,"cruel",3,4,"English","L2"
"3352",5458,98,"reliable",3,8,"English","L2"
"3353",5459,98,"sweetheart",5,7,"English","L2"
"3354",5460,98,"demon",7,2,"English","L2"
"3355",5461,48,"discreet",3,1,"English","L2"
"3356",5462,48,"wise",1,9,"English","L2"
"3357",5463,48,"unrealiable",7,1,"English","L2"
"3358",5464,48,"asshole",9,1,"English","L2"
"3359",5465,48,"obsecene",9,1,"English","L2"
"3360",5466,48,"sweetheart",5,9,"English","L2"
"3361",5467,48,"loyal",2,9,"English","L2"
"3362",5468,48,"liar",9,1,"English","L2"
"3363",5469,48,"positive",1,9,"English","L2"
"3364",5470,48,"lazy",9,1,"English","L2"
"3365",5471,48,"graceful",1,9,"English","L2"
"3366",5472,48,"mean",9,1,"English","L2"
"3367",5473,48,"disloyal",9,1,"English","L2"
"3368",5474,48,"rude",9,1,"English","L2"
"3369",5475,48,"bad",9,1,"English","L2"
"3370",5476,48,"good",5,9,"English","L2"
"3371",5477,48,"demon",9,1,"English","L2"
"3372",5478,48,"saint",1,9,"English","L2"
"3373",5479,48,"cruel",9,1,"English","L2"
"3374",5480,48,"reliable",1,9,"English","L2"
"3375",5481,48,"careful",1,9,"English","L2"
"3376",5482,48,"indiscreet",9,1,"English","L2"
"3377",5483,48,"negative",9,1,"English","L2"
"3378",5484,48,"cautious",1,9,"English","L2"
"3379",5485,48,"kind",1,9,"English","L2"
"3380",5486,48,"patient",1,9,"English","L2"
"3381",5513,19,"sweetheart",4,9,"English","L2"
"3382",5514,19,"liar",7,1,"English","L2"
"3383",5515,19,"kind",1,9,"English","L2"
"3384",5516,19,"wise",2,6,"English","L2"
"3385",5517,19,"loyal",2,8,"English","L2"
"3386",5518,19,"asshole",9,1,"English","L2"
"3387",5519,19,"mean",7,2,"English","L2"
"3388",5520,19,"demon",9,1,"English","L2"
"3389",5521,19,"rude",7,3,"English","L2"
"3390",5522,19,"careful",2,6,"English","L2"
"3391",5523,19,"cruel",8,2,"English","L2"
"3392",5524,19,"cautious",4,5,"English","L2"
"3393",5525,19,"indiscreet",6,4,"English","L2"
"3394",5526,19,"saint",1,8,"English","L2"
"3395",5527,19,"disloyal",8,2,"English","L2"
"3396",5528,19,"positive",7,9,"English","L2"
"3397",5529,19,"reliable",1,7,"English","L2"
"3398",5530,19,"good",3,9,"English","L2"
"3399",5531,19,"lazy",8,2,"English","L2"
"3400",5532,19,"unrealiable",8,1,"English","L2"
"3401",5533,19,"negative",8,1,"English","L2"
"3402",5534,19,"graceful",2,8,"English","L2"
"3403",5535,19,"patient",1,7,"English","L2"
"3404",5536,19,"obsecene",8,3,"English","L2"
"3405",5537,19,"bad",6,2,"English","L2"
"3406",5538,19,"discreet",2,7,"English","L2"
"3407",5539,76,"unrealiable",7,2,"English","L2"
"3408",5540,76,"negative",6,3,"English","L2"
"3409",5541,76,"loyal",1,9,"English","L2"
"3410",5542,76,"positive",1,9,"English","L2"
"3411",5543,76,"indiscreet",4,4,"English","L2"
"3412",5544,76,"disloyal",6,1,"English","L2"
"3413",5545,76,"kind",7,8,"English","L2"
"3414",5546,76,"cruel",7,1,"English","L2"
"3415",5547,76,"demon",8,1,"English","L2"
"3416",5548,76,"wise",3,8,"English","L2"
"3417",5549,76,"good",3,7,"English","L2"
"3418",5550,76,"patient",3,7,"English","L2"
"3419",5551,76,"obsecene",7,3,"English","L2"
"3420",5552,76,"saint",3,7,"English","L2"
"3421",5553,76,"lazy",7,2,"English","L2"
"3422",5554,76,"bad",6,2,"English","L2"
"3423",5555,76,"graceful",2,7,"English","L2"
"3424",5556,76,"careful",2,7,"English","L2"
"3425",5557,76,"mean",8,2,"English","L2"
"3426",5558,76,"reliable",4,7,"English","L2"
"3427",5559,76,"cautious",5,5,"English","L2"
"3428",5560,76,"asshole",8,2,"English","L2"
"3429",5561,76,"liar",9,1,"English","L2"
"3430",5562,76,"rude",8,2,"English","L2"
"3431",5563,76,"sweetheart",7,9,"English","L2"
"3432",5564,76,"discreet",5,5,"English","L2"
"3433",5565,87,"negative",6,4,"English","L2"
"3434",5566,87,"obsecene",4,5,"English","L2"
"3435",5567,87,"demon",7,4,"English","L2"
"3436",5568,87,"good",1,9,"English","L2"
"3437",5569,87,"rude",5,3,"English","L2"
"3438",5570,87,"discreet",2,8,"English","L2"
"3439",5571,87,"sweetheart",6,9,"English","L2"
"3440",5572,87,"careful",1,8,"English","L2"
"3441",5573,87,"cautious",1,6,"English","L2"
"3442",5574,87,"patient",1,9,"English","L2"
"3443",5575,87,"unrealiable",6,3,"English","L2"
"3444",5576,87,"graceful",1,9,"English","L2"
"3445",5577,87,"cruel",7,2,"English","L2"
"3446",5578,87,"asshole",5,5,"English","L2"
"3447",5579,87,"mean",6,3,"English","L2"
"3448",5580,87,"wise",1,9,"English","L2"
"3449",5581,87,"loyal",1,9,"English","L2"
"3450",5582,87,"kind",1,9,"English","L2"
"3451",5583,87,"disloyal",7,1,"English","L2"
"3452",5584,87,"liar",7,1,"English","L2"
"3453",5585,87,"bad",5,2,"English","L2"
"3454",5586,87,"reliable",1,9,"English","L2"
"3455",5587,87,"positive",1,9,"English","L2"
"3456",5588,87,"saint",1,9,"English","L2"
"3457",5589,87,"lazy",4,2,"English","L2"
"3458",5590,87,"indiscreet",6,1,"English","L2"
"3459",5591,163,"good",5,9,"English","L2"
"3460",5592,163,"graceful",6,9,"English","L2"
"3461",5593,163,"obsecene",7,3,"English","L2"
"3462",5594,163,"positive",9,9,"English","L2"
"3463",5595,163,"saint",5,9,"English","L2"
"3464",5596,163,"negative",3,1,"English","L2"
"3465",5597,163,"cautious",6,3,"English","L2"
"3466",5598,163,"wise",7,9,"English","L2"
"3467",5599,163,"rude",6,1,"English","L2"
"3468",5600,163,"disloyal",7,1,"English","L2"
"3469",5601,163,"loyal",7,9,"English","L2"
"3470",5602,163,"indiscreet",7,1,"English","L2"
"3471",5603,163,"cruel",5,1,"English","L2"
"3472",5604,163,"bad",3,3,"English","L2"
"3473",5605,163,"liar",6,1,"English","L2"
"3474",5606,163,"careful",5,5,"English","L2"
"3475",5607,163,"reliable",5,9,"English","L2"
"3476",5608,163,"patient",5,7,"English","L2"
"3477",5609,163,"unrealiable",6,2,"English","L2"
"3478",5610,163,"kind",7,9,"English","L2"
"3479",5611,163,"lazy",2,3,"English","L2"
"3480",5612,163,"sweetheart",9,9,"English","L2"
"3481",5613,163,"asshole",7,1,"English","L2"
"3482",5614,163,"discreet",5,5,"English","L2"
"3483",5615,163,"mean",6,1,"English","L2"
"3484",5616,163,"demon",6,1,"English","L2"
