"","X","Participant","Label","SliderResponse","Number","TrialType","Valence","LexicalType","ContextCondition","Group","Name","StudyLanguage","Nativeness"
"1",1,26,"expletive_test",26,8,"test","neg","pej","AO","A","IPN8","Italian","L2"
"2",5,26,"expletive_test",68,7,"test","pos","pej","TO","A","IPP7","Italian","L2"
"3",6,26,"expletive_test",30,6,"test","pos","adj","NEU","A","IAP6","Italian","L2"
"4",12,26,"expletive_test",65,1,"test","pos","pej","TO","A","IPP1","Italian","L2"
"5",13,26,"expletive_test",56,1,"test","neg","adj","TO","A","IAN1","Italian","L2"
"6",15,26,"expletive_test",43,5,"test","pos","adj","AO","A","IAP5","Italian","L2"
"7",16,26,"expletive_test",58,2,"test","pos","pej","AO","A","IPP2","Italian","L2"
"8",18,26,"expletive_test",51,8,"test","neg","adj","AO","A","IAN8","Italian","L2"
"9",19,26,"expletive_test",71,4,"test","pos","pej","TO","A","IPP4","Italian","L2"
"10",21,26,"expletive_test",78,7,"test","neg","pej","TO","A","IPN7","Italian","L2"
"11",23,26,"expletive_test",36,9,"test","neg","adj","NEU","A","IAN9","Italian","L2"
"12",25,26,"expletive_test",53,7,"test","neg","adj","TO","A","IAN7","Italian","L2"
"13",26,26,"expletive_test",47,5,"test","neg","pej","AO","A","IPN5","Italian","L2"
"14",27,26,"expletive_test",66,9,"test","pos","adj","NEU","A","IAP9","Italian","L2"
"15",28,26,"expletive_test",34,3,"test","pos","pej","NEU","A","IPP3","Italian","L2"
"16",29,26,"expletive_test",34,8,"test","pos","adj","AO","A","IAP8","Italian","L2"
"17",30,26,"expletive_test",87,4,"test","neg","pej","TO","A","IPN4","Italian","L2"
"18",31,26,"expletive_test",69,6,"test","pos","pej","NEU","A","IPP6","Italian","L2"
"19",33,26,"expletive_test",30,4,"test","pos","adj","TO","A","IAP4","Italian","L2"
"20",35,26,"expletive_test",54,2,"test","neg","pej","AO","A","IPN2","Italian","L2"
"21",36,26,"expletive_test",57,2,"test","pos","adj","AO","A","IAP2","Italian","L2"
"22",38,26,"expletive_test",61,7,"test","pos","adj","TO","A","IAP7","Italian","L2"
"23",40,26,"expletive_test",60,3,"test","neg","pej","NEU","A","IPN3","Italian","L2"
"24",42,26,"expletive_test",66,5,"test","pos","pej","AO","A","IPP5","Italian","L2"
"25",43,26,"expletive_test",58,9,"test","neg","pej","NEU","A","IPN9","Italian","L2"
"26",46,26,"expletive_test",67,6,"test","neg","adj","NEU","A","IAN6","Italian","L2"
"27",47,26,"expletive_test",64,3,"test","neg","adj","NEU","A","IAN3","Italian","L2"
"28",51,26,"expletive_test",29,6,"test","neg","pej","NEU","A","IPN6","Italian","L2"
"29",52,26,"expletive_test",72,1,"test","neg","pej","TO","A","IPN1","Italian","L2"
"30",53,26,"expletive_test",63,4,"test","neg","adj","TO","A","IAN4","Italian","L2"
"31",54,26,"expletive_test",39,2,"test","neg","adj","AO","A","IAN2","Italian","L2"
"32",55,26,"expletive_test",70,8,"test","pos","pej","AO","A","IPP8","Italian","L2"
"33",56,26,"expletive_test",61,9,"test","pos","pej","NEU","A","IPP9","Italian","L2"
"34",57,26,"expletive_test",56,5,"test","neg","adj","AO","A","IAN5","Italian","L2"
"35",59,26,"expletive_test",81,1,"test","pos","adj","TO","A","IAP1","Italian","L2"
"36",60,26,"expletive_test",55,3,"test","pos","adj","NEU","A","IAP3","Italian","L2"
"37",61,130,"expletive_test",78,4,"test","neg","pej","TO","C","IPN4","Italian","L2"
"38",62,130,"expletive_test",81,1,"test","neg","pej","TO","C","IPN1","Italian","L2"
"39",63,130,"expletive_test",83,1,"test","pos","pej","TO","C","IPP1","Italian","L2"
"40",67,130,"expletive_test",74,1,"test","neg","adj","TO","C","IAN1","Italian","L2"
"41",68,130,"expletive_test",74,2,"test","pos","pej","AO","C","IPP2","Italian","L2"
"42",69,130,"expletive_test",86,7,"test","pos","pej","TO","C","IPP7","Italian","L2"
"43",70,130,"expletive_test",85,1,"test","pos","adj","TO","C","IAP1","Italian","L2"
"44",72,130,"expletive_test",17,6,"test","neg","adj","NEU","C","IAN6","Italian","L2"
"45",74,130,"expletive_test",70,4,"test","pos","adj","TO","C","IAP4","Italian","L2"
"46",75,130,"expletive_test",58,4,"test","neg","adj","TO","C","IAN4","Italian","L2"
"47",76,130,"expletive_test",33,5,"test","neg","adj","AO","C","IAN5","Italian","L2"
"48",77,130,"expletive_test",72,8,"test","pos","pej","AO","C","IPP8","Italian","L2"
"49",80,130,"expletive_test",71,9,"test","pos","adj","NEU","C","IAP9","Italian","L2"
"50",81,130,"expletive_test",24,6,"test","pos","adj","NEU","C","IAP6","Italian","L2"
"51",82,130,"expletive_test",32,9,"test","neg","pej","NEU","C","IPN9","Italian","L2"
"52",83,130,"expletive_test",65,2,"test","neg","pej","AO","C","IPN2","Italian","L2"
"53",88,130,"expletive_test",89,2,"test","pos","adj","AO","C","IAP2","Italian","L2"
"54",94,130,"expletive_test",22,8,"test","neg","pej","AO","C","IPN8","Italian","L2"
"55",95,130,"expletive_test",73,6,"test","pos","pej","NEU","C","IPP6","Italian","L2"
"56",96,130,"expletive_test",73,3,"test","pos","adj","NEU","C","IAP3","Italian","L2"
"57",97,130,"expletive_test",13,9,"test","neg","adj","NEU","C","IAN9","Italian","L2"
"58",99,130,"expletive_test",72,4,"test","pos","pej","TO","C","IPP4","Italian","L2"
"59",100,130,"expletive_test",74,7,"test","neg","adj","TO","C","IAN7","Italian","L2"
"60",101,130,"expletive_test",48,9,"test","pos","pej","NEU","C","IPP9","Italian","L2"
"61",102,130,"expletive_test",38,8,"test","pos","adj","AO","C","IAP8","Italian","L2"
"62",105,130,"expletive_test",88,7,"test","neg","pej","TO","C","IPN7","Italian","L2"
"63",106,130,"expletive_test",90,5,"test","pos","pej","AO","C","IPP5","Italian","L2"
"64",107,130,"expletive_test",76,8,"test","neg","adj","AO","C","IAN8","Italian","L2"
"65",109,130,"expletive_test",60,3,"test","neg","adj","NEU","C","IAN3","Italian","L2"
"66",110,130,"expletive_test",12,6,"test","neg","pej","NEU","C","IPN6","Italian","L2"
"67",112,130,"expletive_test",59,3,"test","pos","pej","NEU","C","IPP3","Italian","L2"
"68",113,130,"expletive_test",4,5,"test","neg","pej","AO","C","IPN5","Italian","L2"
"69",114,130,"expletive_test",64,7,"test","pos","adj","TO","C","IAP7","Italian","L2"
"70",115,130,"expletive_test",39,5,"test","pos","adj","AO","C","IAP5","Italian","L2"
"71",116,130,"expletive_test",16,2,"test","neg","adj","AO","C","IAN2","Italian","L2"
"72",120,130,"expletive_test",13,3,"test","neg","pej","NEU","C","IPN3","Italian","L2"
"73",123,85,"expletive_test",99,2,"test","pos","adj","AO","A","IAP2","Italian","L2"
"74",125,85,"expletive_test",99,2,"test","neg","pej","AO","A","IPN2","Italian","L2"
"75",127,85,"expletive_test",99,7,"test","neg","adj","TO","A","IAN7","Italian","L2"
"76",128,85,"expletive_test",0,9,"test","neg","adj","NEU","A","IAN9","Italian","L2"
"77",129,85,"expletive_test",0,6,"test","neg","pej","NEU","A","IPN6","Italian","L2"
"78",130,85,"expletive_test",99,2,"test","pos","pej","AO","A","IPP2","Italian","L2"
"79",131,85,"expletive_test",0,8,"test","pos","adj","AO","A","IAP8","Italian","L2"
"80",132,85,"expletive_test",99,5,"test","pos","adj","AO","A","IAP5","Italian","L2"
"81",135,85,"expletive_test",99,1,"test","neg","pej","TO","A","IPN1","Italian","L2"
"82",139,85,"expletive_test",99,8,"test","neg","adj","AO","A","IAN8","Italian","L2"
"83",140,85,"expletive_test",99,4,"test","pos","pej","TO","A","IPP4","Italian","L2"
"84",142,85,"expletive_test",99,5,"test","neg","adj","AO","A","IAN5","Italian","L2"
"85",143,85,"expletive_test",99,4,"test","neg","pej","TO","A","IPN4","Italian","L2"
"86",144,85,"expletive_test",99,1,"test","neg","adj","TO","A","IAN1","Italian","L2"
"87",145,85,"expletive_test",99,1,"test","pos","adj","TO","A","IAP1","Italian","L2"
"88",146,85,"expletive_test",99,5,"test","neg","pej","AO","A","IPN5","Italian","L2"
"89",147,85,"expletive_test",0,3,"test","pos","adj","NEU","A","IAP3","Italian","L2"
"90",149,85,"expletive_test",99,2,"test","neg","adj","AO","A","IAN2","Italian","L2"
"91",150,85,"expletive_test",99,7,"test","neg","pej","TO","A","IPN7","Italian","L2"
"92",152,85,"expletive_test",99,7,"test","pos","adj","TO","A","IAP7","Italian","L2"
"93",153,85,"expletive_test",0,6,"test","pos","adj","NEU","A","IAP6","Italian","L2"
"94",154,85,"expletive_test",99,5,"test","pos","pej","AO","A","IPP5","Italian","L2"
"95",156,85,"expletive_test",0,3,"test","neg","adj","NEU","A","IAN3","Italian","L2"
"96",159,85,"expletive_test",0,3,"test","pos","pej","NEU","A","IPP3","Italian","L2"
"97",162,85,"expletive_test",99,8,"test","pos","pej","AO","A","IPP8","Italian","L2"
"98",165,85,"expletive_test",0,9,"test","neg","pej","NEU","A","IPN9","Italian","L2"
"99",166,85,"expletive_test",0,6,"test","neg","adj","NEU","A","IAN6","Italian","L2"
"100",167,85,"expletive_test",0,9,"test","pos","adj","NEU","A","IAP9","Italian","L2"
"101",168,85,"expletive_test",0,6,"test","pos","pej","NEU","A","IPP6","Italian","L2"
"102",169,85,"expletive_test",0,3,"test","neg","pej","NEU","A","IPN3","Italian","L2"
"103",170,85,"expletive_test",99,4,"test","neg","adj","TO","A","IAN4","Italian","L2"
"104",173,85,"expletive_test",0,9,"test","pos","pej","NEU","A","IPP9","Italian","L2"
"105",174,85,"expletive_test",99,4,"test","pos","adj","TO","A","IAP4","Italian","L2"
"106",176,85,"expletive_test",99,7,"test","pos","pej","TO","A","IPP7","Italian","L2"
"107",179,85,"expletive_test",99,8,"test","neg","pej","AO","A","IPN8","Italian","L2"
"108",180,85,"expletive_test",99,1,"test","pos","pej","TO","A","IPP1","Italian","L2"
"109",182,57,"expletive_test",66,9,"test","neg","pej","NEU","C","IPN9","Italian","L2"
"110",183,57,"expletive_test",23,5,"test","neg","pej","AO","C","IPN5","Italian","L2"
"111",185,57,"expletive_test",61,9,"test","neg","adj","NEU","C","IAN9","Italian","L2"
"112",186,57,"expletive_test",66,6,"test","neg","adj","NEU","C","IAN6","Italian","L2"
"113",187,57,"expletive_test",33,6,"test","neg","pej","NEU","C","IPN6","Italian","L2"
"114",188,57,"expletive_test",36,2,"test","neg","adj","AO","C","IAN2","Italian","L2"
"115",189,57,"expletive_test",33,8,"test","neg","adj","AO","C","IAN8","Italian","L2"
"116",190,57,"expletive_test",28,1,"test","pos","pej","TO","C","IPP1","Italian","L2"
"117",193,57,"expletive_test",76,3,"test","neg","pej","NEU","C","IPN3","Italian","L2"
"118",194,57,"expletive_test",11,1,"test","pos","adj","TO","C","IAP1","Italian","L2"
"119",197,57,"expletive_test",0,8,"test","neg","pej","AO","C","IPN8","Italian","L2"
"120",199,57,"expletive_test",87,4,"test","pos","pej","TO","C","IPP4","Italian","L2"
"121",200,57,"expletive_test",79,6,"test","pos","pej","NEU","C","IPP6","Italian","L2"
"122",201,57,"expletive_test",19,7,"test","neg","adj","TO","C","IAN7","Italian","L2"
"123",202,57,"expletive_test",88,4,"test","pos","adj","TO","C","IAP4","Italian","L2"
"124",206,57,"expletive_test",39,3,"test","pos","adj","NEU","C","IAP3","Italian","L2"
"125",207,57,"expletive_test",79,8,"test","pos","pej","AO","C","IPP8","Italian","L2"
"126",208,57,"expletive_test",83,9,"test","pos","pej","NEU","C","IPP9","Italian","L2"
"127",210,57,"expletive_test",34,2,"test","pos","pej","AO","C","IPP2","Italian","L2"
"128",211,57,"expletive_test",84,1,"test","neg","adj","TO","C","IAN1","Italian","L2"
"129",213,57,"expletive_test",67,7,"test","pos","pej","TO","C","IPP7","Italian","L2"
"130",215,57,"expletive_test",10,4,"test","neg","adj","TO","C","IAN4","Italian","L2"
"131",216,57,"expletive_test",35,4,"test","neg","pej","TO","C","IPN4","Italian","L2"
"132",217,57,"expletive_test",30,3,"test","neg","adj","NEU","C","IAN3","Italian","L2"
"133",218,57,"expletive_test",21,9,"test","pos","adj","NEU","C","IAP9","Italian","L2"
"134",220,57,"expletive_test",31,5,"test","neg","adj","AO","C","IAN5","Italian","L2"
"135",224,57,"expletive_test",49,7,"test","neg","pej","TO","C","IPN7","Italian","L2"
"136",225,57,"expletive_test",54,3,"test","pos","pej","NEU","C","IPP3","Italian","L2"
"137",226,57,"expletive_test",24,2,"test","pos","adj","AO","C","IAP2","Italian","L2"
"138",228,57,"expletive_test",22,5,"test","pos","pej","AO","C","IPP5","Italian","L2"
"139",229,57,"expletive_test",34,6,"test","pos","adj","NEU","C","IAP6","Italian","L2"
"140",230,57,"expletive_test",39,5,"test","pos","adj","AO","C","IAP5","Italian","L2"
"141",231,57,"expletive_test",76,7,"test","pos","adj","TO","C","IAP7","Italian","L2"
"142",236,57,"expletive_test",72,2,"test","neg","pej","AO","C","IPN2","Italian","L2"
"143",239,57,"expletive_test",59,1,"test","neg","pej","TO","C","IPN1","Italian","L2"
"144",240,57,"expletive_test",35,8,"test","pos","adj","AO","C","IAP8","Italian","L2"
"145",301,135,"expletive_test",26,5,"test","neg","pej","AO","A","IPN5","Italian","L2"
"146",302,135,"expletive_test",19,9,"test","neg","pej","NEU","A","IPN9","Italian","L2"
"147",303,135,"expletive_test",40,4,"test","neg","pej","TO","A","IPN4","Italian","L2"
"148",306,135,"expletive_test",91,5,"test","pos","pej","AO","A","IPP5","Italian","L2"
"149",307,135,"expletive_test",37,2,"test","neg","pej","AO","A","IPN2","Italian","L2"
"150",309,135,"expletive_test",24,9,"test","pos","pej","NEU","A","IPP9","Italian","L2"
"151",312,135,"expletive_test",87,1,"test","pos","adj","TO","A","IAP1","Italian","L2"
"152",313,135,"expletive_test",88,1,"test","neg","adj","TO","A","IAN1","Italian","L2"
"153",315,135,"expletive_test",40,1,"test","neg","pej","TO","A","IPN1","Italian","L2"
"154",319,135,"expletive_test",94,4,"test","pos","adj","TO","A","IAP4","Italian","L2"
"155",320,135,"expletive_test",69,3,"test","pos","pej","NEU","A","IPP3","Italian","L2"
"156",321,135,"expletive_test",11,3,"test","neg","adj","NEU","A","IAN3","Italian","L2"
"157",323,135,"expletive_test",90,8,"test","pos","pej","AO","A","IPP8","Italian","L2"
"158",324,135,"expletive_test",7,9,"test","neg","adj","NEU","A","IAN9","Italian","L2"
"159",325,135,"expletive_test",16,8,"test","neg","pej","AO","A","IPN8","Italian","L2"
"160",326,135,"expletive_test",13,6,"test","neg","pej","NEU","A","IPN6","Italian","L2"
"161",327,135,"expletive_test",76,8,"test","pos","adj","AO","A","IAP8","Italian","L2"
"162",328,135,"expletive_test",75,6,"test","pos","adj","NEU","A","IAP6","Italian","L2"
"163",329,135,"expletive_test",84,2,"test","pos","pej","AO","A","IPP2","Italian","L2"
"164",330,135,"expletive_test",80,2,"test","pos","adj","AO","A","IAP2","Italian","L2"
"165",332,135,"expletive_test",95,5,"test","pos","adj","AO","A","IAP5","Italian","L2"
"166",334,135,"expletive_test",99,7,"test","pos","pej","TO","A","IPP7","Italian","L2"
"167",336,135,"expletive_test",21,6,"test","neg","adj","NEU","A","IAN6","Italian","L2"
"168",337,135,"expletive_test",71,9,"test","pos","adj","NEU","A","IAP9","Italian","L2"
"169",338,135,"expletive_test",78,4,"test","neg","adj","TO","A","IAN4","Italian","L2"
"170",342,135,"expletive_test",29,7,"test","neg","pej","TO","A","IPN7","Italian","L2"
"171",345,135,"expletive_test",68,1,"test","pos","pej","TO","A","IPP1","Italian","L2"
"172",346,135,"expletive_test",62,7,"test","pos","adj","TO","A","IAP7","Italian","L2"
"173",350,135,"expletive_test",71,3,"test","pos","adj","NEU","A","IAP3","Italian","L2"
"174",351,135,"expletive_test",39,7,"test","neg","adj","TO","A","IAN7","Italian","L2"
"175",352,135,"expletive_test",8,3,"test","neg","pej","NEU","A","IPN3","Italian","L2"
"176",353,135,"expletive_test",82,6,"test","pos","pej","NEU","A","IPP6","Italian","L2"
"177",354,135,"expletive_test",82,4,"test","pos","pej","TO","A","IPP4","Italian","L2"
"178",357,135,"expletive_test",0,2,"test","neg","adj","AO","A","IAN2","Italian","L2"
"179",359,135,"expletive_test",22,5,"test","neg","adj","AO","A","IAN5","Italian","L2"
"180",360,135,"expletive_test",15,8,"test","neg","adj","AO","A","IAN8","Italian","L2"
"181",421,46,"expletive_test",54,7,"test","neg","pej","TO","C","IPN7","Italian","L2"
"182",422,46,"expletive_test",60,4,"test","neg","pej","TO","C","IPN4","Italian","L2"
"183",425,46,"expletive_test",52,6,"test","pos","adj","NEU","C","IAP6","Italian","L2"
"184",426,46,"expletive_test",45,4,"test","pos","adj","TO","C","IAP4","Italian","L2"
"185",427,46,"expletive_test",65,9,"test","pos","adj","NEU","C","IAP9","Italian","L2"
"186",428,46,"expletive_test",62,2,"test","pos","adj","AO","C","IAP2","Italian","L2"
"187",429,46,"expletive_test",58,7,"test","neg","adj","TO","C","IAN7","Italian","L2"
"188",431,46,"expletive_test",36,2,"test","neg","adj","AO","C","IAN2","Italian","L2"
"189",432,46,"expletive_test",67,9,"test","pos","pej","NEU","C","IPP9","Italian","L2"
"190",434,46,"expletive_test",25,3,"test","neg","adj","NEU","C","IAN3","Italian","L2"
"191",435,46,"expletive_test",76,8,"test","pos","pej","AO","C","IPP8","Italian","L2"
"192",436,46,"expletive_test",20,2,"test","neg","pej","AO","C","IPN2","Italian","L2"
"193",438,46,"expletive_test",81,4,"test","pos","pej","TO","C","IPP4","Italian","L2"
"194",440,46,"expletive_test",74,7,"test","pos","pej","TO","C","IPP7","Italian","L2"
"195",443,46,"expletive_test",19,8,"test","neg","pej","AO","C","IPN8","Italian","L2"
"196",444,46,"expletive_test",61,6,"test","pos","pej","NEU","C","IPP6","Italian","L2"
"197",445,46,"expletive_test",57,1,"test","neg","adj","TO","C","IAN1","Italian","L2"
"198",447,46,"expletive_test",76,4,"test","neg","adj","TO","C","IAN4","Italian","L2"
"199",450,46,"expletive_test",23,5,"test","neg","adj","AO","C","IAN5","Italian","L2"
"200",451,46,"expletive_test",61,3,"test","pos","pej","NEU","C","IPP3","Italian","L2"
"201",453,46,"expletive_test",31,8,"test","neg","adj","AO","C","IAN8","Italian","L2"
"202",454,46,"expletive_test",66,5,"test","pos","adj","AO","C","IAP5","Italian","L2"
"203",458,46,"expletive_test",26,6,"test","neg","adj","NEU","C","IAN6","Italian","L2"
"204",462,46,"expletive_test",82,1,"test","pos","pej","TO","C","IPP1","Italian","L2"
"205",465,46,"expletive_test",17,6,"test","neg","pej","NEU","C","IPN6","Italian","L2"
"206",466,46,"expletive_test",86,1,"test","pos","adj","TO","C","IAP1","Italian","L2"
"207",467,46,"expletive_test",54,3,"test","pos","adj","NEU","C","IAP3","Italian","L2"
"208",469,46,"expletive_test",55,8,"test","pos","adj","AO","C","IAP8","Italian","L2"
"209",471,46,"expletive_test",61,5,"test","pos","pej","AO","C","IPP5","Italian","L2"
"210",472,46,"expletive_test",74,7,"test","pos","adj","TO","C","IAP7","Italian","L2"
"211",473,46,"expletive_test",13,3,"test","neg","pej","NEU","C","IPN3","Italian","L2"
"212",474,46,"expletive_test",15,9,"test","neg","adj","NEU","C","IAN9","Italian","L2"
"213",476,46,"expletive_test",82,1,"test","neg","pej","TO","C","IPN1","Italian","L2"
"214",477,46,"expletive_test",16,5,"test","neg","pej","AO","C","IPN5","Italian","L2"
"215",478,46,"expletive_test",61,2,"test","pos","pej","AO","C","IPP2","Italian","L2"
"216",479,46,"expletive_test",10,9,"test","neg","pej","NEU","C","IPN9","Italian","L2"
"217",481,126,"expletive_test",92,6,"test","pos","pej","NEU","C","IPP6","Italian","L2"
"218",482,126,"expletive_test",99,3,"test","pos","adj","NEU","C","IAP3","Italian","L2"
"219",483,126,"expletive_test",99,1,"test","neg","pej","TO","C","IPN1","Italian","L2"
"220",484,126,"expletive_test",99,2,"test","pos","adj","AO","C","IAP2","Italian","L2"
"221",486,126,"expletive_test",99,4,"test","pos","pej","TO","C","IPP4","Italian","L2"
"222",488,126,"expletive_test",99,1,"test","neg","adj","TO","C","IAN1","Italian","L2"
"223",489,126,"expletive_test",59,2,"test","neg","adj","AO","C","IAN2","Italian","L2"
"224",492,126,"expletive_test",99,3,"test","pos","pej","NEU","C","IPP3","Italian","L2"
"225",496,126,"expletive_test",99,8,"test","neg","pej","AO","C","IPN8","Italian","L2"
"226",497,126,"expletive_test",99,5,"test","neg","pej","AO","C","IPN5","Italian","L2"
"227",501,126,"expletive_test",99,5,"test","pos","adj","AO","C","IAP5","Italian","L2"
"228",502,126,"expletive_test",99,7,"test","pos","adj","TO","C","IAP7","Italian","L2"
"229",503,126,"expletive_test",99,9,"test","pos","pej","NEU","C","IPP9","Italian","L2"
"230",505,126,"expletive_test",99,8,"test","pos","pej","AO","C","IPP8","Italian","L2"
"231",506,126,"expletive_test",99,6,"test","pos","adj","NEU","C","IAP6","Italian","L2"
"232",510,126,"expletive_test",73,6,"test","neg","pej","NEU","C","IPN6","Italian","L2"
"233",512,126,"expletive_test",99,2,"test","pos","pej","AO","C","IPP2","Italian","L2"
"234",513,126,"expletive_test",71,2,"test","neg","pej","AO","C","IPN2","Italian","L2"
"235",514,126,"expletive_test",74,3,"test","neg","pej","NEU","C","IPN3","Italian","L2"
"236",515,126,"expletive_test",99,4,"test","neg","adj","TO","C","IAN4","Italian","L2"
"237",516,126,"expletive_test",29,5,"test","neg","adj","AO","C","IAN5","Italian","L2"
"238",519,126,"expletive_test",99,7,"test","pos","pej","TO","C","IPP7","Italian","L2"
"239",520,126,"expletive_test",31,6,"test","neg","adj","NEU","C","IAN6","Italian","L2"
"240",522,126,"expletive_test",73,8,"test","pos","adj","AO","C","IAP8","Italian","L2"
"241",525,126,"expletive_test",69,9,"test","neg","adj","NEU","C","IAN9","Italian","L2"
"242",526,126,"expletive_test",99,5,"test","pos","pej","AO","C","IPP5","Italian","L2"
"243",527,126,"expletive_test",99,1,"test","pos","adj","TO","C","IAP1","Italian","L2"
"244",529,126,"expletive_test",42,3,"test","neg","adj","NEU","C","IAN3","Italian","L2"
"245",530,126,"expletive_test",99,7,"test","neg","pej","TO","C","IPN7","Italian","L2"
"246",531,126,"expletive_test",88,7,"test","neg","adj","TO","C","IAN7","Italian","L2"
"247",533,126,"expletive_test",43,8,"test","neg","adj","AO","C","IAN8","Italian","L2"
"248",534,126,"expletive_test",99,1,"test","pos","pej","TO","C","IPP1","Italian","L2"
"249",535,126,"expletive_test",99,9,"test","pos","adj","NEU","C","IAP9","Italian","L2"
"250",537,126,"expletive_test",49,4,"test","pos","adj","TO","C","IAP4","Italian","L2"
"251",538,126,"expletive_test",40,9,"test","neg","pej","NEU","C","IPN9","Italian","L2"
"252",539,126,"expletive_test",99,4,"test","neg","pej","TO","C","IPN4","Italian","L2"
"253",541,190,"expletive_test",0,2,"test","neg","pej","AO","C","IPN2","Italian","L2"
"254",542,190,"expletive_test",25,5,"test","neg","adj","AO","C","IAN5","Italian","L2"
"255",543,190,"expletive_test",0,9,"test","neg","pej","NEU","C","IPN9","Italian","L2"
"256",544,190,"expletive_test",0,6,"test","neg","pej","NEU","C","IPN6","Italian","L2"
"257",545,190,"expletive_test",0,5,"test","pos","pej","AO","C","IPP5","Italian","L2"
"258",546,190,"expletive_test",72,4,"test","neg","adj","TO","C","IAN4","Italian","L2"
"259",548,190,"expletive_test",0,2,"test","pos","pej","AO","C","IPP2","Italian","L2"
"260",549,190,"expletive_test",0,4,"test","neg","pej","TO","C","IPN4","Italian","L2"
"261",550,190,"expletive_test",0,7,"test","neg","pej","TO","C","IPN7","Italian","L2"
"262",552,190,"expletive_test",78,2,"test","pos","adj","AO","C","IAP2","Italian","L2"
"263",553,190,"expletive_test",0,8,"test","pos","pej","AO","C","IPP8","Italian","L2"
"264",554,190,"expletive_test",29,7,"test","pos","adj","TO","C","IAP7","Italian","L2"
"265",555,190,"expletive_test",82,5,"test","pos","adj","AO","C","IAP5","Italian","L2"
"266",558,190,"expletive_test",0,5,"test","neg","pej","AO","C","IPN5","Italian","L2"
"267",559,190,"expletive_test",58,6,"test","neg","adj","NEU","C","IAN6","Italian","L2"
"268",561,190,"expletive_test",0,3,"test","neg","pej","NEU","C","IPN3","Italian","L2"
"269",562,190,"expletive_test",62,4,"test","pos","adj","TO","C","IAP4","Italian","L2"
"270",566,190,"expletive_test",0,2,"test","neg","adj","AO","C","IAN2","Italian","L2"
"271",567,190,"expletive_test",77,1,"test","pos","adj","TO","C","IAP1","Italian","L2"
"272",569,190,"expletive_test",0,3,"test","pos","pej","NEU","C","IPP3","Italian","L2"
"273",570,190,"expletive_test",41,7,"test","pos","pej","TO","C","IPP7","Italian","L2"
"274",572,190,"expletive_test",77,3,"test","pos","adj","NEU","C","IAP3","Italian","L2"
"275",574,190,"expletive_test",27,1,"test","pos","pej","TO","C","IPP1","Italian","L2"
"276",575,190,"expletive_test",0,8,"test","neg","pej","AO","C","IPN8","Italian","L2"
"277",576,190,"expletive_test",52,1,"test","neg","adj","TO","C","IAN1","Italian","L2"
"278",577,190,"expletive_test",40,9,"test","pos","adj","NEU","C","IAP9","Italian","L2"
"279",580,190,"expletive_test",65,6,"test","pos","adj","NEU","C","IAP6","Italian","L2"
"280",583,190,"expletive_test",29,8,"test","pos","adj","AO","C","IAP8","Italian","L2"
"281",585,190,"expletive_test",0,1,"test","neg","pej","TO","C","IPN1","Italian","L2"
"282",586,190,"expletive_test",66,6,"test","pos","pej","NEU","C","IPP6","Italian","L2"
"283",591,190,"expletive_test",61,4,"test","pos","pej","TO","C","IPP4","Italian","L2"
"284",593,190,"expletive_test",56,7,"test","neg","adj","TO","C","IAN7","Italian","L2"
"285",595,190,"expletive_test",54,3,"test","neg","adj","NEU","C","IAN3","Italian","L2"
"286",597,190,"expletive_test",61,9,"test","pos","pej","NEU","C","IPP9","Italian","L2"
"287",598,190,"expletive_test",42,9,"test","neg","adj","NEU","C","IAN9","Italian","L2"
"288",599,190,"expletive_test",43,8,"test","neg","adj","AO","C","IAN8","Italian","L2"
"289",604,38,"expletive_test",14,6,"test","pos","adj","AO","C","IAP6","Italian","L2"
"290",606,38,"expletive_test",87,6,"test","pos","pej","AO","C","IPP6","Italian","L2"
"291",608,38,"expletive_test",23,9,"test","neg","pej","AO","C","IPN9","Italian","L2"
"292",609,38,"expletive_test",0,2,"test","neg","pej","TO","C","IPN2","Italian","L2"
"293",610,38,"expletive_test",26,3,"test","pos","adj","AO","C","IAP3","Italian","L2"
"294",611,38,"expletive_test",86,5,"test","pos","pej","TO","C","IPP5","Italian","L2"
"295",613,38,"expletive_test",24,2,"test","pos","adj","TO","C","IAP2","Italian","L2"
"296",616,38,"expletive_test",38,4,"test","pos","adj","NEU","C","IAP4","Italian","L2"
"297",618,38,"expletive_test",36,1,"test","neg","adj","NEU","C","IAN1","Italian","L2"
"298",622,38,"expletive_test",56,7,"test","pos","adj","NEU","C","IAP7","Italian","L2"
"299",625,38,"expletive_test",42,4,"test","neg","adj","NEU","C","IAN4","Italian","L2"
"300",626,38,"expletive_test",92,9,"test","pos","pej","AO","C","IPP9","Italian","L2"
"301",627,38,"expletive_test",89,5,"test","pos","adj","TO","C","IAP5","Italian","L2"
"302",629,38,"expletive_test",94,1,"test","pos","pej","NEU","C","IPP1","Italian","L2"
"303",631,38,"expletive_test",91,7,"test","pos","pej","NEU","C","IPP7","Italian","L2"
"304",633,38,"expletive_test",61,6,"test","neg","adj","AO","C","IAN6","Italian","L2"
"305",634,38,"expletive_test",0,8,"test","neg","pej","TO","C","IPN8","Italian","L2"
"306",636,38,"expletive_test",92,3,"test","pos","pej","AO","C","IPP3","Italian","L2"
"307",637,38,"expletive_test",24,5,"test","neg","pej","TO","C","IPN5","Italian","L2"
"308",639,38,"expletive_test",57,8,"test","neg","adj","TO","C","IAN8","Italian","L2"
"309",640,38,"expletive_test",30,6,"test","neg","pej","AO","C","IPN6","Italian","L2"
"310",641,38,"expletive_test",88,4,"test","pos","pej","NEU","C","IPP4","Italian","L2"
"311",644,38,"expletive_test",42,7,"test","neg","adj","NEU","C","IAN7","Italian","L2"
"312",646,38,"expletive_test",26,3,"test","neg","pej","AO","C","IPN3","Italian","L2"
"313",647,38,"expletive_test",49,8,"test","pos","adj","TO","C","IAP8","Italian","L2"
"314",648,38,"expletive_test",59,9,"test","pos","adj","AO","C","IAP9","Italian","L2"
"315",649,38,"expletive_test",34,7,"test","neg","pej","NEU","C","IPN7","Italian","L2"
"316",650,38,"expletive_test",80,1,"test","pos","adj","NEU","C","IAP1","Italian","L2"
"317",651,38,"expletive_test",6,4,"test","neg","pej","NEU","C","IPN4","Italian","L2"
"318",652,38,"expletive_test",19,1,"test","neg","pej","NEU","C","IPN1","Italian","L2"
"319",653,38,"expletive_test",94,8,"test","pos","pej","TO","C","IPP8","Italian","L2"
"320",655,38,"expletive_test",69,5,"test","neg","adj","TO","C","IAN5","Italian","L2"
"321",656,38,"expletive_test",69,2,"test","neg","adj","TO","C","IAN2","Italian","L2"
"322",657,38,"expletive_test",57,9,"test","neg","adj","AO","C","IAN9","Italian","L2"
"323",658,38,"expletive_test",61,3,"test","neg","adj","AO","C","IAN3","Italian","L2"
"324",659,38,"expletive_test",99,2,"test","pos","pej","TO","C","IPP2","Italian","L2"
"325",661,33,"expletive_test",0,6,"test","neg","adj","NEU","B","IAN6","Italian","L2"
"326",662,33,"expletive_test",74,1,"test","neg","pej","TO","B","IPN1","Italian","L2"
"327",665,33,"expletive_test",82,4,"test","neg","adj","TO","B","IAN4","Italian","L2"
"328",668,33,"expletive_test",99,1,"test","pos","adj","TO","B","IAP1","Italian","L2"
"329",670,33,"expletive_test",99,9,"test","pos","adj","NEU","B","IAP9","Italian","L2"
"330",671,33,"expletive_test",75,3,"test","neg","adj","NEU","B","IAN3","Italian","L2"
"331",672,33,"expletive_test",83,2,"test","neg","pej","AO","B","IPN2","Italian","L2"
"332",673,33,"expletive_test",99,3,"test","pos","pej","NEU","B","IPP3","Italian","L2"
"333",676,33,"expletive_test",67,9,"test","neg","adj","NEU","B","IAN9","Italian","L2"
"334",679,33,"expletive_test",99,7,"test","pos","adj","TO","B","IAP7","Italian","L2"
"335",681,33,"expletive_test",99,7,"test","neg","adj","TO","B","IAN7","Italian","L2"
"336",682,33,"expletive_test",99,6,"test","pos","pej","NEU","B","IPP6","Italian","L2"
"337",683,33,"expletive_test",99,2,"test","pos","adj","AO","B","IAP2","Italian","L2"
"338",684,33,"expletive_test",61,8,"test","neg","pej","AO","B","IPN8","Italian","L2"
"339",685,33,"expletive_test",42,2,"test","neg","adj","AO","B","IAN2","Italian","L2"
"340",687,33,"expletive_test",99,5,"test","neg","pej","AO","B","IPN5","Italian","L2"
"341",688,33,"expletive_test",99,8,"test","neg","adj","AO","B","IAN8","Italian","L2"
"342",690,33,"expletive_test",99,7,"test","neg","pej","TO","B","IPN7","Italian","L2"
"343",691,33,"expletive_test",99,1,"test","neg","adj","TO","B","IAN1","Italian","L2"
"344",692,33,"expletive_test",99,7,"test","pos","pej","TO","B","IPP7","Italian","L2"
"345",693,33,"expletive_test",99,9,"test","pos","pej","NEU","B","IPP9","Italian","L2"
"346",695,33,"expletive_test",0,3,"test","neg","pej","NEU","B","IPN3","Italian","L2"
"347",696,33,"expletive_test",99,6,"test","pos","adj","NEU","B","IAP6","Italian","L2"
"348",698,33,"expletive_test",99,5,"test","pos","pej","AO","B","IPP5","Italian","L2"
"349",703,33,"expletive_test",0,6,"test","neg","pej","NEU","B","IPN6","Italian","L2"
"350",704,33,"expletive_test",99,5,"test","pos","adj","AO","B","IAP5","Italian","L2"
"351",706,33,"expletive_test",99,4,"test","neg","pej","TO","B","IPN4","Italian","L2"
"352",708,33,"expletive_test",99,8,"test","pos","pej","AO","B","IPP8","Italian","L2"
"353",709,33,"expletive_test",99,2,"test","pos","pej","AO","B","IPP2","Italian","L2"
"354",710,33,"expletive_test",99,9,"test","neg","pej","NEU","B","IPN9","Italian","L2"
"355",714,33,"expletive_test",99,4,"test","pos","adj","TO","B","IAP4","Italian","L2"
"356",716,33,"expletive_test",99,5,"test","neg","adj","AO","B","IAN5","Italian","L2"
"357",717,33,"expletive_test",99,8,"test","pos","adj","AO","B","IAP8","Italian","L2"
"358",718,33,"expletive_test",72,3,"test","pos","adj","NEU","B","IAP3","Italian","L2"
"359",719,33,"expletive_test",99,1,"test","pos","pej","TO","B","IPP1","Italian","L2"
"360",720,33,"expletive_test",99,4,"test","pos","pej","TO","B","IPP4","Italian","L2"
"361",962,181,"expletive_test",99,3,"test","pos","adj","NEU","B","IAP3","Italian","L2"
"362",965,181,"expletive_test",70,4,"test","neg","adj","TO","B","IAN4","Italian","L2"
"363",966,181,"expletive_test",60,3,"test","neg","adj","NEU","B","IAN3","Italian","L2"
"364",967,181,"expletive_test",69,6,"test","neg","adj","NEU","B","IAN6","Italian","L2"
"365",970,181,"expletive_test",84,1,"test","pos","pej","TO","B","IPP1","Italian","L2"
"366",972,181,"expletive_test",96,4,"test","pos","pej","TO","B","IPP4","Italian","L2"
"367",973,181,"expletive_test",88,6,"test","pos","pej","NEU","B","IPP6","Italian","L2"
"368",974,181,"expletive_test",75,2,"test","pos","pej","AO","B","IPP2","Italian","L2"
"369",977,181,"expletive_test",71,3,"test","pos","pej","NEU","B","IPP3","Italian","L2"
"370",978,181,"expletive_test",99,8,"test","pos","pej","AO","B","IPP8","Italian","L2"
"371",980,181,"expletive_test",99,7,"test","pos","adj","TO","B","IAP7","Italian","L2"
"372",985,181,"expletive_test",0,6,"test","neg","pej","NEU","B","IPN6","Italian","L2"
"373",986,181,"expletive_test",99,9,"test","pos","pej","NEU","B","IPP9","Italian","L2"
"374",989,181,"expletive_test",12,7,"test","neg","pej","TO","B","IPN7","Italian","L2"
"375",990,181,"expletive_test",4,9,"test","neg","adj","NEU","B","IAN9","Italian","L2"
"376",992,181,"expletive_test",99,5,"test","pos","pej","AO","B","IPP5","Italian","L2"
"377",994,181,"expletive_test",78,9,"test","pos","adj","NEU","B","IAP9","Italian","L2"
"378",995,181,"expletive_test",25,8,"test","neg","adj","AO","B","IAN8","Italian","L2"
"379",997,181,"expletive_test",3,1,"test","neg","pej","TO","B","IPN1","Italian","L2"
"380",998,181,"expletive_test",73,1,"test","neg","adj","TO","B","IAN1","Italian","L2"
"381",999,181,"expletive_test",31,4,"test","pos","adj","TO","B","IAP4","Italian","L2"
"382",1000,181,"expletive_test",21,8,"test","pos","adj","AO","B","IAP8","Italian","L2"
"383",1001,181,"expletive_test",69,4,"test","neg","pej","TO","B","IPN4","Italian","L2"
"384",1002,181,"expletive_test",99,8,"test","neg","pej","AO","B","IPN8","Italian","L2"
"385",1005,181,"expletive_test",0,2,"test","neg","adj","AO","B","IAN2","Italian","L2"
"386",1006,181,"expletive_test",26,5,"test","neg","adj","AO","B","IAN5","Italian","L2"
"387",1007,181,"expletive_test",99,6,"test","pos","adj","NEU","B","IAP6","Italian","L2"
"388",1009,181,"expletive_test",99,5,"test","pos","adj","AO","B","IAP5","Italian","L2"
"389",1010,181,"expletive_test",0,2,"test","neg","pej","AO","B","IPN2","Italian","L2"
"390",1011,181,"expletive_test",99,7,"test","pos","pej","TO","B","IPP7","Italian","L2"
"391",1013,181,"expletive_test",29,3,"test","neg","pej","NEU","B","IPN3","Italian","L2"
"392",1014,181,"expletive_test",0,9,"test","neg","pej","NEU","B","IPN9","Italian","L2"
"393",1015,181,"expletive_test",0,5,"test","neg","pej","AO","B","IPN5","Italian","L2"
"394",1016,181,"expletive_test",99,1,"test","pos","adj","TO","B","IAP1","Italian","L2"
"395",1018,181,"expletive_test",60,7,"test","neg","adj","TO","B","IAN7","Italian","L2"
"396",1020,181,"expletive_test",99,2,"test","pos","adj","AO","B","IAP2","Italian","L2"
"397",1141,96,"expletive_test",69,9,"test","neg","adj","AO","A","IAN9","Italian","L2"
"398",1143,96,"expletive_test",79,8,"test","pos","adj","TO","A","IAP8","Italian","L2"
"399",1144,96,"expletive_test",29,8,"test","neg","adj","TO","A","IAN8","Italian","L2"
"400",1147,96,"expletive_test",30,3,"test","neg","adj","AO","A","IAN3","Italian","L2"
"401",1148,96,"expletive_test",25,9,"test","neg","pej","AO","A","IPN9","Italian","L2"
"402",1149,96,"expletive_test",84,3,"test","pos","pej","AO","A","IPP3","Italian","L2"
"403",1150,96,"expletive_test",28,7,"test","neg","pej","NEU","A","IPN7","Italian","L2"
"404",1151,96,"expletive_test",37,2,"test","neg","adj","TO","A","IAN2","Italian","L2"
"405",1152,96,"expletive_test",35,7,"test","neg","adj","NEU","A","IAN7","Italian","L2"
"406",1154,96,"expletive_test",35,4,"test","pos","adj","NEU","A","IAP4","Italian","L2"
"407",1155,96,"expletive_test",28,3,"test","neg","pej","AO","A","IPN3","Italian","L2"
"408",1156,96,"expletive_test",40,4,"test","neg","pej","NEU","A","IPN4","Italian","L2"
"409",1157,96,"expletive_test",95,9,"test","pos","pej","AO","A","IPP9","Italian","L2"
"410",1158,96,"expletive_test",34,5,"test","neg","pej","TO","A","IPN5","Italian","L2"
"411",1160,96,"expletive_test",80,8,"test","pos","pej","TO","A","IPP8","Italian","L2"
"412",1162,96,"expletive_test",30,6,"test","neg","pej","AO","A","IPN6","Italian","L2"
"413",1164,96,"expletive_test",72,5,"test","pos","pej","TO","A","IPP5","Italian","L2"
"414",1168,96,"expletive_test",64,3,"test","pos","adj","AO","A","IAP3","Italian","L2"
"415",1170,96,"expletive_test",30,8,"test","neg","pej","TO","A","IPN8","Italian","L2"
"416",1171,96,"expletive_test",67,6,"test","pos","adj","AO","A","IAP6","Italian","L2"
"417",1173,96,"expletive_test",30,2,"test","neg","pej","TO","A","IPN2","Italian","L2"
"418",1174,96,"expletive_test",55,1,"test","neg","adj","NEU","A","IAN1","Italian","L2"
"419",1177,96,"expletive_test",80,2,"test","pos","adj","TO","A","IAP2","Italian","L2"
"420",1178,96,"expletive_test",40,5,"test","neg","adj","TO","A","IAN5","Italian","L2"
"421",1179,96,"expletive_test",88,1,"test","pos","adj","NEU","A","IAP1","Italian","L2"
"422",1180,96,"expletive_test",62,9,"test","pos","adj","AO","A","IAP9","Italian","L2"
"423",1182,96,"expletive_test",74,7,"test","pos","adj","NEU","A","IAP7","Italian","L2"
"424",1184,96,"expletive_test",84,4,"test","pos","pej","NEU","A","IPP4","Italian","L2"
"425",1185,96,"expletive_test",99,1,"test","pos","pej","NEU","A","IPP1","Italian","L2"
"426",1186,96,"expletive_test",34,1,"test","neg","pej","NEU","A","IPN1","Italian","L2"
"427",1190,96,"expletive_test",63,5,"test","pos","adj","TO","A","IAP5","Italian","L2"
"428",1192,96,"expletive_test",97,2,"test","pos","pej","TO","A","IPP2","Italian","L2"
"429",1193,96,"expletive_test",95,7,"test","pos","pej","NEU","A","IPP7","Italian","L2"
"430",1195,96,"expletive_test",35,4,"test","neg","adj","NEU","A","IAN4","Italian","L2"
"431",1199,96,"expletive_test",80,6,"test","pos","pej","AO","A","IPP6","Italian","L2"
"432",1200,96,"expletive_test",40,6,"test","neg","adj","AO","A","IAN6","Italian","L2"
"433",1323,84,"expletive_test",99,5,"test","pos","pej","AO","B","IPP5","Italian","L2"
"434",1324,84,"expletive_test",0,4,"test","neg","pej","TO","B","IPN4","Italian","L2"
"435",1327,84,"expletive_test",99,7,"test","pos","pej","TO","B","IPP7","Italian","L2"
"436",1329,84,"expletive_test",0,3,"test","neg","adj","NEU","B","IAN3","Italian","L2"
"437",1331,84,"expletive_test",99,3,"test","pos","adj","NEU","B","IAP3","Italian","L2"
"438",1334,84,"expletive_test",99,1,"test","pos","pej","TO","B","IPP1","Italian","L2"
"439",1335,84,"expletive_test",89,9,"test","pos","adj","NEU","B","IAP9","Italian","L2"
"440",1336,84,"expletive_test",0,1,"test","neg","pej","TO","B","IPN1","Italian","L2"
"441",1338,84,"expletive_test",14,6,"test","neg","pej","NEU","B","IPN6","Italian","L2"
"442",1339,84,"expletive_test",99,1,"test","pos","adj","TO","B","IAP1","Italian","L2"
"443",1340,84,"expletive_test",83,6,"test","pos","adj","NEU","B","IAP6","Italian","L2"
"444",1346,84,"expletive_test",10,1,"test","neg","adj","TO","B","IAN1","Italian","L2"
"445",1347,84,"expletive_test",9,7,"test","neg","adj","TO","B","IAN7","Italian","L2"
"446",1349,84,"expletive_test",88,7,"test","pos","adj","TO","B","IAP7","Italian","L2"
"447",1350,84,"expletive_test",0,9,"test","neg","pej","NEU","B","IPN9","Italian","L2"
"448",1352,84,"expletive_test",0,7,"test","neg","pej","TO","B","IPN7","Italian","L2"
"449",1353,84,"expletive_test",5,8,"test","neg","adj","AO","B","IAN8","Italian","L2"
"450",1354,84,"expletive_test",79,4,"test","pos","adj","TO","B","IAP4","Italian","L2"
"451",1355,84,"expletive_test",0,8,"test","neg","pej","AO","B","IPN8","Italian","L2"
"452",1357,84,"expletive_test",99,9,"test","pos","pej","NEU","B","IPP9","Italian","L2"
"453",1358,84,"expletive_test",71,8,"test","pos","adj","AO","B","IAP8","Italian","L2"
"454",1361,84,"expletive_test",4,2,"test","neg","adj","AO","B","IAN2","Italian","L2"
"455",1364,84,"expletive_test",99,2,"test","pos","pej","AO","B","IPP2","Italian","L2"
"456",1366,84,"expletive_test",99,6,"test","pos","pej","NEU","B","IPP6","Italian","L2"
"457",1368,84,"expletive_test",0,6,"test","neg","adj","NEU","B","IAN6","Italian","L2"
"458",1369,84,"expletive_test",85,3,"test","pos","pej","NEU","B","IPP3","Italian","L2"
"459",1370,84,"expletive_test",99,5,"test","pos","adj","AO","B","IAP5","Italian","L2"
"460",1371,84,"expletive_test",55,4,"test","pos","pej","TO","B","IPP4","Italian","L2"
"461",1372,84,"expletive_test",0,5,"test","neg","pej","AO","B","IPN5","Italian","L2"
"462",1373,84,"expletive_test",0,2,"test","neg","pej","AO","B","IPN2","Italian","L2"
"463",1374,84,"expletive_test",99,2,"test","pos","adj","AO","B","IAP2","Italian","L2"
"464",1375,84,"expletive_test",11,4,"test","neg","adj","TO","B","IAN4","Italian","L2"
"465",1376,84,"expletive_test",65,9,"test","neg","adj","NEU","B","IAN9","Italian","L2"
"466",1378,84,"expletive_test",44,5,"test","neg","adj","AO","B","IAN5","Italian","L2"
"467",1379,84,"expletive_test",0,3,"test","neg","pej","NEU","B","IPN3","Italian","L2"
"468",1380,84,"expletive_test",99,8,"test","pos","pej","AO","B","IPP8","Italian","L2"
"469",1441,1,"expletive_test",66,8,"test","pos","pej","TO","C","IPP8","Italian","L2"
"470",1442,1,"expletive_test",94,2,"test","pos","pej","TO","C","IPP2","Italian","L2"
"471",1443,1,"expletive_test",69,5,"test","pos","pej","TO","C","IPP5","Italian","L2"
"472",1444,1,"expletive_test",0,1,"test","neg","adj","NEU","C","IAN1","Italian","L2"
"473",1446,1,"expletive_test",84,1,"test","pos","pej","NEU","C","IPP1","Italian","L2"
"474",1447,1,"expletive_test",78,5,"test","pos","adj","TO","C","IAP5","Italian","L2"
"475",1448,1,"expletive_test",78,6,"test","pos","pej","AO","C","IPP6","Italian","L2"
"476",1451,1,"expletive_test",30,5,"test","neg","adj","TO","C","IAN5","Italian","L2"
"477",1454,1,"expletive_test",67,3,"test","pos","pej","AO","C","IPP3","Italian","L2"
"478",1461,1,"expletive_test",78,4,"test","neg","pej","NEU","C","IPN4","Italian","L2"
"479",1462,1,"expletive_test",72,9,"test","pos","pej","AO","C","IPP9","Italian","L2"
"480",1467,1,"expletive_test",63,4,"test","pos","pej","NEU","C","IPP4","Italian","L2"
"481",1468,1,"expletive_test",84,1,"test","neg","pej","NEU","C","IPN1","Italian","L2"
"482",1469,1,"expletive_test",88,4,"test","neg","adj","NEU","C","IAN4","Italian","L2"
"483",1470,1,"expletive_test",21,8,"test","neg","adj","TO","C","IAN8","Italian","L2"
"484",1472,1,"expletive_test",80,7,"test","pos","adj","NEU","C","IAP7","Italian","L2"
"485",1473,1,"expletive_test",72,9,"test","pos","adj","AO","C","IAP9","Italian","L2"
"486",1476,1,"expletive_test",78,2,"test","neg","pej","TO","C","IPN2","Italian","L2"
"487",1477,1,"expletive_test",80,9,"test","neg","pej","AO","C","IPN9","Italian","L2"
"488",1479,1,"expletive_test",71,7,"test","neg","pej","NEU","C","IPN7","Italian","L2"
"489",1480,1,"expletive_test",77,8,"test","pos","adj","TO","C","IAP8","Italian","L2"
"490",1481,1,"expletive_test",80,3,"test","neg","pej","AO","C","IPN3","Italian","L2"
"491",1482,1,"expletive_test",71,3,"test","pos","adj","AO","C","IAP3","Italian","L2"
"492",1486,1,"expletive_test",72,2,"test","neg","adj","TO","C","IAN2","Italian","L2"
"493",1487,1,"expletive_test",72,2,"test","pos","adj","TO","C","IAP2","Italian","L2"
"494",1488,1,"expletive_test",78,9,"test","neg","adj","AO","C","IAN9","Italian","L2"
"495",1489,1,"expletive_test",80,4,"test","pos","adj","NEU","C","IAP4","Italian","L2"
"496",1490,1,"expletive_test",75,6,"test","pos","adj","AO","C","IAP6","Italian","L2"
"497",1491,1,"expletive_test",72,1,"test","pos","adj","NEU","C","IAP1","Italian","L2"
"498",1492,1,"expletive_test",77,3,"test","neg","adj","AO","C","IAN3","Italian","L2"
"499",1494,1,"expletive_test",80,8,"test","neg","pej","TO","C","IPN8","Italian","L2"
"500",1495,1,"expletive_test",78,7,"test","neg","adj","NEU","C","IAN7","Italian","L2"
"501",1496,1,"expletive_test",78,7,"test","pos","pej","NEU","C","IPP7","Italian","L2"
"502",1497,1,"expletive_test",75,6,"test","neg","pej","AO","C","IPN6","Italian","L2"
"503",1498,1,"expletive_test",86,5,"test","neg","pej","TO","C","IPN5","Italian","L2"
"504",1499,1,"expletive_test",77,6,"test","neg","adj","AO","C","IAN6","Italian","L2"
"505",1502,171,"expletive_test",99,7,"test","pos","pej","NEU","B","IPP7","Italian","L2"
"506",1503,171,"expletive_test",0,6,"test","neg","adj","AO","B","IAN6","Italian","L2"
"507",1505,171,"expletive_test",14,6,"test","pos","adj","AO","B","IAP6","Italian","L2"
"508",1507,171,"expletive_test",23,3,"test","pos","pej","AO","B","IPP3","Italian","L2"
"509",1509,171,"expletive_test",33,4,"test","neg","adj","NEU","B","IAN4","Italian","L2"
"510",1510,171,"expletive_test",16,3,"test","pos","adj","AO","B","IAP3","Italian","L2"
"511",1513,171,"expletive_test",16,9,"test","pos","adj","AO","B","IAP9","Italian","L2"
"512",1517,171,"expletive_test",29,5,"test","neg","pej","TO","B","IPN5","Italian","L2"
"513",1518,171,"expletive_test",27,2,"test","neg","pej","TO","B","IPN2","Italian","L2"
"514",1520,171,"expletive_test",71,6,"test","pos","pej","AO","B","IPP6","Italian","L2"
"515",1521,171,"expletive_test",10,3,"test","neg","pej","AO","B","IPN3","Italian","L2"
"516",1522,171,"expletive_test",15,8,"test","pos","pej","TO","B","IPP8","Italian","L2"
"517",1524,171,"expletive_test",17,5,"test","pos","pej","TO","B","IPP5","Italian","L2"
"518",1525,171,"expletive_test",15,8,"test","neg","pej","TO","B","IPN8","Italian","L2"
"519",1526,171,"expletive_test",18,4,"test","pos","adj","NEU","B","IAP4","Italian","L2"
"520",1528,171,"expletive_test",6,1,"test","neg","pej","NEU","B","IPN1","Italian","L2"
"521",1530,171,"expletive_test",11,7,"test","neg","adj","NEU","B","IAN7","Italian","L2"
"522",1531,171,"expletive_test",11,3,"test","neg","adj","AO","B","IAN3","Italian","L2"
"523",1532,171,"expletive_test",62,4,"test","pos","pej","NEU","B","IPP4","Italian","L2"
"524",1533,171,"expletive_test",5,2,"test","pos","adj","TO","B","IAP2","Italian","L2"
"525",1534,171,"expletive_test",8,5,"test","neg","adj","TO","B","IAN5","Italian","L2"
"526",1536,171,"expletive_test",14,8,"test","neg","adj","TO","B","IAN8","Italian","L2"
"527",1537,171,"expletive_test",16,1,"test","pos","adj","NEU","B","IAP1","Italian","L2"
"528",1538,171,"expletive_test",18,2,"test","pos","pej","TO","B","IPP2","Italian","L2"
"529",1539,171,"expletive_test",16,6,"test","neg","pej","AO","B","IPN6","Italian","L2"
"530",1540,171,"expletive_test",16,9,"test","neg","pej","AO","B","IPN9","Italian","L2"
"531",1541,171,"expletive_test",65,8,"test","pos","adj","TO","B","IAP8","Italian","L2"
"532",1542,171,"expletive_test",20,9,"test","neg","adj","AO","B","IAN9","Italian","L2"
"533",1543,171,"expletive_test",19,2,"test","neg","adj","TO","B","IAN2","Italian","L2"
"534",1544,171,"expletive_test",16,9,"test","pos","pej","AO","B","IPP9","Italian","L2"
"535",1547,171,"expletive_test",16,5,"test","pos","adj","TO","B","IAP5","Italian","L2"
"536",1549,171,"expletive_test",22,4,"test","neg","pej","NEU","B","IPN4","Italian","L2"
"537",1551,171,"expletive_test",42,1,"test","pos","pej","NEU","B","IPP1","Italian","L2"
"538",1556,171,"expletive_test",16,1,"test","neg","adj","NEU","B","IAN1","Italian","L2"
"539",1559,171,"expletive_test",28,7,"test","neg","pej","NEU","B","IPN7","Italian","L2"
"540",1560,171,"expletive_test",16,7,"test","pos","adj","NEU","B","IAP7","Italian","L2"
"541",1621,100,"expletive_test",72,6,"test","pos","adj","TO","A","IAP6","Italian","L2"
"542",1622,100,"expletive_test",30,5,"test","neg","pej","NEU","A","IPN5","Italian","L2"
"543",1624,100,"expletive_test",33,2,"test","neg","adj","NEU","A","IAN2","Italian","L2"
"544",1626,100,"expletive_test",66,6,"test","neg","pej","TO","A","IPN6","Italian","L2"
"545",1627,100,"expletive_test",33,7,"test","pos","adj","AO","A","IAP7","Italian","L2"
"546",1629,100,"expletive_test",34,9,"test","pos","pej","TO","A","IPP9","Italian","L2"
"547",1631,100,"expletive_test",68,6,"test","neg","adj","TO","A","IAN6","Italian","L2"
"548",1633,100,"expletive_test",29,3,"test","neg","adj","TO","A","IAN3","Italian","L2"
"549",1635,100,"expletive_test",30,4,"test","neg","pej","AO","A","IPN4","Italian","L2"
"550",1636,100,"expletive_test",36,8,"test","neg","pej","NEU","A","IPN8","Italian","L2"
"551",1639,100,"expletive_test",59,2,"test","pos","pej","NEU","A","IPP2","Italian","L2"
"552",1640,100,"expletive_test",67,8,"test","pos","adj","NEU","A","IAP8","Italian","L2"
"553",1642,100,"expletive_test",33,1,"test","neg","adj","AO","A","IAN1","Italian","L2"
"554",1644,100,"expletive_test",41,5,"test","pos","pej","NEU","A","IPP5","Italian","L2"
"555",1645,100,"expletive_test",63,6,"test","pos","pej","TO","A","IPP6","Italian","L2"
"556",1646,100,"expletive_test",61,1,"test","pos","adj","AO","A","IAP1","Italian","L2"
"557",1647,100,"expletive_test",71,7,"test","neg","pej","AO","A","IPN7","Italian","L2"
"558",1648,100,"expletive_test",58,3,"test","neg","pej","TO","A","IPN3","Italian","L2"
"559",1649,100,"expletive_test",68,7,"test","neg","adj","AO","A","IAN7","Italian","L2"
"560",1651,100,"expletive_test",72,4,"test","pos","adj","AO","A","IAP4","Italian","L2"
"561",1652,100,"expletive_test",70,8,"test","pos","pej","NEU","A","IPP8","Italian","L2"
"562",1654,100,"expletive_test",58,4,"test","neg","adj","AO","A","IAN4","Italian","L2"
"563",1655,100,"expletive_test",63,5,"test","pos","adj","NEU","A","IAP5","Italian","L2"
"564",1656,100,"expletive_test",71,7,"test","pos","pej","AO","A","IPP7","Italian","L2"
"565",1657,100,"expletive_test",72,2,"test","pos","adj","NEU","A","IAP2","Italian","L2"
"566",1658,100,"expletive_test",68,1,"test","neg","pej","AO","A","IPN1","Italian","L2"
"567",1660,100,"expletive_test",24,1,"test","pos","pej","AO","A","IPP1","Italian","L2"
"568",1663,100,"expletive_test",65,2,"test","neg","pej","NEU","A","IPN2","Italian","L2"
"569",1666,100,"expletive_test",57,9,"test","pos","adj","TO","A","IAP9","Italian","L2"
"570",1670,100,"expletive_test",44,3,"test","pos","adj","TO","A","IAP3","Italian","L2"
"571",1672,100,"expletive_test",73,5,"test","neg","adj","NEU","A","IAN5","Italian","L2"
"572",1673,100,"expletive_test",74,3,"test","pos","pej","TO","A","IPP3","Italian","L2"
"573",1674,100,"expletive_test",69,8,"test","neg","adj","NEU","A","IAN8","Italian","L2"
"574",1677,100,"expletive_test",68,4,"test","pos","pej","AO","A","IPP4","Italian","L2"
"575",1678,100,"expletive_test",39,9,"test","neg","adj","TO","A","IAN9","Italian","L2"
"576",1679,100,"expletive_test",65,9,"test","neg","pej","TO","A","IPN9","Italian","L2"
"577",1744,18,"expletive_test",99,2,"test","pos","adj","NEU","B","IAP2","Italian","L2"
"578",1745,18,"expletive_test",0,5,"test","neg","pej","NEU","B","IPN5","Italian","L2"
"579",1746,18,"expletive_test",0,2,"test","neg","pej","NEU","B","IPN2","Italian","L2"
"580",1747,18,"expletive_test",0,8,"test","neg","adj","NEU","B","IAN8","Italian","L2"
"581",1752,18,"expletive_test",68,7,"test","neg","pej","AO","B","IPN7","Italian","L2"
"582",1753,18,"expletive_test",78,4,"test","neg","adj","AO","B","IAN4","Italian","L2"
"583",1754,18,"expletive_test",99,9,"test","pos","pej","TO","B","IPP9","Italian","L2"
"584",1756,18,"expletive_test",88,4,"test","pos","pej","AO","B","IPP4","Italian","L2"
"585",1757,18,"expletive_test",86,3,"test","pos","pej","TO","B","IPP3","Italian","L2"
"586",1758,18,"expletive_test",16,8,"test","pos","adj","NEU","B","IAP8","Italian","L2"
"587",1759,18,"expletive_test",91,1,"test","neg","pej","AO","B","IPN1","Italian","L2"
"588",1760,18,"expletive_test",30,1,"test","neg","adj","AO","B","IAN1","Italian","L2"
"589",1762,18,"expletive_test",99,7,"test","neg","adj","AO","B","IAN7","Italian","L2"
"590",1763,18,"expletive_test",82,4,"test","neg","pej","AO","B","IPN4","Italian","L2"
"591",1764,18,"expletive_test",0,8,"test","neg","pej","NEU","B","IPN8","Italian","L2"
"592",1767,18,"expletive_test",60,4,"test","pos","adj","AO","B","IAP4","Italian","L2"
"593",1768,18,"expletive_test",0,6,"test","neg","pej","TO","B","IPN6","Italian","L2"
"594",1769,18,"expletive_test",81,9,"test","pos","adj","TO","B","IAP9","Italian","L2"
"595",1773,18,"expletive_test",99,6,"test","pos","pej","TO","B","IPP6","Italian","L2"
"596",1776,18,"expletive_test",99,9,"test","neg","adj","TO","B","IAN9","Italian","L2"
"597",1777,18,"expletive_test",66,7,"test","pos","pej","AO","B","IPP7","Italian","L2"
"598",1779,18,"expletive_test",99,3,"test","neg","adj","TO","B","IAN3","Italian","L2"
"599",1780,18,"expletive_test",99,9,"test","neg","pej","TO","B","IPN9","Italian","L2"
"600",1782,18,"expletive_test",0,2,"test","pos","pej","NEU","B","IPP2","Italian","L2"
"601",1783,18,"expletive_test",78,3,"test","pos","adj","TO","B","IAP3","Italian","L2"
"602",1785,18,"expletive_test",71,1,"test","pos","pej","AO","B","IPP1","Italian","L2"
"603",1787,18,"expletive_test",96,6,"test","neg","adj","TO","B","IAN6","Italian","L2"
"604",1791,18,"expletive_test",87,7,"test","pos","adj","AO","B","IAP7","Italian","L2"
"605",1793,18,"expletive_test",18,8,"test","pos","pej","NEU","B","IPP8","Italian","L2"
"606",1794,18,"expletive_test",0,5,"test","neg","adj","NEU","B","IAN5","Italian","L2"
"607",1795,18,"expletive_test",0,2,"test","neg","adj","NEU","B","IAN2","Italian","L2"
"608",1796,18,"expletive_test",36,5,"test","pos","pej","NEU","B","IPP5","Italian","L2"
"609",1797,18,"expletive_test",99,3,"test","neg","pej","TO","B","IPN3","Italian","L2"
"610",1798,18,"expletive_test",96,1,"test","pos","adj","AO","B","IAP1","Italian","L2"
"611",1799,18,"expletive_test",99,6,"test","pos","adj","TO","B","IAP6","Italian","L2"
"612",1800,18,"expletive_test",64,5,"test","pos","adj","NEU","B","IAP5","Italian","L2"
"613",1803,183,"expletive_test",51,8,"test","pos","pej","AO","C","IPP8","Italian","L2"
"614",1804,183,"expletive_test",0,7,"test","pos","adj","TO","C","IAP7","Italian","L2"
"615",1805,183,"expletive_test",39,1,"test","pos","adj","TO","C","IAP1","Italian","L2"
"616",1806,183,"expletive_test",0,3,"test","neg","adj","NEU","C","IAN3","Italian","L2"
"617",1807,183,"expletive_test",0,3,"test","neg","pej","NEU","C","IPN3","Italian","L2"
"618",1810,183,"expletive_test",0,5,"test","pos","adj","AO","C","IAP5","Italian","L2"
"619",1811,183,"expletive_test",0,2,"test","neg","adj","AO","C","IAN2","Italian","L2"
"620",1814,183,"expletive_test",0,5,"test","neg","adj","AO","C","IAN5","Italian","L2"
"621",1815,183,"expletive_test",0,6,"test","neg","pej","NEU","C","IPN6","Italian","L2"
"622",1816,183,"expletive_test",0,5,"test","neg","pej","AO","C","IPN5","Italian","L2"
"623",1817,183,"expletive_test",0,9,"test","neg","adj","NEU","C","IAN9","Italian","L2"
"624",1819,183,"expletive_test",0,4,"test","neg","pej","TO","C","IPN4","Italian","L2"
"625",1821,183,"expletive_test",0,3,"test","pos","pej","NEU","C","IPP3","Italian","L2"
"626",1822,183,"expletive_test",0,4,"test","pos","adj","TO","C","IAP4","Italian","L2"
"627",1823,183,"expletive_test",0,8,"test","neg","adj","AO","C","IAN8","Italian","L2"
"628",1824,183,"expletive_test",0,4,"test","pos","pej","TO","C","IPP4","Italian","L2"
"629",1825,183,"expletive_test",0,1,"test","neg","pej","TO","C","IPN1","Italian","L2"
"630",1828,183,"expletive_test",0,9,"test","neg","pej","NEU","C","IPN9","Italian","L2"
"631",1830,183,"expletive_test",0,9,"test","pos","pej","NEU","C","IPP9","Italian","L2"
"632",1833,183,"expletive_test",0,2,"test","pos","adj","AO","C","IAP2","Italian","L2"
"633",1834,183,"expletive_test",0,4,"test","neg","adj","TO","C","IAN4","Italian","L2"
"634",1835,183,"expletive_test",0,8,"test","neg","pej","AO","C","IPN8","Italian","L2"
"635",1837,183,"expletive_test",0,6,"test","pos","pej","NEU","C","IPP6","Italian","L2"
"636",1838,183,"expletive_test",0,5,"test","pos","pej","AO","C","IPP5","Italian","L2"
"637",1839,183,"expletive_test",0,7,"test","neg","adj","TO","C","IAN7","Italian","L2"
"638",1841,183,"expletive_test",0,1,"test","pos","pej","TO","C","IPP1","Italian","L2"
"639",1842,183,"expletive_test",0,7,"test","neg","pej","TO","C","IPN7","Italian","L2"
"640",1844,183,"expletive_test",0,6,"test","neg","adj","NEU","C","IAN6","Italian","L2"
"641",1846,183,"expletive_test",0,2,"test","pos","pej","AO","C","IPP2","Italian","L2"
"642",1847,183,"expletive_test",0,8,"test","pos","adj","AO","C","IAP8","Italian","L2"
"643",1851,183,"expletive_test",0,2,"test","neg","pej","AO","C","IPN2","Italian","L2"
"644",1854,183,"expletive_test",0,7,"test","pos","pej","TO","C","IPP7","Italian","L2"
"645",1855,183,"expletive_test",0,9,"test","pos","adj","NEU","C","IAP9","Italian","L2"
"646",1856,183,"expletive_test",0,1,"test","neg","adj","TO","C","IAN1","Italian","L2"
"647",1857,183,"expletive_test",6,3,"test","pos","adj","NEU","C","IAP3","Italian","L2"
"648",1859,183,"expletive_test",1,6,"test","pos","adj","NEU","C","IAP6","Italian","L2"
"649",1861,5,"expletive_test",99,9,"test","pos","adj","AO","A","IAP9","Italian","L2"
"650",1862,5,"expletive_test",99,1,"test","pos","adj","NEU","A","IAP1","Italian","L2"
"651",1866,5,"expletive_test",81,2,"test","neg","pej","TO","A","IPN2","Italian","L2"
"652",1867,5,"expletive_test",99,4,"test","pos","adj","NEU","A","IAP4","Italian","L2"
"653",1870,5,"expletive_test",99,6,"test","pos","adj","AO","A","IAP6","Italian","L2"
"654",1872,5,"expletive_test",19,7,"test","neg","pej","NEU","A","IPN7","Italian","L2"
"655",1873,5,"expletive_test",79,9,"test","pos","pej","AO","A","IPP9","Italian","L2"
"656",1875,5,"expletive_test",80,3,"test","pos","pej","AO","A","IPP3","Italian","L2"
"657",1876,5,"expletive_test",80,3,"test","neg","pej","AO","A","IPN3","Italian","L2"
"658",1877,5,"expletive_test",80,9,"test","neg","pej","AO","A","IPN9","Italian","L2"
"659",1878,5,"expletive_test",35,1,"test","neg","pej","NEU","A","IPN1","Italian","L2"
"660",1880,5,"expletive_test",61,2,"test","neg","adj","TO","A","IAN2","Italian","L2"
"661",1882,5,"expletive_test",81,6,"test","neg","adj","AO","A","IAN6","Italian","L2"
"662",1886,5,"expletive_test",79,6,"test","pos","pej","AO","A","IPP6","Italian","L2"
"663",1891,5,"expletive_test",61,4,"test","neg","adj","NEU","A","IAN4","Italian","L2"
"664",1892,5,"expletive_test",64,4,"test","neg","pej","NEU","A","IPN4","Italian","L2"
"665",1895,5,"expletive_test",93,6,"test","neg","pej","AO","A","IPN6","Italian","L2"
"666",1897,5,"expletive_test",77,3,"test","pos","adj","AO","A","IAP3","Italian","L2"
"667",1898,5,"expletive_test",84,8,"test","neg","adj","TO","A","IAN8","Italian","L2"
"668",1899,5,"expletive_test",67,4,"test","pos","pej","NEU","A","IPP4","Italian","L2"
"669",1900,5,"expletive_test",65,7,"test","pos","pej","NEU","A","IPP7","Italian","L2"
"670",1902,5,"expletive_test",99,8,"test","neg","pej","TO","A","IPN8","Italian","L2"
"671",1904,5,"expletive_test",95,9,"test","neg","adj","AO","A","IAN9","Italian","L2"
"672",1905,5,"expletive_test",98,8,"test","pos","pej","TO","A","IPP8","Italian","L2"
"673",1907,5,"expletive_test",99,5,"test","neg","pej","TO","A","IPN5","Italian","L2"
"674",1909,5,"expletive_test",83,2,"test","pos","adj","TO","A","IAP2","Italian","L2"
"675",1910,5,"expletive_test",59,8,"test","pos","adj","TO","A","IAP8","Italian","L2"
"676",1911,5,"expletive_test",66,1,"test","pos","pej","NEU","A","IPP1","Italian","L2"
"677",1913,5,"expletive_test",78,7,"test","pos","adj","NEU","A","IAP7","Italian","L2"
"678",1914,5,"expletive_test",35,5,"test","neg","adj","TO","A","IAN5","Italian","L2"
"679",1915,5,"expletive_test",92,3,"test","neg","adj","AO","A","IAN3","Italian","L2"
"680",1916,5,"expletive_test",99,5,"test","pos","pej","TO","A","IPP5","Italian","L2"
"681",1917,5,"expletive_test",99,2,"test","pos","pej","TO","A","IPP2","Italian","L2"
"682",1918,5,"expletive_test",96,5,"test","pos","adj","TO","A","IAP5","Italian","L2"
"683",1919,5,"expletive_test",26,1,"test","neg","adj","NEU","A","IAN1","Italian","L2"
"684",1920,5,"expletive_test",32,7,"test","neg","adj","NEU","A","IAN7","Italian","L2"
"685",1921,103,"expletive_test",92,8,"test","pos","pej","TO","B","IPP8","Italian","L2"
"686",1922,103,"expletive_test",59,8,"test","pos","adj","TO","B","IAP8","Italian","L2"
"687",1923,103,"expletive_test",74,1,"test","pos","adj","NEU","B","IAP1","Italian","L2"
"688",1924,103,"expletive_test",12,1,"test","neg","adj","NEU","B","IAN1","Italian","L2"
"689",1925,103,"expletive_test",63,7,"test","pos","pej","NEU","B","IPP7","Italian","L2"
"690",1926,103,"expletive_test",0,3,"test","neg","pej","AO","B","IPN3","Italian","L2"
"691",1929,103,"expletive_test",86,5,"test","neg","pej","TO","B","IPN5","Italian","L2"
"692",1931,103,"expletive_test",66,6,"test","pos","adj","AO","B","IAP6","Italian","L2"
"693",1932,103,"expletive_test",66,9,"test","pos","pej","AO","B","IPP9","Italian","L2"
"694",1933,103,"expletive_test",6,4,"test","neg","pej","NEU","B","IPN4","Italian","L2"
"695",1935,103,"expletive_test",11,6,"test","neg","adj","AO","B","IAN6","Italian","L2"
"696",1936,103,"expletive_test",2,1,"test","neg","pej","NEU","B","IPN1","Italian","L2"
"697",1939,103,"expletive_test",67,4,"test","pos","pej","NEU","B","IPP4","Italian","L2"
"698",1943,103,"expletive_test",42,2,"test","neg","adj","TO","B","IAN2","Italian","L2"
"699",1945,103,"expletive_test",99,6,"test","pos","pej","AO","B","IPP6","Italian","L2"
"700",1946,103,"expletive_test",42,2,"test","neg","pej","TO","B","IPN2","Italian","L2"
"701",1947,103,"expletive_test",70,7,"test","pos","adj","NEU","B","IAP7","Italian","L2"
"702",1949,103,"expletive_test",77,5,"test","pos","pej","TO","B","IPP5","Italian","L2"
"703",1950,103,"expletive_test",56,5,"test","neg","adj","TO","B","IAN5","Italian","L2"
"704",1951,103,"expletive_test",99,2,"test","pos","adj","TO","B","IAP2","Italian","L2"
"705",1952,103,"expletive_test",76,9,"test","pos","adj","AO","B","IAP9","Italian","L2"
"706",1957,103,"expletive_test",79,3,"test","pos","adj","AO","B","IAP3","Italian","L2"
"707",1958,103,"expletive_test",78,2,"test","pos","pej","TO","B","IPP2","Italian","L2"
"708",1959,103,"expletive_test",34,7,"test","neg","adj","NEU","B","IAN7","Italian","L2"
"709",1960,103,"expletive_test",34,9,"test","neg","adj","AO","B","IAN9","Italian","L2"
"710",1961,103,"expletive_test",37,4,"test","pos","adj","NEU","B","IAP4","Italian","L2"
"711",1962,103,"expletive_test",14,9,"test","neg","pej","AO","B","IPN9","Italian","L2"
"712",1963,103,"expletive_test",29,7,"test","neg","pej","NEU","B","IPN7","Italian","L2"
"713",1965,103,"expletive_test",18,8,"test","neg","pej","TO","B","IPN8","Italian","L2"
"714",1966,103,"expletive_test",34,4,"test","neg","adj","NEU","B","IAN4","Italian","L2"
"715",1967,103,"expletive_test",61,8,"test","neg","adj","TO","B","IAN8","Italian","L2"
"716",1968,103,"expletive_test",97,5,"test","pos","adj","TO","B","IAP5","Italian","L2"
"717",1970,103,"expletive_test",90,1,"test","pos","pej","NEU","B","IPP1","Italian","L2"
"718",1971,103,"expletive_test",2,6,"test","neg","pej","AO","B","IPN6","Italian","L2"
"719",1974,103,"expletive_test",98,3,"test","neg","adj","AO","B","IAN3","Italian","L2"
"720",1980,103,"expletive_test",86,3,"test","pos","pej","AO","B","IPP3","Italian","L2"
"721",2041,209,"expletive_test",0,9,"test","neg","adj","NEU","A","IAN9","Italian","L2"
"722",2042,209,"expletive_test",55,6,"test","pos","adj","NEU","A","IAP6","Italian","L2"
"723",2043,209,"expletive_test",99,4,"test","pos","adj","TO","A","IAP4","Italian","L2"
"724",2044,209,"expletive_test",21,9,"test","pos","adj","NEU","A","IAP9","Italian","L2"
"725",2045,209,"expletive_test",89,1,"test","neg","pej","TO","A","IPN1","Italian","L2"
"726",2046,209,"expletive_test",95,7,"test","pos","pej","TO","A","IPP7","Italian","L2"
"727",2047,209,"expletive_test",55,9,"test","pos","pej","NEU","A","IPP9","Italian","L2"
"728",2049,209,"expletive_test",75,7,"test","pos","adj","TO","A","IAP7","Italian","L2"
"729",2050,209,"expletive_test",56,5,"test","pos","adj","AO","A","IAP5","Italian","L2"
"730",2052,209,"expletive_test",89,4,"test","neg","adj","TO","A","IAN4","Italian","L2"
"731",2053,209,"expletive_test",12,5,"test","neg","pej","AO","A","IPN5","Italian","L2"
"732",2054,209,"expletive_test",99,1,"test","pos","pej","TO","A","IPP1","Italian","L2"
"733",2058,209,"expletive_test",0,3,"test","pos","adj","NEU","A","IAP3","Italian","L2"
"734",2059,209,"expletive_test",4,8,"test","neg","adj","AO","A","IAN8","Italian","L2"
"735",2060,209,"expletive_test",16,8,"test","pos","pej","AO","A","IPP8","Italian","L2"
"736",2061,209,"expletive_test",42,3,"test","pos","pej","NEU","A","IPP3","Italian","L2"
"737",2062,209,"expletive_test",47,9,"test","neg","pej","NEU","A","IPN9","Italian","L2"
"738",2063,209,"expletive_test",7,2,"test","neg","pej","AO","A","IPN2","Italian","L2"
"739",2066,209,"expletive_test",7,6,"test","neg","pej","NEU","A","IPN6","Italian","L2"
"740",2068,209,"expletive_test",16,5,"test","neg","adj","AO","A","IAN5","Italian","L2"
"741",2070,209,"expletive_test",25,8,"test","pos","adj","AO","A","IAP8","Italian","L2"
"742",2071,209,"expletive_test",32,7,"test","neg","adj","TO","A","IAN7","Italian","L2"
"743",2072,209,"expletive_test",33,2,"test","pos","adj","AO","A","IAP2","Italian","L2"
"744",2074,209,"expletive_test",99,4,"test","pos","pej","TO","A","IPP4","Italian","L2"
"745",2075,209,"expletive_test",99,7,"test","neg","pej","TO","A","IPN7","Italian","L2"
"746",2079,209,"expletive_test",99,4,"test","neg","pej","TO","A","IPN4","Italian","L2"
"747",2081,209,"expletive_test",9,3,"test","neg","adj","NEU","A","IAN3","Italian","L2"
"748",2082,209,"expletive_test",38,2,"test","pos","pej","AO","A","IPP2","Italian","L2"
"749",2085,209,"expletive_test",6,8,"test","neg","pej","AO","A","IPN8","Italian","L2"
"750",2089,209,"expletive_test",39,5,"test","pos","pej","AO","A","IPP5","Italian","L2"
"751",2093,209,"expletive_test",44,3,"test","neg","pej","NEU","A","IPN3","Italian","L2"
"752",2095,209,"expletive_test",64,6,"test","pos","pej","NEU","A","IPP6","Italian","L2"
"753",2096,209,"expletive_test",88,1,"test","pos","adj","TO","A","IAP1","Italian","L2"
"754",2098,209,"expletive_test",88,1,"test","neg","adj","TO","A","IAN1","Italian","L2"
"755",2099,209,"expletive_test",10,6,"test","neg","adj","NEU","A","IAN6","Italian","L2"
"756",2100,209,"expletive_test",14,2,"test","neg","adj","AO","A","IAN2","Italian","L2"
"757",2222,6,"expletive_test",78,6,"test","neg","pej","AO","B","IPN6","Italian","L2"
"758",2223,6,"expletive_test",79,9,"test","pos","pej","AO","B","IPP9","Italian","L2"
"759",2225,6,"expletive_test",68,1,"test","neg","adj","NEU","B","IAN1","Italian","L2"
"760",2226,6,"expletive_test",77,4,"test","neg","adj","NEU","B","IAN4","Italian","L2"
"761",2227,6,"expletive_test",97,9,"test","neg","adj","AO","B","IAN9","Italian","L2"
"762",2229,6,"expletive_test",79,7,"test","pos","adj","NEU","B","IAP7","Italian","L2"
"763",2230,6,"expletive_test",77,1,"test","pos","adj","NEU","B","IAP1","Italian","L2"
"764",2231,6,"expletive_test",46,2,"test","pos","adj","TO","B","IAP2","Italian","L2"
"765",2233,6,"expletive_test",60,1,"test","pos","pej","NEU","B","IPP1","Italian","L2"
"766",2234,6,"expletive_test",78,8,"test","pos","adj","TO","B","IAP8","Italian","L2"
"767",2236,6,"expletive_test",33,2,"test","neg","pej","TO","B","IPN2","Italian","L2"
"768",2237,6,"expletive_test",69,4,"test","neg","pej","NEU","B","IPN4","Italian","L2"
"769",2238,6,"expletive_test",76,8,"test","pos","pej","TO","B","IPP8","Italian","L2"
"770",2243,6,"expletive_test",87,6,"test","pos","adj","AO","B","IAP6","Italian","L2"
"771",2244,6,"expletive_test",77,1,"test","neg","pej","NEU","B","IPN1","Italian","L2"
"772",2249,6,"expletive_test",93,2,"test","neg","adj","TO","B","IAN2","Italian","L2"
"773",2250,6,"expletive_test",67,7,"test","pos","pej","NEU","B","IPP7","Italian","L2"
"774",2252,6,"expletive_test",36,7,"test","neg","adj","NEU","B","IAN7","Italian","L2"
"775",2253,6,"expletive_test",73,5,"test","pos","adj","TO","B","IAP5","Italian","L2"
"776",2254,6,"expletive_test",71,3,"test","pos","pej","AO","B","IPP3","Italian","L2"
"777",2255,6,"expletive_test",71,3,"test","pos","adj","AO","B","IAP3","Italian","L2"
"778",2257,6,"expletive_test",77,9,"test","neg","pej","AO","B","IPN9","Italian","L2"
"779",2258,6,"expletive_test",35,5,"test","pos","pej","TO","B","IPP5","Italian","L2"
"780",2260,6,"expletive_test",67,3,"test","neg","adj","AO","B","IAN3","Italian","L2"
"781",2261,6,"expletive_test",82,8,"test","neg","pej","TO","B","IPN8","Italian","L2"
"782",2262,6,"expletive_test",79,4,"test","pos","pej","NEU","B","IPP4","Italian","L2"
"783",2264,6,"expletive_test",60,5,"test","neg","adj","TO","B","IAN5","Italian","L2"
"784",2265,6,"expletive_test",92,3,"test","neg","pej","AO","B","IPN3","Italian","L2"
"785",2269,6,"expletive_test",79,6,"test","neg","adj","AO","B","IAN6","Italian","L2"
"786",2270,6,"expletive_test",74,9,"test","pos","adj","AO","B","IAP9","Italian","L2"
"787",2271,6,"expletive_test",87,4,"test","pos","adj","NEU","B","IAP4","Italian","L2"
"788",2272,6,"expletive_test",62,5,"test","neg","pej","TO","B","IPN5","Italian","L2"
"789",2276,6,"expletive_test",81,8,"test","neg","adj","TO","B","IAN8","Italian","L2"
"790",2277,6,"expletive_test",64,7,"test","neg","pej","NEU","B","IPN7","Italian","L2"
"791",2278,6,"expletive_test",85,2,"test","pos","pej","TO","B","IPP2","Italian","L2"
"792",2279,6,"expletive_test",73,6,"test","pos","pej","AO","B","IPP6","Italian","L2"
"793",2521,156,"expletive_test",99,1,"test","pos","pej","NEU","A","IPP1","Italian","L2"
"794",2522,156,"expletive_test",99,8,"test","pos","adj","TO","A","IAP8","Italian","L2"
"795",2524,156,"expletive_test",99,5,"test","pos","adj","TO","A","IAP5","Italian","L2"
"796",2525,156,"expletive_test",99,1,"test","pos","adj","NEU","A","IAP1","Italian","L2"
"797",2526,156,"expletive_test",0,2,"test","neg","pej","TO","A","IPN2","Italian","L2"
"798",2535,156,"expletive_test",0,2,"test","neg","adj","TO","A","IAN2","Italian","L2"
"799",2537,156,"expletive_test",0,4,"test","neg","adj","NEU","A","IAN4","Italian","L2"
"800",2539,156,"expletive_test",99,9,"test","pos","adj","AO","A","IAP9","Italian","L2"
"801",2540,156,"expletive_test",99,8,"test","pos","pej","TO","A","IPP8","Italian","L2"
"802",2543,156,"expletive_test",0,8,"test","neg","pej","TO","A","IPN8","Italian","L2"
"803",2545,156,"expletive_test",99,3,"test","pos","pej","AO","A","IPP3","Italian","L2"
"804",2546,156,"expletive_test",0,5,"test","neg","pej","TO","A","IPN5","Italian","L2"
"805",2547,156,"expletive_test",99,1,"test","neg","adj","NEU","A","IAN1","Italian","L2"
"806",2550,156,"expletive_test",99,6,"test","pos","pej","AO","A","IPP6","Italian","L2"
"807",2552,156,"expletive_test",0,9,"test","neg","pej","AO","A","IPN9","Italian","L2"
"808",2554,156,"expletive_test",0,7,"test","pos","pej","NEU","A","IPP7","Italian","L2"
"809",2555,156,"expletive_test",0,3,"test","neg","pej","AO","A","IPN3","Italian","L2"
"810",2556,156,"expletive_test",0,3,"test","pos","adj","AO","A","IAP3","Italian","L2"
"811",2559,156,"expletive_test",0,2,"test","pos","pej","TO","A","IPP2","Italian","L2"
"812",2561,156,"expletive_test",0,1,"test","neg","pej","NEU","A","IPN1","Italian","L2"
"813",2562,156,"expletive_test",0,8,"test","neg","adj","TO","A","IAN8","Italian","L2"
"814",2563,156,"expletive_test",0,3,"test","neg","adj","AO","A","IAN3","Italian","L2"
"815",2564,156,"expletive_test",0,7,"test","neg","pej","NEU","A","IPN7","Italian","L2"
"816",2565,156,"expletive_test",0,6,"test","neg","adj","AO","A","IAN6","Italian","L2"
"817",2566,156,"expletive_test",99,2,"test","pos","adj","TO","A","IAP2","Italian","L2"
"818",2567,156,"expletive_test",99,7,"test","pos","adj","NEU","A","IAP7","Italian","L2"
"819",2569,156,"expletive_test",0,4,"test","neg","pej","NEU","A","IPN4","Italian","L2"
"820",2572,156,"expletive_test",0,7,"test","neg","adj","NEU","A","IAN7","Italian","L2"
"821",2573,156,"expletive_test",99,9,"test","neg","adj","AO","A","IAN9","Italian","L2"
"822",2574,156,"expletive_test",0,6,"test","neg","pej","AO","A","IPN6","Italian","L2"
"823",2575,156,"expletive_test",99,4,"test","pos","pej","NEU","A","IPP4","Italian","L2"
"824",2576,156,"expletive_test",99,9,"test","pos","pej","AO","A","IPP9","Italian","L2"
"825",2577,156,"expletive_test",99,6,"test","pos","adj","AO","A","IAP6","Italian","L2"
"826",2578,156,"expletive_test",99,5,"test","pos","pej","TO","A","IPP5","Italian","L2"
"827",2579,156,"expletive_test",0,4,"test","pos","adj","NEU","A","IAP4","Italian","L2"
"828",2580,156,"expletive_test",0,5,"test","neg","adj","TO","A","IAN5","Italian","L2"
"829",2581,110,"expletive_test",99,5,"test","neg","pej","AO","C","IPN5","Italian","L2"
"830",2583,110,"expletive_test",99,2,"test","pos","adj","AO","C","IAP2","Italian","L2"
"831",2584,110,"expletive_test",62,1,"test","pos","pej","TO","C","IPP1","Italian","L2"
"832",2586,110,"expletive_test",99,8,"test","neg","adj","AO","C","IAN8","Italian","L2"
"833",2587,110,"expletive_test",99,9,"test","neg","adj","NEU","C","IAN9","Italian","L2"
"834",2590,110,"expletive_test",99,2,"test","neg","pej","AO","C","IPN2","Italian","L2"
"835",2591,110,"expletive_test",99,5,"test","pos","adj","AO","C","IAP5","Italian","L2"
"836",2594,110,"expletive_test",99,6,"test","neg","adj","NEU","C","IAN6","Italian","L2"
"837",2595,110,"expletive_test",99,6,"test","pos","pej","NEU","C","IPP6","Italian","L2"
"838",2596,110,"expletive_test",99,5,"test","pos","pej","AO","C","IPP5","Italian","L2"
"839",2597,110,"expletive_test",99,4,"test","pos","adj","TO","C","IAP4","Italian","L2"
"840",2599,110,"expletive_test",99,2,"test","neg","adj","AO","C","IAN2","Italian","L2"
"841",2602,110,"expletive_test",99,8,"test","pos","adj","AO","C","IAP8","Italian","L2"
"842",2603,110,"expletive_test",99,7,"test","neg","adj","TO","C","IAN7","Italian","L2"
"843",2606,110,"expletive_test",99,7,"test","neg","pej","TO","C","IPN7","Italian","L2"
"844",2608,110,"expletive_test",99,8,"test","pos","pej","AO","C","IPP8","Italian","L2"
"845",2609,110,"expletive_test",99,1,"test","pos","adj","TO","C","IAP1","Italian","L2"
"846",2610,110,"expletive_test",99,4,"test","neg","adj","TO","C","IAN4","Italian","L2"
"847",2611,110,"expletive_test",99,4,"test","neg","pej","TO","C","IPN4","Italian","L2"
"848",2613,110,"expletive_test",99,3,"test","pos","pej","NEU","C","IPP3","Italian","L2"
"849",2617,110,"expletive_test",99,3,"test","neg","adj","NEU","C","IAN3","Italian","L2"
"850",2618,110,"expletive_test",99,9,"test","pos","pej","NEU","C","IPP9","Italian","L2"
"851",2621,110,"expletive_test",0,7,"test","pos","pej","TO","C","IPP7","Italian","L2"
"852",2623,110,"expletive_test",99,2,"test","pos","pej","AO","C","IPP2","Italian","L2"
"853",2624,110,"expletive_test",99,9,"test","pos","adj","NEU","C","IAP9","Italian","L2"
"854",2625,110,"expletive_test",0,3,"test","pos","adj","NEU","C","IAP3","Italian","L2"
"855",2629,110,"expletive_test",99,4,"test","pos","pej","TO","C","IPP4","Italian","L2"
"856",2630,110,"expletive_test",99,9,"test","neg","pej","NEU","C","IPN9","Italian","L2"
"857",2631,110,"expletive_test",99,1,"test","neg","pej","TO","C","IPN1","Italian","L2"
"858",2632,110,"expletive_test",99,6,"test","pos","adj","NEU","C","IAP6","Italian","L2"
"859",2633,110,"expletive_test",0,5,"test","neg","adj","AO","C","IAN5","Italian","L2"
"860",2634,110,"expletive_test",99,8,"test","neg","pej","AO","C","IPN8","Italian","L2"
"861",2635,110,"expletive_test",0,1,"test","neg","adj","TO","C","IAN1","Italian","L2"
"862",2636,110,"expletive_test",99,7,"test","pos","adj","TO","C","IAP7","Italian","L2"
"863",2639,110,"expletive_test",0,3,"test","neg","pej","NEU","C","IPN3","Italian","L2"
"864",2640,110,"expletive_test",99,6,"test","neg","pej","NEU","C","IPN6","Italian","L2"
"865",2641,173,"expletive_test",4,4,"test","neg","pej","NEU","B","IPN4","Italian","L2"
"866",2643,173,"expletive_test",59,6,"test","neg","adj","AO","B","IAN6","Italian","L2"
"867",2644,173,"expletive_test",97,8,"test","pos","pej","TO","B","IPP8","Italian","L2"
"868",2646,173,"expletive_test",91,5,"test","pos","adj","TO","B","IAP5","Italian","L2"
"869",2647,173,"expletive_test",81,3,"test","pos","pej","AO","B","IPP3","Italian","L2"
"870",2648,173,"expletive_test",83,9,"test","pos","adj","AO","B","IAP9","Italian","L2"
"871",2649,173,"expletive_test",48,1,"test","neg","adj","NEU","B","IAN1","Italian","L2"
"872",2650,173,"expletive_test",50,9,"test","neg","pej","AO","B","IPN9","Italian","L2"
"873",2652,173,"expletive_test",83,3,"test","neg","adj","AO","B","IAN3","Italian","L2"
"874",2653,173,"expletive_test",70,4,"test","neg","adj","NEU","B","IAN4","Italian","L2"
"875",2658,173,"expletive_test",98,5,"test","pos","pej","TO","B","IPP5","Italian","L2"
"876",2662,173,"expletive_test",5,2,"test","neg","pej","TO","B","IPN2","Italian","L2"
"877",2663,173,"expletive_test",96,4,"test","pos","pej","NEU","B","IPP4","Italian","L2"
"878",2664,173,"expletive_test",83,2,"test","pos","adj","TO","B","IAP2","Italian","L2"
"879",2667,173,"expletive_test",75,7,"test","pos","pej","NEU","B","IPP7","Italian","L2"
"880",2668,173,"expletive_test",50,7,"test","pos","adj","NEU","B","IAP7","Italian","L2"
"881",2671,173,"expletive_test",91,9,"test","pos","pej","AO","B","IPP9","Italian","L2"
"882",2673,173,"expletive_test",84,3,"test","pos","adj","AO","B","IAP3","Italian","L2"
"883",2675,173,"expletive_test",7,2,"test","neg","adj","TO","B","IAN2","Italian","L2"
"884",2677,173,"expletive_test",57,1,"test","neg","pej","NEU","B","IPN1","Italian","L2"
"885",2678,173,"expletive_test",88,2,"test","pos","pej","TO","B","IPP2","Italian","L2"
"886",2680,173,"expletive_test",73,6,"test","neg","pej","AO","B","IPN6","Italian","L2"
"887",2681,173,"expletive_test",84,1,"test","pos","adj","NEU","B","IAP1","Italian","L2"
"888",2682,173,"expletive_test",40,8,"test","pos","adj","TO","B","IAP8","Italian","L2"
"889",2684,173,"expletive_test",64,9,"test","neg","adj","AO","B","IAN9","Italian","L2"
"890",2688,173,"expletive_test",68,7,"test","neg","pej","NEU","B","IPN7","Italian","L2"
"891",2689,173,"expletive_test",66,3,"test","neg","pej","AO","B","IPN3","Italian","L2"
"892",2691,173,"expletive_test",59,8,"test","neg","pej","TO","B","IPN8","Italian","L2"
"893",2692,173,"expletive_test",62,5,"test","neg","adj","TO","B","IAN5","Italian","L2"
"894",2693,173,"expletive_test",90,4,"test","pos","adj","NEU","B","IAP4","Italian","L2"
"895",2694,173,"expletive_test",86,6,"test","pos","pej","AO","B","IPP6","Italian","L2"
"896",2696,173,"expletive_test",37,5,"test","neg","pej","TO","B","IPN5","Italian","L2"
"897",2697,173,"expletive_test",28,7,"test","neg","adj","NEU","B","IAN7","Italian","L2"
"898",2698,173,"expletive_test",64,6,"test","pos","adj","AO","B","IAP6","Italian","L2"
"899",2699,173,"expletive_test",59,8,"test","neg","adj","TO","B","IAN8","Italian","L2"
"900",2700,173,"expletive_test",78,1,"test","pos","pej","NEU","B","IPP1","Italian","L2"
"901",2763,205,"expletive_test",99,5,"test","pos","adj","AO","A","IAP5","Italian","L2"
"902",2764,205,"expletive_test",99,3,"test","pos","adj","NEU","A","IAP3","Italian","L2"
"903",2766,205,"expletive_test",66,9,"test","pos","pej","NEU","A","IPP9","Italian","L2"
"904",2768,205,"expletive_test",38,7,"test","neg","adj","TO","A","IAN7","Italian","L2"
"905",2769,205,"expletive_test",61,4,"test","pos","pej","TO","A","IPP4","Italian","L2"
"906",2770,205,"expletive_test",70,6,"test","pos","adj","NEU","A","IAP6","Italian","L2"
"907",2772,205,"expletive_test",69,5,"test","pos","pej","AO","A","IPP5","Italian","L2"
"908",2774,205,"expletive_test",76,9,"test","neg","adj","NEU","A","IAN9","Italian","L2"
"909",2775,205,"expletive_test",69,8,"test","pos","adj","AO","A","IAP8","Italian","L2"
"910",2776,205,"expletive_test",0,6,"test","neg","pej","NEU","A","IPN6","Italian","L2"
"911",2779,205,"expletive_test",78,2,"test","pos","pej","AO","A","IPP2","Italian","L2"
"912",2780,205,"expletive_test",71,5,"test","neg","pej","AO","A","IPN5","Italian","L2"
"913",2783,205,"expletive_test",79,7,"test","pos","pej","TO","A","IPP7","Italian","L2"
"914",2784,205,"expletive_test",75,1,"test","pos","adj","TO","A","IAP1","Italian","L2"
"915",2785,205,"expletive_test",23,1,"test","neg","pej","TO","A","IPN1","Italian","L2"
"916",2787,205,"expletive_test",37,2,"test","neg","adj","AO","A","IAN2","Italian","L2"
"917",2788,205,"expletive_test",29,6,"test","neg","adj","NEU","A","IAN6","Italian","L2"
"918",2791,205,"expletive_test",30,4,"test","neg","adj","TO","A","IAN4","Italian","L2"
"919",2792,205,"expletive_test",30,2,"test","neg","pej","AO","A","IPN2","Italian","L2"
"920",2793,205,"expletive_test",21,4,"test","neg","pej","TO","A","IPN4","Italian","L2"
"921",2798,205,"expletive_test",14,1,"test","neg","adj","TO","A","IAN1","Italian","L2"
"922",2802,205,"expletive_test",80,4,"test","pos","adj","TO","A","IAP4","Italian","L2"
"923",2803,205,"expletive_test",17,9,"test","neg","pej","NEU","A","IPN9","Italian","L2"
"924",2804,205,"expletive_test",77,8,"test","pos","pej","AO","A","IPP8","Italian","L2"
"925",2805,205,"expletive_test",22,3,"test","neg","adj","NEU","A","IAN3","Italian","L2"
"926",2806,205,"expletive_test",81,6,"test","pos","pej","NEU","A","IPP6","Italian","L2"
"927",2807,205,"expletive_test",73,8,"test","neg","adj","AO","A","IAN8","Italian","L2"
"928",2809,205,"expletive_test",79,7,"test","neg","pej","TO","A","IPN7","Italian","L2"
"929",2811,205,"expletive_test",25,8,"test","neg","pej","AO","A","IPN8","Italian","L2"
"930",2812,205,"expletive_test",67,1,"test","pos","pej","TO","A","IPP1","Italian","L2"
"931",2814,205,"expletive_test",79,9,"test","pos","adj","NEU","A","IAP9","Italian","L2"
"932",2815,205,"expletive_test",21,3,"test","neg","pej","NEU","A","IPN3","Italian","L2"
"933",2816,205,"expletive_test",84,7,"test","pos","adj","TO","A","IAP7","Italian","L2"
"934",2817,205,"expletive_test",28,5,"test","neg","adj","AO","A","IAN5","Italian","L2"
"935",2819,205,"expletive_test",71,3,"test","pos","pej","NEU","A","IPP3","Italian","L2"
"936",2820,205,"expletive_test",70,2,"test","pos","adj","AO","A","IAP2","Italian","L2"
"937",2883,63,"expletive_test",0,5,"test","neg","adj","NEU","C","IAN5","Italian","L2"
"938",2884,63,"expletive_test",0,4,"test","neg","adj","AO","C","IAN4","Italian","L2"
"939",2886,63,"expletive_test",0,1,"test","pos","pej","AO","C","IPP1","Italian","L2"
"940",2888,63,"expletive_test",11,8,"test","neg","adj","NEU","C","IAN8","Italian","L2"
"941",2889,63,"expletive_test",24,8,"test","pos","adj","NEU","C","IAP8","Italian","L2"
"942",2890,63,"expletive_test",94,7,"test","pos","pej","AO","C","IPP7","Italian","L2"
"943",2891,63,"expletive_test",30,7,"test","neg","adj","AO","C","IAN7","Italian","L2"
"944",2893,63,"expletive_test",75,5,"test","pos","adj","NEU","C","IAP5","Italian","L2"
"945",2895,63,"expletive_test",96,7,"test","pos","adj","AO","C","IAP7","Italian","L2"
"946",2896,63,"expletive_test",75,4,"test","pos","adj","AO","C","IAP4","Italian","L2"
"947",2897,63,"expletive_test",72,5,"test","pos","pej","NEU","C","IPP5","Italian","L2"
"948",2899,63,"expletive_test",5,9,"test","neg","adj","TO","C","IAN9","Italian","L2"
"949",2900,63,"expletive_test",8,6,"test","pos","adj","TO","C","IAP6","Italian","L2"
"950",2901,63,"expletive_test",99,9,"test","neg","pej","TO","C","IPN9","Italian","L2"
"951",2902,63,"expletive_test",99,3,"test","neg","pej","TO","C","IPN3","Italian","L2"
"952",2903,63,"expletive_test",99,4,"test","neg","pej","AO","C","IPN4","Italian","L2"
"953",2904,63,"expletive_test",70,2,"test","pos","pej","NEU","C","IPP2","Italian","L2"
"954",2906,63,"expletive_test",99,6,"test","pos","pej","TO","C","IPP6","Italian","L2"
"955",2907,63,"expletive_test",62,4,"test","pos","pej","AO","C","IPP4","Italian","L2"
"956",2909,63,"expletive_test",81,3,"test","pos","adj","TO","C","IAP3","Italian","L2"
"957",2910,63,"expletive_test",99,1,"test","neg","adj","AO","C","IAN1","Italian","L2"
"958",2912,63,"expletive_test",0,2,"test","neg","adj","NEU","C","IAN2","Italian","L2"
"959",2916,63,"expletive_test",99,6,"test","neg","adj","TO","C","IAN6","Italian","L2"
"960",2917,63,"expletive_test",76,6,"test","neg","pej","TO","C","IPN6","Italian","L2"
"961",2920,63,"expletive_test",98,3,"test","neg","adj","TO","C","IAN3","Italian","L2"
"962",2921,63,"expletive_test",14,1,"test","neg","pej","AO","C","IPN1","Italian","L2"
"963",2922,63,"expletive_test",0,9,"test","pos","adj","TO","C","IAP9","Italian","L2"
"964",2924,63,"expletive_test",74,2,"test","neg","pej","NEU","C","IPN2","Italian","L2"
"965",2928,63,"expletive_test",97,2,"test","pos","adj","NEU","C","IAP2","Italian","L2"
"966",2929,63,"expletive_test",39,8,"test","pos","pej","NEU","C","IPP8","Italian","L2"
"967",2930,63,"expletive_test",19,8,"test","neg","pej","NEU","C","IPN8","Italian","L2"
"968",2933,63,"expletive_test",99,1,"test","pos","adj","AO","C","IAP1","Italian","L2"
"969",2934,63,"expletive_test",92,3,"test","pos","pej","TO","C","IPP3","Italian","L2"
"970",2935,63,"expletive_test",74,5,"test","neg","pej","NEU","C","IPN5","Italian","L2"
"971",2936,63,"expletive_test",12,7,"test","neg","pej","AO","C","IPN7","Italian","L2"
"972",2937,63,"expletive_test",73,9,"test","pos","pej","TO","C","IPP9","Italian","L2"
"973",3062,21,"expletive_test",69,4,"test","pos","adj","TO","A","IAP4","Italian","L2"
"974",3065,21,"expletive_test",91,7,"test","pos","pej","TO","A","IPP7","Italian","L2"
"975",3066,21,"expletive_test",24,1,"test","neg","pej","TO","A","IPN1","Italian","L2"
"976",3068,21,"expletive_test",84,9,"test","pos","pej","NEU","A","IPP9","Italian","L2"
"977",3069,21,"expletive_test",75,9,"test","pos","adj","NEU","A","IAP9","Italian","L2"
"978",3071,21,"expletive_test",78,7,"test","pos","adj","TO","A","IAP7","Italian","L2"
"979",3072,21,"expletive_test",14,4,"test","neg","pej","TO","A","IPN4","Italian","L2"
"980",3074,21,"expletive_test",21,5,"test","neg","pej","AO","A","IPN5","Italian","L2"
"981",3075,21,"expletive_test",53,1,"test","neg","adj","TO","A","IAN1","Italian","L2"
"982",3076,21,"expletive_test",71,6,"test","pos","pej","NEU","A","IPP6","Italian","L2"
"983",3077,21,"expletive_test",86,5,"test","pos","adj","AO","A","IAP5","Italian","L2"
"984",3078,21,"expletive_test",69,6,"test","pos","adj","NEU","A","IAP6","Italian","L2"
"985",3079,21,"expletive_test",36,6,"test","neg","adj","NEU","A","IAN6","Italian","L2"
"986",3080,21,"expletive_test",58,8,"test","pos","adj","AO","A","IAP8","Italian","L2"
"987",3081,21,"expletive_test",67,3,"test","neg","adj","NEU","A","IAN3","Italian","L2"
"988",3085,21,"expletive_test",28,2,"test","neg","adj","AO","A","IAN2","Italian","L2"
"989",3086,21,"expletive_test",27,8,"test","neg","pej","AO","A","IPN8","Italian","L2"
"990",3087,21,"expletive_test",68,8,"test","neg","adj","AO","A","IAN8","Italian","L2"
"991",3088,21,"expletive_test",56,9,"test","neg","adj","NEU","A","IAN9","Italian","L2"
"992",3089,21,"expletive_test",94,2,"test","pos","pej","AO","A","IPP2","Italian","L2"
"993",3090,21,"expletive_test",75,8,"test","pos","pej","AO","A","IPP8","Italian","L2"
"994",3092,21,"expletive_test",99,1,"test","pos","adj","TO","A","IAP1","Italian","L2"
"995",3093,21,"expletive_test",85,2,"test","pos","adj","AO","A","IAP2","Italian","L2"
"996",3094,21,"expletive_test",22,7,"test","neg","pej","TO","A","IPN7","Italian","L2"
"997",3095,21,"expletive_test",86,1,"test","pos","pej","TO","A","IPP1","Italian","L2"
"998",3096,21,"expletive_test",0,6,"test","neg","pej","NEU","A","IPN6","Italian","L2"
"999",3098,21,"expletive_test",81,5,"test","pos","pej","AO","A","IPP5","Italian","L2"
"1000",3100,21,"expletive_test",71,3,"test","pos","adj","NEU","A","IAP3","Italian","L2"
"1001",3101,21,"expletive_test",73,3,"test","pos","pej","NEU","A","IPP3","Italian","L2"
"1002",3104,21,"expletive_test",0,3,"test","neg","pej","NEU","A","IPN3","Italian","L2"
"1003",3108,21,"expletive_test",67,7,"test","neg","adj","TO","A","IAN7","Italian","L2"
"1004",3111,21,"expletive_test",10,9,"test","neg","pej","NEU","A","IPN9","Italian","L2"
"1005",3113,21,"expletive_test",81,4,"test","pos","pej","TO","A","IPP4","Italian","L2"
"1006",3115,21,"expletive_test",0,2,"test","neg","pej","AO","A","IPN2","Italian","L2"
"1007",3116,21,"expletive_test",69,5,"test","neg","adj","AO","A","IAN5","Italian","L2"
"1008",3120,21,"expletive_test",63,4,"test","neg","adj","TO","A","IAN4","Italian","L2"
"1009",3182,165,"expletive_test",34,9,"test","neg","adj","AO","A","IAN9","Italian","L2"
"1010",3183,165,"expletive_test",97,5,"test","pos","adj","TO","A","IAP5","Italian","L2"
"1011",3184,165,"expletive_test",6,1,"test","neg","pej","NEU","A","IPN1","Italian","L2"
"1012",3186,165,"expletive_test",60,2,"test","neg","adj","TO","A","IAN2","Italian","L2"
"1013",3187,165,"expletive_test",99,1,"test","pos","pej","NEU","A","IPP1","Italian","L2"
"1014",3190,165,"expletive_test",0,1,"test","neg","adj","NEU","A","IAN1","Italian","L2"
"1015",3192,165,"expletive_test",68,8,"test","pos","adj","TO","A","IAP8","Italian","L2"
"1016",3194,165,"expletive_test",99,9,"test","pos","adj","AO","A","IAP9","Italian","L2"
"1017",3195,165,"expletive_test",96,4,"test","pos","pej","NEU","A","IPP4","Italian","L2"
"1018",3196,165,"expletive_test",4,4,"test","neg","adj","NEU","A","IAN4","Italian","L2"
"1019",3197,165,"expletive_test",96,5,"test","pos","pej","TO","A","IPP5","Italian","L2"
"1020",3198,165,"expletive_test",85,3,"test","pos","pej","AO","A","IPP3","Italian","L2"
"1021",3200,165,"expletive_test",0,3,"test","neg","pej","AO","A","IPN3","Italian","L2"
"1022",3201,165,"expletive_test",0,2,"test","neg","pej","TO","A","IPN2","Italian","L2"
"1023",3202,165,"expletive_test",95,1,"test","pos","adj","NEU","A","IAP1","Italian","L2"
"1024",3203,165,"expletive_test",3,8,"test","neg","adj","TO","A","IAN8","Italian","L2"
"1025",3205,165,"expletive_test",90,6,"test","pos","pej","AO","A","IPP6","Italian","L2"
"1026",3207,165,"expletive_test",0,7,"test","neg","adj","NEU","A","IAN7","Italian","L2"
"1027",3208,165,"expletive_test",0,3,"test","neg","adj","AO","A","IAN3","Italian","L2"
"1028",3212,165,"expletive_test",85,3,"test","pos","adj","AO","A","IAP3","Italian","L2"
"1029",3214,165,"expletive_test",95,6,"test","neg","adj","AO","A","IAN6","Italian","L2"
"1030",3217,165,"expletive_test",87,7,"test","pos","adj","NEU","A","IAP7","Italian","L2"
"1031",3218,165,"expletive_test",94,6,"test","pos","adj","AO","A","IAP6","Italian","L2"
"1032",3220,165,"expletive_test",1,4,"test","neg","pej","NEU","A","IPN4","Italian","L2"
"1033",3221,165,"expletive_test",0,5,"test","neg","adj","TO","A","IAN5","Italian","L2"
"1034",3222,165,"expletive_test",17,4,"test","pos","adj","NEU","A","IAP4","Italian","L2"
"1035",3223,165,"expletive_test",99,2,"test","pos","adj","TO","A","IAP2","Italian","L2"
"1036",3224,165,"expletive_test",99,2,"test","pos","pej","TO","A","IPP2","Italian","L2"
"1037",3226,165,"expletive_test",97,7,"test","pos","pej","NEU","A","IPP7","Italian","L2"
"1038",3229,165,"expletive_test",0,8,"test","neg","pej","TO","A","IPN8","Italian","L2"
"1039",3234,165,"expletive_test",6,9,"test","neg","pej","AO","A","IPN9","Italian","L2"
"1040",3235,165,"expletive_test",94,9,"test","pos","pej","AO","A","IPP9","Italian","L2"
"1041",3236,165,"expletive_test",1,6,"test","neg","pej","AO","A","IPN6","Italian","L2"
"1042",3237,165,"expletive_test",0,7,"test","neg","pej","NEU","A","IPN7","Italian","L2"
"1043",3238,165,"expletive_test",93,8,"test","pos","pej","TO","A","IPP8","Italian","L2"
"1044",3239,165,"expletive_test",10,5,"test","neg","pej","TO","A","IPN5","Italian","L2"
"1045",3302,43,"expletive_test",99,5,"test","pos","adj","TO","B","IAP5","Italian","L2"
"1046",3303,43,"expletive_test",99,2,"test","pos","pej","TO","B","IPP2","Italian","L2"
"1047",3305,43,"expletive_test",70,9,"test","neg","adj","AO","B","IAN9","Italian","L2"
"1048",3306,43,"expletive_test",66,6,"test","neg","adj","AO","B","IAN6","Italian","L2"
"1049",3308,43,"expletive_test",83,3,"test","pos","adj","AO","B","IAP3","Italian","L2"
"1050",3310,43,"expletive_test",74,8,"test","neg","adj","TO","B","IAN8","Italian","L2"
"1051",3311,43,"expletive_test",83,8,"test","neg","pej","TO","B","IPN8","Italian","L2"
"1052",3312,43,"expletive_test",82,6,"test","pos","pej","AO","B","IPP6","Italian","L2"
"1053",3314,43,"expletive_test",77,2,"test","pos","adj","TO","B","IAP2","Italian","L2"
"1054",3315,43,"expletive_test",22,7,"test","pos","pej","NEU","B","IPP7","Italian","L2"
"1055",3316,43,"expletive_test",69,3,"test","neg","pej","AO","B","IPN3","Italian","L2"
"1056",3318,43,"expletive_test",31,9,"test","pos","adj","AO","B","IAP9","Italian","L2"
"1057",3319,43,"expletive_test",65,3,"test","neg","adj","AO","B","IAN3","Italian","L2"
"1058",3322,43,"expletive_test",6,7,"test","neg","adj","NEU","B","IAN7","Italian","L2"
"1059",3323,43,"expletive_test",0,1,"test","neg","pej","NEU","B","IPN1","Italian","L2"
"1060",3324,43,"expletive_test",39,8,"test","pos","adj","TO","B","IAP8","Italian","L2"
"1061",3326,43,"expletive_test",63,4,"test","pos","pej","NEU","B","IPP4","Italian","L2"
"1062",3327,43,"expletive_test",41,4,"test","neg","adj","NEU","B","IAN4","Italian","L2"
"1063",3329,43,"expletive_test",66,6,"test","neg","pej","AO","B","IPN6","Italian","L2"
"1064",3331,43,"expletive_test",99,5,"test","pos","pej","TO","B","IPP5","Italian","L2"
"1065",3333,43,"expletive_test",65,9,"test","neg","pej","AO","B","IPN9","Italian","L2"
"1066",3334,43,"expletive_test",89,6,"test","pos","adj","AO","B","IAP6","Italian","L2"
"1067",3335,43,"expletive_test",7,7,"test","neg","pej","NEU","B","IPN7","Italian","L2"
"1068",3336,43,"expletive_test",29,4,"test","pos","adj","NEU","B","IAP4","Italian","L2"
"1069",3337,43,"expletive_test",60,1,"test","pos","adj","NEU","B","IAP1","Italian","L2"
"1070",3338,43,"expletive_test",3,4,"test","neg","pej","NEU","B","IPN4","Italian","L2"
"1071",3341,43,"expletive_test",67,2,"test","neg","pej","TO","B","IPN2","Italian","L2"
"1072",3343,43,"expletive_test",61,2,"test","neg","adj","TO","B","IAN2","Italian","L2"
"1073",3345,43,"expletive_test",87,9,"test","pos","pej","AO","B","IPP9","Italian","L2"
"1074",3349,43,"expletive_test",65,5,"test","neg","adj","TO","B","IAN5","Italian","L2"
"1075",3350,43,"expletive_test",33,1,"test","pos","pej","NEU","B","IPP1","Italian","L2"
"1076",3351,43,"expletive_test",70,5,"test","neg","pej","TO","B","IPN5","Italian","L2"
"1077",3353,43,"expletive_test",36,7,"test","pos","adj","NEU","B","IAP7","Italian","L2"
"1078",3355,43,"expletive_test",28,1,"test","neg","adj","NEU","B","IAN1","Italian","L2"
"1079",3359,43,"expletive_test",86,3,"test","pos","pej","AO","B","IPP3","Italian","L2"
"1080",3360,43,"expletive_test",88,8,"test","pos","pej","TO","B","IPP8","Italian","L2"
"1081",3661,208,"expletive_test",75,8,"test","pos","adj","NEU","A","IAP8","Italian","L2"
"1082",3664,208,"expletive_test",99,7,"test","neg","pej","AO","A","IPN7","Italian","L2"
"1083",3666,208,"expletive_test",87,1,"test","neg","adj","AO","A","IAN1","Italian","L2"
"1084",3667,208,"expletive_test",12,8,"test","neg","adj","NEU","A","IAN8","Italian","L2"
"1085",3672,208,"expletive_test",98,6,"test","neg","pej","TO","A","IPN6","Italian","L2"
"1086",3674,208,"expletive_test",96,3,"test","neg","adj","TO","A","IAN3","Italian","L2"
"1087",3678,208,"expletive_test",83,7,"test","neg","adj","AO","A","IAN7","Italian","L2"
"1088",3679,208,"expletive_test",99,3,"test","neg","pej","TO","A","IPN3","Italian","L2"
"1089",3680,208,"expletive_test",74,2,"test","pos","adj","NEU","A","IAP2","Italian","L2"
"1090",3681,208,"expletive_test",75,8,"test","pos","pej","NEU","A","IPP8","Italian","L2"
"1091",3683,208,"expletive_test",81,9,"test","neg","adj","TO","A","IAN9","Italian","L2"
"1092",3685,208,"expletive_test",99,6,"test","pos","pej","TO","A","IPP6","Italian","L2"
"1093",3687,208,"expletive_test",61,4,"test","pos","adj","AO","A","IAP4","Italian","L2"
"1094",3689,208,"expletive_test",77,4,"test","neg","adj","AO","A","IAN4","Italian","L2"
"1095",3690,208,"expletive_test",77,5,"test","pos","adj","NEU","A","IAP5","Italian","L2"
"1096",3694,208,"expletive_test",8,7,"test","pos","adj","AO","A","IAP7","Italian","L2"
"1097",3695,208,"expletive_test",99,4,"test","neg","pej","AO","A","IPN4","Italian","L2"
"1098",3696,208,"expletive_test",70,2,"test","neg","adj","NEU","A","IAN2","Italian","L2"
"1099",3697,208,"expletive_test",55,6,"test","pos","adj","TO","A","IAP6","Italian","L2"
"1100",3698,208,"expletive_test",71,1,"test","pos","adj","AO","A","IAP1","Italian","L2"
"1101",3699,208,"expletive_test",78,3,"test","pos","adj","TO","A","IAP3","Italian","L2"
"1102",3700,208,"expletive_test",93,4,"test","pos","pej","AO","A","IPP4","Italian","L2"
"1103",3701,208,"expletive_test",28,2,"test","neg","pej","NEU","A","IPN2","Italian","L2"
"1104",3704,208,"expletive_test",24,9,"test","pos","adj","TO","A","IAP9","Italian","L2"
"1105",3705,208,"expletive_test",99,7,"test","pos","pej","AO","A","IPP7","Italian","L2"
"1106",3707,208,"expletive_test",96,9,"test","neg","pej","TO","A","IPN9","Italian","L2"
"1107",3709,208,"expletive_test",99,1,"test","neg","pej","AO","A","IPN1","Italian","L2"
"1108",3710,208,"expletive_test",0,8,"test","neg","pej","NEU","A","IPN8","Italian","L2"
"1109",3711,208,"expletive_test",97,6,"test","neg","adj","TO","A","IAN6","Italian","L2"
"1110",3712,208,"expletive_test",27,5,"test","neg","pej","NEU","A","IPN5","Italian","L2"
"1111",3713,208,"expletive_test",99,1,"test","pos","pej","AO","A","IPP1","Italian","L2"
"1112",3714,208,"expletive_test",97,9,"test","pos","pej","TO","A","IPP9","Italian","L2"
"1113",3715,208,"expletive_test",70,2,"test","pos","pej","NEU","A","IPP2","Italian","L2"
"1114",3718,208,"expletive_test",62,5,"test","pos","pej","NEU","A","IPP5","Italian","L2"
"1115",3719,208,"expletive_test",98,3,"test","pos","pej","TO","A","IPP3","Italian","L2"
"1116",3720,208,"expletive_test",51,5,"test","neg","adj","NEU","A","IAN5","Italian","L2"
"1117",3723,191,"expletive_test",73,9,"test","pos","pej","NEU","A","IPP9","Italian","L2"
"1118",3724,191,"expletive_test",99,1,"test","pos","pej","TO","A","IPP1","Italian","L2"
"1119",3727,191,"expletive_test",38,7,"test","neg","adj","TO","A","IAN7","Italian","L2"
"1120",3728,191,"expletive_test",71,3,"test","pos","adj","NEU","A","IAP3","Italian","L2"
"1121",3730,191,"expletive_test",29,5,"test","neg","adj","AO","A","IAN5","Italian","L2"
"1122",3731,191,"expletive_test",61,4,"test","neg","adj","TO","A","IAN4","Italian","L2"
"1123",3732,191,"expletive_test",80,4,"test","neg","pej","TO","A","IPN4","Italian","L2"
"1124",3734,191,"expletive_test",4,9,"test","neg","pej","NEU","A","IPN9","Italian","L2"
"1125",3735,191,"expletive_test",99,7,"test","pos","pej","TO","A","IPP7","Italian","L2"
"1126",3737,191,"expletive_test",15,3,"test","neg","adj","NEU","A","IAN3","Italian","L2"
"1127",3739,191,"expletive_test",60,8,"test","neg","adj","AO","A","IAN8","Italian","L2"
"1128",3740,191,"expletive_test",69,6,"test","pos","pej","NEU","A","IPP6","Italian","L2"
"1129",3741,191,"expletive_test",62,1,"test","neg","pej","TO","A","IPN1","Italian","L2"
"1130",3742,191,"expletive_test",43,5,"test","neg","pej","AO","A","IPN5","Italian","L2"
"1131",3743,191,"expletive_test",77,8,"test","pos","pej","AO","A","IPP8","Italian","L2"
"1132",3745,191,"expletive_test",20,3,"test","neg","pej","NEU","A","IPN3","Italian","L2"
"1133",3746,191,"expletive_test",90,7,"test","pos","adj","TO","A","IAP7","Italian","L2"
"1134",3747,191,"expletive_test",73,8,"test","pos","adj","AO","A","IAP8","Italian","L2"
"1135",3751,191,"expletive_test",58,3,"test","pos","pej","NEU","A","IPP3","Italian","L2"
"1136",3752,191,"expletive_test",58,4,"test","pos","adj","TO","A","IAP4","Italian","L2"
"1137",3753,191,"expletive_test",87,5,"test","pos","pej","AO","A","IPP5","Italian","L2"
"1138",3755,191,"expletive_test",42,9,"test","neg","adj","NEU","A","IAN9","Italian","L2"
"1139",3757,191,"expletive_test",85,2,"test","pos","adj","AO","A","IAP2","Italian","L2"
"1140",3758,191,"expletive_test",59,9,"test","pos","adj","NEU","A","IAP9","Italian","L2"
"1141",3759,191,"expletive_test",35,2,"test","neg","adj","AO","A","IAN2","Italian","L2"
"1142",3760,191,"expletive_test",20,6,"test","neg","pej","NEU","A","IPN6","Italian","L2"
"1143",3761,191,"expletive_test",59,6,"test","pos","adj","NEU","A","IAP6","Italian","L2"
"1144",3762,191,"expletive_test",12,6,"test","neg","adj","NEU","A","IAN6","Italian","L2"
"1145",3763,191,"expletive_test",99,5,"test","pos","adj","AO","A","IAP5","Italian","L2"
"1146",3766,191,"expletive_test",99,2,"test","neg","pej","AO","A","IPN2","Italian","L2"
"1147",3770,191,"expletive_test",65,4,"test","pos","pej","TO","A","IPP4","Italian","L2"
"1148",3772,191,"expletive_test",63,1,"test","neg","adj","TO","A","IAN1","Italian","L2"
"1149",3774,191,"expletive_test",65,8,"test","neg","pej","AO","A","IPN8","Italian","L2"
"1150",3776,191,"expletive_test",76,7,"test","neg","pej","TO","A","IPN7","Italian","L2"
"1151",3777,191,"expletive_test",80,2,"test","pos","pej","AO","A","IPP2","Italian","L2"
"1152",3778,191,"expletive_test",99,1,"test","pos","adj","TO","A","IAP1","Italian","L2"
"1153",3782,104,"expletive_test",99,3,"test","pos","pej","AO","B","IPP3","Italian","L2"
"1154",3783,104,"expletive_test",99,2,"test","pos","pej","TO","B","IPP2","Italian","L2"
"1155",3784,104,"expletive_test",27,6,"test","neg","pej","AO","B","IPN6","Italian","L2"
"1156",3785,104,"expletive_test",78,4,"test","pos","pej","NEU","B","IPP4","Italian","L2"
"1157",3786,104,"expletive_test",99,6,"test","pos","pej","AO","B","IPP6","Italian","L2"
"1158",3787,104,"expletive_test",23,1,"test","pos","pej","NEU","B","IPP1","Italian","L2"
"1159",3789,104,"expletive_test",75,2,"test","neg","pej","TO","B","IPN2","Italian","L2"
"1160",3790,104,"expletive_test",14,6,"test","pos","adj","AO","B","IAP6","Italian","L2"
"1161",3793,104,"expletive_test",24,1,"test","pos","adj","NEU","B","IAP1","Italian","L2"
"1162",3796,104,"expletive_test",26,7,"test","pos","adj","NEU","B","IAP7","Italian","L2"
"1163",3797,104,"expletive_test",99,9,"test","neg","pej","AO","B","IPN9","Italian","L2"
"1164",3798,104,"expletive_test",99,9,"test","pos","pej","AO","B","IPP9","Italian","L2"
"1165",3801,104,"expletive_test",24,1,"test","neg","pej","NEU","B","IPN1","Italian","L2"
"1166",3802,104,"expletive_test",99,6,"test","neg","adj","AO","B","IAN6","Italian","L2"
"1167",3805,104,"expletive_test",99,8,"test","neg","pej","TO","B","IPN8","Italian","L2"
"1168",3806,104,"expletive_test",99,2,"test","neg","adj","TO","B","IAN2","Italian","L2"
"1169",3808,104,"expletive_test",2,7,"test","neg","adj","NEU","B","IAN7","Italian","L2"
"1170",3809,104,"expletive_test",1,4,"test","neg","adj","NEU","B","IAN4","Italian","L2"
"1171",3810,104,"expletive_test",98,8,"test","neg","adj","TO","B","IAN8","Italian","L2"
"1172",3811,104,"expletive_test",4,1,"test","neg","adj","NEU","B","IAN1","Italian","L2"
"1173",3812,104,"expletive_test",99,2,"test","pos","adj","TO","B","IAP2","Italian","L2"
"1174",3813,104,"expletive_test",89,5,"test","pos","adj","TO","B","IAP5","Italian","L2"
"1175",3814,104,"expletive_test",99,5,"test","pos","pej","TO","B","IPP5","Italian","L2"
"1176",3815,104,"expletive_test",11,7,"test","pos","pej","NEU","B","IPP7","Italian","L2"
"1177",3816,104,"expletive_test",82,3,"test","neg","adj","AO","B","IAN3","Italian","L2"
"1178",3817,104,"expletive_test",93,3,"test","neg","pej","AO","B","IPN3","Italian","L2"
"1179",3822,104,"expletive_test",14,7,"test","neg","pej","NEU","B","IPN7","Italian","L2"
"1180",3823,104,"expletive_test",9,8,"test","pos","adj","TO","B","IAP8","Italian","L2"
"1181",3827,104,"expletive_test",15,4,"test","pos","adj","NEU","B","IAP4","Italian","L2"
"1182",3829,104,"expletive_test",80,8,"test","pos","pej","TO","B","IPP8","Italian","L2"
"1183",3830,104,"expletive_test",99,3,"test","pos","adj","AO","B","IAP3","Italian","L2"
"1184",3832,104,"expletive_test",91,5,"test","neg","adj","TO","B","IAN5","Italian","L2"
"1185",3834,104,"expletive_test",99,5,"test","neg","pej","TO","B","IPN5","Italian","L2"
"1186",3835,104,"expletive_test",79,9,"test","neg","adj","AO","B","IAN9","Italian","L2"
"1187",3838,104,"expletive_test",26,4,"test","neg","pej","NEU","B","IPN4","Italian","L2"
"1188",3840,104,"expletive_test",32,9,"test","pos","adj","AO","B","IAP9","Italian","L2"
"1189",3842,111,"expletive_test",99,1,"test","pos","pej","AO","A","IPP1","Italian","L2"
"1190",3845,111,"expletive_test",65,7,"test","pos","adj","AO","A","IAP7","Italian","L2"
"1191",3846,111,"expletive_test",51,9,"test","neg","pej","TO","A","IPN9","Italian","L2"
"1192",3847,111,"expletive_test",7,7,"test","neg","pej","AO","A","IPN7","Italian","L2"
"1193",3849,111,"expletive_test",14,8,"test","neg","adj","NEU","A","IAN8","Italian","L2"
"1194",3850,111,"expletive_test",97,9,"test","neg","adj","TO","A","IAN9","Italian","L2"
"1195",3851,111,"expletive_test",99,1,"test","pos","adj","AO","A","IAP1","Italian","L2"
"1196",3857,111,"expletive_test",59,4,"test","pos","adj","AO","A","IAP4","Italian","L2"
"1197",3858,111,"expletive_test",99,8,"test","pos","pej","NEU","A","IPP8","Italian","L2"
"1198",3859,111,"expletive_test",82,8,"test","pos","adj","NEU","A","IAP8","Italian","L2"
"1199",3860,111,"expletive_test",76,5,"test","neg","adj","NEU","A","IAN5","Italian","L2"
"1200",3862,111,"expletive_test",81,4,"test","neg","adj","AO","A","IAN4","Italian","L2"
"1201",3863,111,"expletive_test",95,6,"test","neg","pej","TO","A","IPN6","Italian","L2"
"1202",3865,111,"expletive_test",91,9,"test","pos","adj","TO","A","IAP9","Italian","L2"
"1203",3866,111,"expletive_test",17,8,"test","neg","pej","NEU","A","IPN8","Italian","L2"
"1204",3868,111,"expletive_test",95,5,"test","pos","pej","NEU","A","IPP5","Italian","L2"
"1205",3870,111,"expletive_test",95,9,"test","pos","pej","TO","A","IPP9","Italian","L2"
"1206",3871,111,"expletive_test",96,2,"test","pos","pej","NEU","A","IPP2","Italian","L2"
"1207",3872,111,"expletive_test",90,1,"test","neg","adj","AO","A","IAN1","Italian","L2"
"1208",3875,111,"expletive_test",88,4,"test","pos","pej","AO","A","IPP4","Italian","L2"
"1209",3876,111,"expletive_test",98,7,"test","pos","pej","AO","A","IPP7","Italian","L2"
"1210",3878,111,"expletive_test",78,4,"test","neg","pej","AO","A","IPN4","Italian","L2"
"1211",3879,111,"expletive_test",80,1,"test","neg","pej","AO","A","IPN1","Italian","L2"
"1212",3880,111,"expletive_test",73,5,"test","neg","pej","NEU","A","IPN5","Italian","L2"
"1213",3884,111,"expletive_test",73,5,"test","pos","adj","NEU","A","IAP5","Italian","L2"
"1214",3885,111,"expletive_test",76,3,"test","pos","adj","TO","A","IAP3","Italian","L2"
"1215",3886,111,"expletive_test",65,2,"test","neg","pej","NEU","A","IPN2","Italian","L2"
"1216",3888,111,"expletive_test",80,6,"test","pos","adj","TO","A","IAP6","Italian","L2"
"1217",3889,111,"expletive_test",70,2,"test","pos","adj","NEU","A","IAP2","Italian","L2"
"1218",3890,111,"expletive_test",85,6,"test","pos","pej","TO","A","IPP6","Italian","L2"
"1219",3891,111,"expletive_test",67,3,"test","neg","pej","TO","A","IPN3","Italian","L2"
"1220",3893,111,"expletive_test",84,7,"test","neg","adj","AO","A","IAN7","Italian","L2"
"1221",3894,111,"expletive_test",16,2,"test","neg","adj","NEU","A","IAN2","Italian","L2"
"1222",3896,111,"expletive_test",78,3,"test","neg","adj","TO","A","IAN3","Italian","L2"
"1223",3897,111,"expletive_test",90,3,"test","pos","pej","TO","A","IPP3","Italian","L2"
"1224",3899,111,"expletive_test",79,6,"test","neg","adj","TO","A","IAN6","Italian","L2"
"1225",3901,97,"expletive_test",14,5,"test","neg","adj","TO","C","IAN5","Italian","L2"
"1226",3902,97,"expletive_test",0,8,"test","neg","pej","TO","C","IPN8","Italian","L2"
"1227",3903,97,"expletive_test",70,9,"test","pos","pej","AO","C","IPP9","Italian","L2"
"1228",3905,97,"expletive_test",89,5,"test","pos","adj","TO","C","IAP5","Italian","L2"
"1229",3908,97,"expletive_test",75,4,"test","pos","pej","NEU","C","IPP4","Italian","L2"
"1230",3909,97,"expletive_test",64,7,"test","pos","pej","NEU","C","IPP7","Italian","L2"
"1231",3911,97,"expletive_test",78,3,"test","pos","pej","AO","C","IPP3","Italian","L2"
"1232",3913,97,"expletive_test",76,2,"test","pos","pej","TO","C","IPP2","Italian","L2"
"1233",3914,97,"expletive_test",0,9,"test","neg","pej","AO","C","IPN9","Italian","L2"
"1234",3916,97,"expletive_test",81,6,"test","pos","pej","AO","C","IPP6","Italian","L2"
"1235",3917,97,"expletive_test",7,4,"test","neg","adj","NEU","C","IAN4","Italian","L2"
"1236",3922,97,"expletive_test",64,2,"test","pos","adj","TO","C","IAP2","Italian","L2"
"1237",3923,97,"expletive_test",0,4,"test","neg","pej","NEU","C","IPN4","Italian","L2"
"1238",3924,97,"expletive_test",37,8,"test","neg","adj","TO","C","IAN8","Italian","L2"
"1239",3925,97,"expletive_test",0,6,"test","neg","pej","AO","C","IPN6","Italian","L2"
"1240",3926,97,"expletive_test",0,5,"test","neg","pej","TO","C","IPN5","Italian","L2"
"1241",3927,97,"expletive_test",16,1,"test","neg","adj","NEU","C","IAN1","Italian","L2"
"1242",3930,97,"expletive_test",13,4,"test","pos","adj","NEU","C","IAP4","Italian","L2"
"1243",3932,97,"expletive_test",66,3,"test","pos","adj","AO","C","IAP3","Italian","L2"
"1244",3937,97,"expletive_test",0,2,"test","neg","pej","TO","C","IPN2","Italian","L2"
"1245",3938,97,"expletive_test",14,9,"test","neg","adj","AO","C","IAN9","Italian","L2"
"1246",3939,97,"expletive_test",24,7,"test","neg","adj","NEU","C","IAN7","Italian","L2"
"1247",3940,97,"expletive_test",71,6,"test","pos","adj","AO","C","IAP6","Italian","L2"
"1248",3941,97,"expletive_test",15,2,"test","neg","adj","TO","C","IAN2","Italian","L2"
"1249",3943,97,"expletive_test",99,1,"test","pos","adj","NEU","C","IAP1","Italian","L2"
"1250",3945,97,"expletive_test",77,5,"test","pos","pej","TO","C","IPP5","Italian","L2"
"1251",3946,97,"expletive_test",0,3,"test","neg","pej","AO","C","IPN3","Italian","L2"
"1252",3947,97,"expletive_test",19,6,"test","neg","adj","AO","C","IAN6","Italian","L2"
"1253",3949,97,"expletive_test",57,1,"test","pos","pej","NEU","C","IPP1","Italian","L2"
"1254",3951,97,"expletive_test",41,8,"test","pos","adj","TO","C","IAP8","Italian","L2"
"1255",3953,97,"expletive_test",43,3,"test","neg","adj","AO","C","IAN3","Italian","L2"
"1256",3954,97,"expletive_test",52,9,"test","pos","adj","AO","C","IAP9","Italian","L2"
"1257",3955,97,"expletive_test",0,1,"test","neg","pej","NEU","C","IPN1","Italian","L2"
"1258",3956,97,"expletive_test",57,7,"test","pos","adj","NEU","C","IAP7","Italian","L2"
"1259",3958,97,"expletive_test",72,8,"test","pos","pej","TO","C","IPP8","Italian","L2"
"1260",3960,97,"expletive_test",0,7,"test","neg","pej","NEU","C","IPN7","Italian","L2"
"1261",3961,101,"expletive_test",87,5,"test","pos","pej","TO","B","IPP5","Italian","L2"
"1262",3962,101,"expletive_test",82,9,"test","neg","adj","AO","B","IAN9","Italian","L2"
"1263",3963,101,"expletive_test",85,3,"test","pos","adj","AO","B","IAP3","Italian","L2"
"1264",3966,101,"expletive_test",93,3,"test","pos","pej","AO","B","IPP3","Italian","L2"
"1265",3969,101,"expletive_test",85,2,"test","neg","pej","TO","B","IPN2","Italian","L2"
"1266",3971,101,"expletive_test",88,3,"test","neg","adj","AO","B","IAN3","Italian","L2"
"1267",3975,101,"expletive_test",88,8,"test","pos","pej","TO","B","IPP8","Italian","L2"
"1268",3976,101,"expletive_test",4,1,"test","pos","adj","NEU","B","IAP1","Italian","L2"
"1269",3977,101,"expletive_test",92,1,"test","pos","pej","NEU","B","IPP1","Italian","L2"
"1270",3978,101,"expletive_test",91,6,"test","neg","pej","AO","B","IPN6","Italian","L2"
"1271",3979,101,"expletive_test",11,1,"test","neg","pej","NEU","B","IPN1","Italian","L2"
"1272",3980,101,"expletive_test",79,2,"test","neg","adj","TO","B","IAN2","Italian","L2"
"1273",3981,101,"expletive_test",91,9,"test","pos","adj","AO","B","IAP9","Italian","L2"
"1274",3983,101,"expletive_test",87,8,"test","neg","pej","TO","B","IPN8","Italian","L2"
"1275",3984,101,"expletive_test",95,6,"test","pos","pej","AO","B","IPP6","Italian","L2"
"1276",3985,101,"expletive_test",97,6,"test","neg","adj","AO","B","IAN6","Italian","L2"
"1277",3986,101,"expletive_test",97,5,"test","neg","adj","TO","B","IAN5","Italian","L2"
"1278",3988,101,"expletive_test",9,1,"test","neg","adj","NEU","B","IAN1","Italian","L2"
"1279",3990,101,"expletive_test",12,6,"test","pos","adj","AO","B","IAP6","Italian","L2"
"1280",3992,101,"expletive_test",7,9,"test","neg","pej","AO","B","IPN9","Italian","L2"
"1281",3995,101,"expletive_test",94,8,"test","neg","adj","TO","B","IAN8","Italian","L2"
"1282",3996,101,"expletive_test",4,5,"test","neg","pej","TO","B","IPN5","Italian","L2"
"1283",3998,101,"expletive_test",3,2,"test","pos","pej","TO","B","IPP2","Italian","L2"
"1284",3999,101,"expletive_test",10,5,"test","pos","adj","TO","B","IAP5","Italian","L2"
"1285",4001,101,"expletive_test",8,4,"test","neg","adj","NEU","B","IAN4","Italian","L2"
"1286",4002,101,"expletive_test",0,8,"test","pos","adj","TO","B","IAP8","Italian","L2"
"1287",4006,101,"expletive_test",5,4,"test","neg","pej","NEU","B","IPN4","Italian","L2"
"1288",4007,101,"expletive_test",2,2,"test","pos","adj","TO","B","IAP2","Italian","L2"
"1289",4008,101,"expletive_test",2,7,"test","pos","pej","NEU","B","IPP7","Italian","L2"
"1290",4010,101,"expletive_test",1,7,"test","neg","adj","NEU","B","IAN7","Italian","L2"
"1291",4012,101,"expletive_test",11,4,"test","pos","pej","NEU","B","IPP4","Italian","L2"
"1292",4013,101,"expletive_test",6,7,"test","neg","pej","NEU","B","IPN7","Italian","L2"
"1293",4014,101,"expletive_test",0,9,"test","pos","pej","AO","B","IPP9","Italian","L2"
"1294",4015,101,"expletive_test",88,3,"test","neg","pej","AO","B","IPN3","Italian","L2"
"1295",4018,101,"expletive_test",9,7,"test","pos","adj","NEU","B","IAP7","Italian","L2"
"1296",4019,101,"expletive_test",20,4,"test","pos","adj","NEU","B","IAP4","Italian","L2"
"1297",4081,59,"expletive_test",81,1,"test","pos","pej","NEU","A","IPP1","Italian","L2"
"1298",4083,59,"expletive_test",84,3,"test","neg","adj","AO","A","IAN3","Italian","L2"
"1299",4084,59,"expletive_test",88,9,"test","pos","pej","AO","A","IPP9","Italian","L2"
"1300",4087,59,"expletive_test",39,2,"test","pos","adj","TO","A","IAP2","Italian","L2"
"1301",4088,59,"expletive_test",89,5,"test","pos","pej","TO","A","IPP5","Italian","L2"
"1302",4090,59,"expletive_test",60,3,"test","pos","adj","AO","A","IAP3","Italian","L2"
"1303",4092,59,"expletive_test",68,7,"test","neg","pej","NEU","A","IPN7","Italian","L2"
"1304",4094,59,"expletive_test",41,1,"test","neg","pej","NEU","A","IPN1","Italian","L2"
"1305",4095,59,"expletive_test",86,2,"test","pos","pej","TO","A","IPP2","Italian","L2"
"1306",4096,59,"expletive_test",33,8,"test","pos","adj","TO","A","IAP8","Italian","L2"
"1307",4098,59,"expletive_test",78,8,"test","neg","adj","TO","A","IAN8","Italian","L2"
"1308",4099,59,"expletive_test",41,5,"test","neg","adj","TO","A","IAN5","Italian","L2"
"1309",4100,59,"expletive_test",84,8,"test","neg","pej","TO","A","IPN8","Italian","L2"
"1310",4102,59,"expletive_test",85,8,"test","pos","pej","TO","A","IPP8","Italian","L2"
"1311",4103,59,"expletive_test",70,9,"test","neg","adj","AO","A","IAN9","Italian","L2"
"1312",4106,59,"expletive_test",48,1,"test","neg","adj","NEU","A","IAN1","Italian","L2"
"1313",4107,59,"expletive_test",35,7,"test","neg","adj","NEU","A","IAN7","Italian","L2"
"1314",4108,59,"expletive_test",99,5,"test","neg","pej","TO","A","IPN5","Italian","L2"
"1315",4112,59,"expletive_test",51,4,"test","pos","adj","NEU","A","IAP4","Italian","L2"
"1316",4113,59,"expletive_test",72,4,"test","pos","pej","NEU","A","IPP4","Italian","L2"
"1317",4114,59,"expletive_test",64,7,"test","pos","adj","NEU","A","IAP7","Italian","L2"
"1318",4115,59,"expletive_test",83,5,"test","pos","adj","TO","A","IAP5","Italian","L2"
"1319",4120,59,"expletive_test",81,6,"test","pos","pej","AO","A","IPP6","Italian","L2"
"1320",4121,59,"expletive_test",88,2,"test","neg","pej","TO","A","IPN2","Italian","L2"
"1321",4122,59,"expletive_test",89,3,"test","neg","pej","AO","A","IPN3","Italian","L2"
"1322",4123,59,"expletive_test",57,6,"test","pos","adj","AO","A","IAP6","Italian","L2"
"1323",4125,59,"expletive_test",81,7,"test","pos","pej","NEU","A","IPP7","Italian","L2"
"1324",4126,59,"expletive_test",89,3,"test","pos","pej","AO","A","IPP3","Italian","L2"
"1325",4127,59,"expletive_test",77,6,"test","neg","adj","AO","A","IAN6","Italian","L2"
"1326",4128,59,"expletive_test",54,4,"test","neg","pej","NEU","A","IPN4","Italian","L2"
"1327",4130,59,"expletive_test",39,9,"test","pos","adj","AO","A","IAP9","Italian","L2"
"1328",4132,59,"expletive_test",87,6,"test","neg","pej","AO","A","IPN6","Italian","L2"
"1329",4136,59,"expletive_test",85,9,"test","neg","pej","AO","A","IPN9","Italian","L2"
"1330",4138,59,"expletive_test",67,1,"test","pos","adj","NEU","A","IAP1","Italian","L2"
"1331",4139,59,"expletive_test",43,4,"test","neg","adj","NEU","A","IAN4","Italian","L2"
"1332",4140,59,"expletive_test",73,2,"test","neg","adj","TO","A","IAN2","Italian","L2"
"1333",4142,132,"expletive_test",3,3,"test","neg","adj","AO","A","IAN3","Italian","L2"
"1334",4144,132,"expletive_test",0,9,"test","neg","pej","AO","A","IPN9","Italian","L2"
"1335",4146,132,"expletive_test",0,7,"test","neg","pej","NEU","A","IPN7","Italian","L2"
"1336",4147,132,"expletive_test",71,3,"test","pos","adj","AO","A","IAP3","Italian","L2"
"1337",4149,132,"expletive_test",0,1,"test","neg","adj","NEU","A","IAN1","Italian","L2"
"1338",4150,132,"expletive_test",0,3,"test","neg","pej","AO","A","IPN3","Italian","L2"
"1339",4151,132,"expletive_test",94,9,"test","pos","pej","AO","A","IPP9","Italian","L2"
"1340",4152,132,"expletive_test",96,7,"test","pos","pej","NEU","A","IPP7","Italian","L2"
"1341",4154,132,"expletive_test",97,3,"test","pos","pej","AO","A","IPP3","Italian","L2"
"1342",4156,132,"expletive_test",0,4,"test","neg","pej","NEU","A","IPN4","Italian","L2"
"1343",4157,132,"expletive_test",99,9,"test","pos","adj","AO","A","IAP9","Italian","L2"
"1344",4158,132,"expletive_test",14,8,"test","neg","pej","TO","A","IPN8","Italian","L2"
"1345",4159,132,"expletive_test",66,5,"test","neg","pej","TO","A","IPN5","Italian","L2"
"1346",4160,132,"expletive_test",4,9,"test","neg","adj","AO","A","IAN9","Italian","L2"
"1347",4161,132,"expletive_test",36,2,"test","neg","adj","TO","A","IAN2","Italian","L2"
"1348",4163,132,"expletive_test",0,4,"test","neg","adj","NEU","A","IAN4","Italian","L2"
"1349",4164,132,"expletive_test",94,6,"test","pos","adj","AO","A","IAP6","Italian","L2"
"1350",4165,132,"expletive_test",95,4,"test","pos","adj","NEU","A","IAP4","Italian","L2"
"1351",4166,132,"expletive_test",98,5,"test","pos","pej","TO","A","IPP5","Italian","L2"
"1352",4167,132,"expletive_test",99,5,"test","pos","adj","TO","A","IAP5","Italian","L2"
"1353",4168,132,"expletive_test",0,1,"test","neg","pej","NEU","A","IPN1","Italian","L2"
"1354",4170,132,"expletive_test",14,5,"test","neg","adj","TO","A","IAN5","Italian","L2"
"1355",4173,132,"expletive_test",99,2,"test","pos","adj","TO","A","IAP2","Italian","L2"
"1356",4174,132,"expletive_test",97,2,"test","neg","pej","TO","A","IPN2","Italian","L2"
"1357",4179,132,"expletive_test",99,4,"test","pos","pej","NEU","A","IPP4","Italian","L2"
"1358",4180,132,"expletive_test",0,7,"test","neg","adj","NEU","A","IAN7","Italian","L2"
"1359",4182,132,"expletive_test",99,8,"test","pos","pej","TO","A","IPP8","Italian","L2"
"1360",4184,132,"expletive_test",99,7,"test","pos","adj","NEU","A","IAP7","Italian","L2"
"1361",4185,132,"expletive_test",0,6,"test","neg","pej","AO","A","IPN6","Italian","L2"
"1362",4186,132,"expletive_test",99,2,"test","pos","pej","TO","A","IPP2","Italian","L2"
"1363",4191,132,"expletive_test",7,6,"test","neg","adj","AO","A","IAN6","Italian","L2"
"1364",4192,132,"expletive_test",99,8,"test","pos","adj","TO","A","IAP8","Italian","L2"
"1365",4194,132,"expletive_test",99,1,"test","pos","pej","NEU","A","IPP1","Italian","L2"
"1366",4196,132,"expletive_test",99,6,"test","pos","pej","AO","A","IPP6","Italian","L2"
"1367",4198,132,"expletive_test",99,1,"test","pos","adj","NEU","A","IAP1","Italian","L2"
"1368",4199,132,"expletive_test",0,8,"test","neg","adj","TO","A","IAN8","Italian","L2"
"1369",4202,124,"expletive_test",92,4,"test","pos","adj","NEU","B","IAP4","Italian","L2"
"1370",4203,124,"expletive_test",99,9,"test","pos","adj","AO","B","IAP9","Italian","L2"
"1371",4204,124,"expletive_test",82,9,"test","neg","adj","AO","B","IAN9","Italian","L2"
"1372",4205,124,"expletive_test",11,3,"test","neg","pej","AO","B","IPN3","Italian","L2"
"1373",4206,124,"expletive_test",99,7,"test","pos","adj","NEU","B","IAP7","Italian","L2"
"1374",4209,124,"expletive_test",82,8,"test","pos","adj","TO","B","IAP8","Italian","L2"
"1375",4211,124,"expletive_test",99,3,"test","pos","pej","AO","B","IPP3","Italian","L2"
"1376",4212,124,"expletive_test",92,1,"test","pos","pej","NEU","B","IPP1","Italian","L2"
"1377",4213,124,"expletive_test",74,4,"test","pos","pej","NEU","B","IPP4","Italian","L2"
"1378",4214,124,"expletive_test",98,2,"test","neg","adj","TO","B","IAN2","Italian","L2"
"1379",4215,124,"expletive_test",5,4,"test","neg","pej","NEU","B","IPN4","Italian","L2"
"1380",4219,124,"expletive_test",99,5,"test","pos","pej","TO","B","IPP5","Italian","L2"
"1381",4220,124,"expletive_test",16,4,"test","neg","adj","NEU","B","IAN4","Italian","L2"
"1382",4221,124,"expletive_test",93,3,"test","neg","adj","AO","B","IAN3","Italian","L2"
"1383",4223,124,"expletive_test",92,6,"test","neg","adj","AO","B","IAN6","Italian","L2"
"1384",4226,124,"expletive_test",30,9,"test","neg","pej","AO","B","IPN9","Italian","L2"
"1385",4227,124,"expletive_test",97,5,"test","pos","adj","TO","B","IAP5","Italian","L2"
"1386",4228,124,"expletive_test",79,1,"test","neg","adj","NEU","B","IAN1","Italian","L2"
"1387",4229,124,"expletive_test",99,2,"test","pos","adj","TO","B","IAP2","Italian","L2"
"1388",4230,124,"expletive_test",82,5,"test","neg","adj","TO","B","IAN5","Italian","L2"
"1389",4233,124,"expletive_test",76,8,"test","neg","pej","TO","B","IPN8","Italian","L2"
"1390",4234,124,"expletive_test",99,8,"test","pos","pej","TO","B","IPP8","Italian","L2"
"1391",4235,124,"expletive_test",99,3,"test","pos","adj","AO","B","IAP3","Italian","L2"
"1392",4237,124,"expletive_test",99,9,"test","pos","pej","AO","B","IPP9","Italian","L2"
"1393",4238,124,"expletive_test",88,7,"test","pos","pej","NEU","B","IPP7","Italian","L2"
"1394",4239,124,"expletive_test",96,8,"test","neg","adj","TO","B","IAN8","Italian","L2"
"1395",4241,124,"expletive_test",99,1,"test","pos","adj","NEU","B","IAP1","Italian","L2"
"1396",4243,124,"expletive_test",71,2,"test","neg","pej","TO","B","IPN2","Italian","L2"
"1397",4245,124,"expletive_test",99,6,"test","pos","pej","AO","B","IPP6","Italian","L2"
"1398",4248,124,"expletive_test",8,7,"test","neg","pej","NEU","B","IPN7","Italian","L2"
"1399",4252,124,"expletive_test",76,6,"test","neg","pej","AO","B","IPN6","Italian","L2"
"1400",4253,124,"expletive_test",99,6,"test","pos","adj","AO","B","IAP6","Italian","L2"
"1401",4257,124,"expletive_test",28,1,"test","neg","pej","NEU","B","IPN1","Italian","L2"
"1402",4258,124,"expletive_test",93,5,"test","neg","pej","TO","B","IPN5","Italian","L2"
"1403",4259,124,"expletive_test",98,2,"test","pos","pej","TO","B","IPP2","Italian","L2"
"1404",4260,124,"expletive_test",26,7,"test","neg","adj","NEU","B","IAN7","Italian","L2"
"1405",4502,80,"expletive_test",0,2,"test","neg","pej","AO","C","IPN2","Italian","L2"
"1406",4503,80,"expletive_test",99,7,"test","pos","pej","TO","C","IPP7","Italian","L2"
"1407",4504,80,"expletive_test",49,2,"test","pos","pej","AO","C","IPP2","Italian","L2"
"1408",4506,80,"expletive_test",22,5,"test","neg","adj","AO","C","IAN5","Italian","L2"
"1409",4508,80,"expletive_test",0,3,"test","neg","adj","NEU","C","IAN3","Italian","L2"
"1410",4510,80,"expletive_test",0,2,"test","neg","adj","AO","C","IAN2","Italian","L2"
"1411",4511,80,"expletive_test",24,9,"test","neg","pej","NEU","C","IPN9","Italian","L2"
"1412",4512,80,"expletive_test",99,3,"test","pos","pej","NEU","C","IPP3","Italian","L2"
"1413",4513,80,"expletive_test",54,4,"test","pos","adj","TO","C","IAP4","Italian","L2"
"1414",4516,80,"expletive_test",0,4,"test","neg","pej","TO","C","IPN4","Italian","L2"
"1415",4517,80,"expletive_test",30,9,"test","neg","adj","NEU","C","IAN9","Italian","L2"
"1416",4519,80,"expletive_test",38,6,"test","neg","pej","NEU","C","IPN6","Italian","L2"
"1417",4521,80,"expletive_test",22,4,"test","neg","adj","TO","C","IAN4","Italian","L2"
"1418",4523,80,"expletive_test",97,9,"test","pos","pej","NEU","C","IPP9","Italian","L2"
"1419",4529,80,"expletive_test",33,8,"test","pos","adj","AO","C","IAP8","Italian","L2"
"1420",4531,80,"expletive_test",36,1,"test","pos","adj","TO","C","IAP1","Italian","L2"
"1421",4532,80,"expletive_test",0,8,"test","neg","adj","AO","C","IAN8","Italian","L2"
"1422",4534,80,"expletive_test",84,6,"test","pos","pej","NEU","C","IPP6","Italian","L2"
"1423",4535,80,"expletive_test",99,5,"test","pos","adj","AO","C","IAP5","Italian","L2"
"1424",4536,80,"expletive_test",0,1,"test","neg","pej","TO","C","IPN1","Italian","L2"
"1425",4537,80,"expletive_test",0,8,"test","neg","pej","AO","C","IPN8","Italian","L2"
"1426",4538,80,"expletive_test",79,7,"test","pos","adj","TO","C","IAP7","Italian","L2"
"1427",4539,80,"expletive_test",0,7,"test","neg","pej","TO","C","IPN7","Italian","L2"
"1428",4540,80,"expletive_test",0,5,"test","neg","pej","AO","C","IPN5","Italian","L2"
"1429",4542,80,"expletive_test",0,3,"test","neg","pej","NEU","C","IPN3","Italian","L2"
"1430",4543,80,"expletive_test",70,1,"test","neg","adj","TO","C","IAN1","Italian","L2"
"1431",4544,80,"expletive_test",81,4,"test","pos","pej","TO","C","IPP4","Italian","L2"
"1432",4545,80,"expletive_test",26,6,"test","neg","adj","NEU","C","IAN6","Italian","L2"
"1433",4546,80,"expletive_test",91,5,"test","pos","pej","AO","C","IPP5","Italian","L2"
"1434",4548,80,"expletive_test",83,2,"test","pos","adj","AO","C","IAP2","Italian","L2"
"1435",4554,80,"expletive_test",73,7,"test","neg","adj","TO","C","IAN7","Italian","L2"
"1436",4555,80,"expletive_test",32,9,"test","pos","adj","NEU","C","IAP9","Italian","L2"
"1437",4557,80,"expletive_test",61,6,"test","pos","adj","NEU","C","IAP6","Italian","L2"
"1438",4558,80,"expletive_test",84,8,"test","pos","pej","AO","C","IPP8","Italian","L2"
"1439",4559,80,"expletive_test",86,3,"test","pos","adj","NEU","C","IAP3","Italian","L2"
"1440",4560,80,"expletive_test",85,1,"test","pos","pej","TO","C","IPP1","Italian","L2"
"1441",4562,197,"expletive_test",0,1,"test","neg","adj","TO","B","IAN1","Italian","L2"
"1442",4563,197,"expletive_test",99,4,"test","pos","pej","TO","B","IPP4","Italian","L2"
"1443",4564,197,"expletive_test",99,8,"test","pos","pej","AO","B","IPP8","Italian","L2"
"1444",4565,197,"expletive_test",0,8,"test","neg","adj","AO","B","IAN8","Italian","L2"
"1445",4566,197,"expletive_test",99,2,"test","pos","adj","AO","B","IAP2","Italian","L2"
"1446",4572,197,"expletive_test",99,2,"test","pos","pej","AO","B","IPP2","Italian","L2"
"1447",4573,197,"expletive_test",0,8,"test","neg","pej","AO","B","IPN8","Italian","L2"
"1448",4574,197,"expletive_test",99,6,"test","pos","pej","NEU","B","IPP6","Italian","L2"
"1449",4575,197,"expletive_test",0,3,"test","neg","pej","NEU","B","IPN3","Italian","L2"
"1450",4577,197,"expletive_test",0,9,"test","neg","adj","NEU","B","IAN9","Italian","L2"
"1451",4580,197,"expletive_test",99,1,"test","pos","pej","TO","B","IPP1","Italian","L2"
"1452",4582,197,"expletive_test",0,4,"test","neg","pej","TO","B","IPN4","Italian","L2"
"1453",4585,197,"expletive_test",0,4,"test","pos","adj","TO","B","IAP4","Italian","L2"
"1454",4586,197,"expletive_test",99,8,"test","pos","adj","AO","B","IAP8","Italian","L2"
"1455",4587,197,"expletive_test",0,9,"test","neg","pej","NEU","B","IPN9","Italian","L2"
"1456",4589,197,"expletive_test",99,1,"test","pos","adj","TO","B","IAP1","Italian","L2"
"1457",4590,197,"expletive_test",0,7,"test","neg","pej","TO","B","IPN7","Italian","L2"
"1458",4591,197,"expletive_test",99,3,"test","pos","adj","NEU","B","IAP3","Italian","L2"
"1459",4592,197,"expletive_test",0,5,"test","neg","pej","AO","B","IPN5","Italian","L2"
"1460",4594,197,"expletive_test",99,3,"test","pos","pej","NEU","B","IPP3","Italian","L2"
"1461",4595,197,"expletive_test",99,7,"test","pos","adj","TO","B","IAP7","Italian","L2"
"1462",4596,197,"expletive_test",99,7,"test","neg","adj","TO","B","IAN7","Italian","L2"
"1463",4597,197,"expletive_test",0,5,"test","neg","adj","AO","B","IAN5","Italian","L2"
"1464",4598,197,"expletive_test",0,3,"test","neg","adj","NEU","B","IAN3","Italian","L2"
"1465",4599,197,"expletive_test",0,2,"test","neg","adj","AO","B","IAN2","Italian","L2"
"1466",4600,197,"expletive_test",99,9,"test","pos","adj","NEU","B","IAP9","Italian","L2"
"1467",4601,197,"expletive_test",0,2,"test","neg","pej","AO","B","IPN2","Italian","L2"
"1468",4604,197,"expletive_test",99,5,"test","pos","pej","AO","B","IPP5","Italian","L2"
"1469",4608,197,"expletive_test",0,6,"test","neg","adj","NEU","B","IAN6","Italian","L2"
"1470",4610,197,"expletive_test",0,4,"test","neg","adj","TO","B","IAN4","Italian","L2"
"1471",4611,197,"expletive_test",0,6,"test","neg","pej","NEU","B","IPN6","Italian","L2"
"1472",4613,197,"expletive_test",99,5,"test","pos","adj","AO","B","IAP5","Italian","L2"
"1473",4616,197,"expletive_test",99,7,"test","pos","pej","TO","B","IPP7","Italian","L2"
"1474",4617,197,"expletive_test",99,9,"test","pos","pej","NEU","B","IPP9","Italian","L2"
"1475",4618,197,"expletive_test",0,1,"test","neg","pej","TO","B","IPN1","Italian","L2"
"1476",4620,197,"expletive_test",99,6,"test","pos","adj","NEU","B","IAP6","Italian","L2"
"1477",4621,203,"expletive_test",28,4,"test","pos","adj","TO","C","IAP4","Italian","L2"
"1478",4623,203,"expletive_test",78,6,"test","pos","pej","NEU","C","IPP6","Italian","L2"
"1479",4624,203,"expletive_test",76,9,"test","neg","adj","NEU","C","IAN9","Italian","L2"
"1480",4625,203,"expletive_test",27,6,"test","neg","pej","NEU","C","IPN6","Italian","L2"
"1481",4628,203,"expletive_test",90,8,"test","pos","adj","AO","C","IAP8","Italian","L2"
"1482",4630,203,"expletive_test",99,4,"test","neg","adj","TO","C","IAN4","Italian","L2"
"1483",4631,203,"expletive_test",72,5,"test","neg","pej","AO","C","IPN5","Italian","L2"
"1484",4634,203,"expletive_test",23,5,"test","pos","adj","AO","C","IAP5","Italian","L2"
"1485",4636,203,"expletive_test",61,1,"test","neg","pej","TO","C","IPN1","Italian","L2"
"1486",4637,203,"expletive_test",14,2,"test","pos","pej","AO","C","IPP2","Italian","L2"
"1487",4638,203,"expletive_test",82,3,"test","neg","pej","NEU","C","IPN3","Italian","L2"
"1488",4641,203,"expletive_test",39,2,"test","neg","adj","AO","C","IAN2","Italian","L2"
"1489",4642,203,"expletive_test",70,3,"test","pos","adj","NEU","C","IAP3","Italian","L2"
"1490",4643,203,"expletive_test",65,8,"test","neg","pej","AO","C","IPN8","Italian","L2"
"1491",4644,203,"expletive_test",0,1,"test","neg","adj","TO","C","IAN1","Italian","L2"
"1492",4646,203,"expletive_test",91,8,"test","pos","pej","AO","C","IPP8","Italian","L2"
"1493",4647,203,"expletive_test",44,5,"test","pos","pej","AO","C","IPP5","Italian","L2"
"1494",4649,203,"expletive_test",32,7,"test","pos","pej","TO","C","IPP7","Italian","L2"
"1495",4650,203,"expletive_test",85,9,"test","pos","pej","NEU","C","IPP9","Italian","L2"
"1496",4652,203,"expletive_test",88,7,"test","neg","adj","TO","C","IAN7","Italian","L2"
"1497",4654,203,"expletive_test",93,1,"test","pos","adj","TO","C","IAP1","Italian","L2"
"1498",4655,203,"expletive_test",76,6,"test","neg","adj","NEU","C","IAN6","Italian","L2"
"1499",4656,203,"expletive_test",33,3,"test","pos","pej","NEU","C","IPP3","Italian","L2"
"1500",4657,203,"expletive_test",34,4,"test","neg","pej","TO","C","IPN4","Italian","L2"
"1501",4660,203,"expletive_test",38,6,"test","pos","adj","NEU","C","IAP6","Italian","L2"
"1502",4661,203,"expletive_test",99,2,"test","neg","pej","AO","C","IPN2","Italian","L2"
"1503",4662,203,"expletive_test",38,7,"test","pos","adj","TO","C","IAP7","Italian","L2"
"1504",4663,203,"expletive_test",0,5,"test","neg","adj","AO","C","IAN5","Italian","L2"
"1505",4665,203,"expletive_test",83,1,"test","pos","pej","TO","C","IPP1","Italian","L2"
"1506",4666,203,"expletive_test",21,7,"test","neg","pej","TO","C","IPN7","Italian","L2"
"1507",4668,203,"expletive_test",99,4,"test","pos","pej","TO","C","IPP4","Italian","L2"
"1508",4671,203,"expletive_test",89,9,"test","pos","adj","NEU","C","IAP9","Italian","L2"
"1509",4673,203,"expletive_test",82,8,"test","neg","adj","AO","C","IAN8","Italian","L2"
"1510",4674,203,"expletive_test",82,9,"test","neg","pej","NEU","C","IPN9","Italian","L2"
"1511",4675,203,"expletive_test",86,3,"test","neg","adj","NEU","C","IAN3","Italian","L2"
"1512",4677,203,"expletive_test",5,2,"test","pos","adj","AO","C","IAP2","Italian","L2"
"1513",4683,47,"expletive_test",73,8,"test","pos","adj","TO","B","IAP8","Italian","L2"
"1514",4684,47,"expletive_test",37,6,"test","neg","pej","AO","B","IPN6","Italian","L2"
"1515",4686,47,"expletive_test",87,3,"test","pos","adj","AO","B","IAP3","Italian","L2"
"1516",4688,47,"expletive_test",96,8,"test","pos","pej","TO","B","IPP8","Italian","L2"
"1517",4689,47,"expletive_test",37,8,"test","neg","pej","TO","B","IPN8","Italian","L2"
"1518",4690,47,"expletive_test",99,4,"test","pos","pej","NEU","B","IPP4","Italian","L2"
"1519",4692,47,"expletive_test",42,1,"test","neg","pej","NEU","B","IPN1","Italian","L2"
"1520",4693,47,"expletive_test",97,1,"test","pos","pej","NEU","B","IPP1","Italian","L2"
"1521",4696,47,"expletive_test",97,1,"test","pos","adj","NEU","B","IAP1","Italian","L2"
"1522",4697,47,"expletive_test",99,9,"test","pos","pej","AO","B","IPP9","Italian","L2"
"1523",4698,47,"expletive_test",99,7,"test","pos","pej","NEU","B","IPP7","Italian","L2"
"1524",4699,47,"expletive_test",27,9,"test","neg","pej","AO","B","IPN9","Italian","L2"
"1525",4702,47,"expletive_test",99,7,"test","pos","adj","NEU","B","IAP7","Italian","L2"
"1526",4704,47,"expletive_test",59,9,"test","pos","adj","AO","B","IAP9","Italian","L2"
"1527",4705,47,"expletive_test",99,6,"test","pos","adj","AO","B","IAP6","Italian","L2"
"1528",4707,47,"expletive_test",86,8,"test","neg","adj","TO","B","IAN8","Italian","L2"
"1529",4708,47,"expletive_test",88,5,"test","pos","adj","TO","B","IAP5","Italian","L2"
"1530",4709,47,"expletive_test",98,6,"test","pos","pej","AO","B","IPP6","Italian","L2"
"1531",4710,47,"expletive_test",76,5,"test","neg","adj","TO","B","IAN5","Italian","L2"
"1532",4712,47,"expletive_test",32,7,"test","neg","pej","NEU","B","IPN7","Italian","L2"
"1533",4714,47,"expletive_test",12,4,"test","neg","pej","NEU","B","IPN4","Italian","L2"
"1534",4715,47,"expletive_test",63,9,"test","neg","adj","AO","B","IAN9","Italian","L2"
"1535",4719,47,"expletive_test",99,2,"test","pos","pej","TO","B","IPP2","Italian","L2"
"1536",4720,47,"expletive_test",31,2,"test","neg","adj","TO","B","IAN2","Italian","L2"
"1537",4721,47,"expletive_test",62,4,"test","neg","adj","NEU","B","IAN4","Italian","L2"
"1538",4722,47,"expletive_test",84,2,"test","pos","adj","TO","B","IAP2","Italian","L2"
"1539",4723,47,"expletive_test",99,3,"test","pos","pej","AO","B","IPP3","Italian","L2"
"1540",4724,47,"expletive_test",38,3,"test","neg","pej","AO","B","IPN3","Italian","L2"
"1541",4726,47,"expletive_test",64,6,"test","neg","adj","AO","B","IAN6","Italian","L2"
"1542",4727,47,"expletive_test",61,2,"test","neg","pej","TO","B","IPN2","Italian","L2"
"1543",4729,47,"expletive_test",76,3,"test","neg","adj","AO","B","IAN3","Italian","L2"
"1544",4731,47,"expletive_test",65,7,"test","neg","adj","NEU","B","IAN7","Italian","L2"
"1545",4733,47,"expletive_test",67,5,"test","neg","pej","TO","B","IPN5","Italian","L2"
"1546",4735,47,"expletive_test",99,5,"test","pos","pej","TO","B","IPP5","Italian","L2"
"1547",4736,47,"expletive_test",80,4,"test","pos","adj","NEU","B","IAP4","Italian","L2"
"1548",4738,47,"expletive_test",69,1,"test","neg","adj","NEU","B","IAN1","Italian","L2"
"1549",4741,56,"expletive_test",3,4,"test","neg","pej","NEU","A","IPN4","Italian","L2"
"1550",4742,56,"expletive_test",60,2,"test","neg","adj","TO","A","IAN2","Italian","L2"
"1551",4743,56,"expletive_test",40,6,"test","neg","pej","AO","A","IPN6","Italian","L2"
"1552",4744,56,"expletive_test",79,4,"test","pos","pej","NEU","A","IPP4","Italian","L2"
"1553",4748,56,"expletive_test",71,4,"test","pos","adj","NEU","A","IAP4","Italian","L2"
"1554",4749,56,"expletive_test",69,9,"test","pos","adj","AO","A","IAP9","Italian","L2"
"1555",4750,56,"expletive_test",25,3,"test","neg","adj","AO","A","IAN3","Italian","L2"
"1556",4751,56,"expletive_test",69,7,"test","pos","adj","NEU","A","IAP7","Italian","L2"
"1557",4752,56,"expletive_test",18,2,"test","neg","pej","TO","A","IPN2","Italian","L2"
"1558",4753,56,"expletive_test",62,8,"test","neg","adj","TO","A","IAN8","Italian","L2"
"1559",4756,56,"expletive_test",77,9,"test","neg","adj","AO","A","IAN9","Italian","L2"
"1560",4757,56,"expletive_test",74,1,"test","pos","pej","NEU","A","IPP1","Italian","L2"
"1561",4758,56,"expletive_test",90,2,"test","pos","adj","TO","A","IAP2","Italian","L2"
"1562",4759,56,"expletive_test",17,5,"test","neg","pej","TO","A","IPN5","Italian","L2"
"1563",4760,56,"expletive_test",36,7,"test","neg","adj","NEU","A","IAN7","Italian","L2"
"1564",4761,56,"expletive_test",76,8,"test","pos","adj","TO","A","IAP8","Italian","L2"
"1565",4762,56,"expletive_test",16,7,"test","neg","pej","NEU","A","IPN7","Italian","L2"
"1566",4763,56,"expletive_test",55,6,"test","pos","adj","AO","A","IAP6","Italian","L2"
"1567",4767,56,"expletive_test",88,3,"test","pos","pej","AO","A","IPP3","Italian","L2"
"1568",4771,56,"expletive_test",34,8,"test","pos","pej","TO","A","IPP8","Italian","L2"
"1569",4774,56,"expletive_test",50,5,"test","neg","adj","TO","A","IAN5","Italian","L2"
"1570",4775,56,"expletive_test",64,1,"test","pos","adj","NEU","A","IAP1","Italian","L2"
"1571",4776,56,"expletive_test",86,6,"test","neg","adj","AO","A","IAN6","Italian","L2"
"1572",4778,56,"expletive_test",92,5,"test","pos","pej","TO","A","IPP5","Italian","L2"
"1573",4779,56,"expletive_test",32,4,"test","neg","adj","NEU","A","IAN4","Italian","L2"
"1574",4780,56,"expletive_test",93,2,"test","pos","pej","TO","A","IPP2","Italian","L2"
"1575",4781,56,"expletive_test",68,9,"test","pos","pej","AO","A","IPP9","Italian","L2"
"1576",4784,56,"expletive_test",85,6,"test","pos","pej","AO","A","IPP6","Italian","L2"
"1577",4785,56,"expletive_test",14,1,"test","neg","pej","NEU","A","IPN1","Italian","L2"
"1578",4786,56,"expletive_test",83,5,"test","pos","adj","TO","A","IAP5","Italian","L2"
"1579",4787,56,"expletive_test",39,9,"test","neg","pej","AO","A","IPN9","Italian","L2"
"1580",4789,56,"expletive_test",17,1,"test","neg","adj","NEU","A","IAN1","Italian","L2"
"1581",4790,56,"expletive_test",26,8,"test","neg","pej","TO","A","IPN8","Italian","L2"
"1582",4792,56,"expletive_test",75,7,"test","pos","pej","NEU","A","IPP7","Italian","L2"
"1583",4795,56,"expletive_test",23,3,"test","neg","pej","AO","A","IPN3","Italian","L2"
"1584",4799,56,"expletive_test",82,3,"test","pos","adj","AO","A","IAP3","Italian","L2"
"1585",4802,58,"expletive_test",99,6,"test","pos","pej","AO","C","IPP6","Italian","L2"
"1586",4803,58,"expletive_test",11,1,"test","neg","adj","NEU","C","IAN1","Italian","L2"
"1587",4804,58,"expletive_test",95,3,"test","neg","pej","AO","C","IPN3","Italian","L2"
"1588",4805,58,"expletive_test",74,7,"test","neg","adj","NEU","C","IAN7","Italian","L2"
"1589",4806,58,"expletive_test",21,7,"test","neg","pej","NEU","C","IPN7","Italian","L2"
"1590",4807,58,"expletive_test",1,1,"test","neg","pej","NEU","C","IPN1","Italian","L2"
"1591",4810,58,"expletive_test",99,9,"test","neg","adj","AO","C","IAN9","Italian","L2"
"1592",4811,58,"expletive_test",99,3,"test","neg","adj","AO","C","IAN3","Italian","L2"
"1593",4812,58,"expletive_test",99,7,"test","pos","adj","NEU","C","IAP7","Italian","L2"
"1594",4815,58,"expletive_test",99,5,"test","neg","pej","TO","C","IPN5","Italian","L2"
"1595",4817,58,"expletive_test",99,1,"test","pos","adj","NEU","C","IAP1","Italian","L2"
"1596",4818,58,"expletive_test",99,2,"test","pos","pej","TO","C","IPP2","Italian","L2"
"1597",4819,58,"expletive_test",99,2,"test","neg","pej","TO","C","IPN2","Italian","L2"
"1598",4820,58,"expletive_test",99,4,"test","pos","pej","NEU","C","IPP4","Italian","L2"
"1599",4821,58,"expletive_test",99,4,"test","pos","adj","NEU","C","IAP4","Italian","L2"
"1600",4823,58,"expletive_test",99,9,"test","neg","pej","AO","C","IPN9","Italian","L2"
"1601",4824,58,"expletive_test",99,8,"test","pos","pej","TO","C","IPP8","Italian","L2"
"1602",4829,58,"expletive_test",98,5,"test","neg","adj","TO","C","IAN5","Italian","L2"
"1603",4830,58,"expletive_test",99,6,"test","neg","adj","AO","C","IAN6","Italian","L2"
"1604",4831,58,"expletive_test",99,5,"test","pos","adj","TO","C","IAP5","Italian","L2"
"1605",4832,58,"expletive_test",99,8,"test","neg","adj","TO","C","IAN8","Italian","L2"
"1606",4838,58,"expletive_test",98,7,"test","pos","pej","NEU","C","IPP7","Italian","L2"
"1607",4839,58,"expletive_test",99,3,"test","pos","pej","AO","C","IPP3","Italian","L2"
"1608",4840,58,"expletive_test",98,9,"test","pos","pej","AO","C","IPP9","Italian","L2"
"1609",4841,58,"expletive_test",99,5,"test","pos","pej","TO","C","IPP5","Italian","L2"
"1610",4842,58,"expletive_test",99,1,"test","pos","pej","NEU","C","IPP1","Italian","L2"
"1611",4843,58,"expletive_test",99,8,"test","pos","adj","TO","C","IAP8","Italian","L2"
"1612",4845,58,"expletive_test",99,2,"test","neg","adj","TO","C","IAN2","Italian","L2"
"1613",4847,58,"expletive_test",0,4,"test","neg","pej","NEU","C","IPN4","Italian","L2"
"1614",4848,58,"expletive_test",99,2,"test","pos","adj","TO","C","IAP2","Italian","L2"
"1615",4851,58,"expletive_test",96,3,"test","pos","adj","AO","C","IAP3","Italian","L2"
"1616",4852,58,"expletive_test",92,8,"test","neg","pej","TO","C","IPN8","Italian","L2"
"1617",4853,58,"expletive_test",69,9,"test","pos","adj","AO","C","IAP9","Italian","L2"
"1618",4855,58,"expletive_test",95,6,"test","neg","pej","AO","C","IPN6","Italian","L2"
"1619",4858,58,"expletive_test",10,4,"test","neg","adj","NEU","C","IAN4","Italian","L2"
"1620",4860,58,"expletive_test",99,6,"test","pos","adj","AO","C","IAP6","Italian","L2"
"1621",4861,189,"expletive_test",99,2,"test","neg","pej","TO","B","IPN2","Italian","L2"
"1622",4862,189,"expletive_test",87,7,"test","pos","pej","NEU","B","IPP7","Italian","L2"
"1623",4863,189,"expletive_test",0,5,"test","neg","adj","TO","B","IAN5","Italian","L2"
"1624",4865,189,"expletive_test",0,4,"test","neg","pej","NEU","B","IPN4","Italian","L2"
"1625",4868,189,"expletive_test",0,1,"test","neg","pej","NEU","B","IPN1","Italian","L2"
"1626",4869,189,"expletive_test",99,8,"test","neg","pej","TO","B","IPN8","Italian","L2"
"1627",4870,189,"expletive_test",28,9,"test","neg","adj","AO","B","IAN9","Italian","L2"
"1628",4872,189,"expletive_test",12,7,"test","neg","adj","NEU","B","IAN7","Italian","L2"
"1629",4873,189,"expletive_test",47,6,"test","pos","adj","AO","B","IAP6","Italian","L2"
"1630",4876,189,"expletive_test",98,2,"test","pos","pej","TO","B","IPP2","Italian","L2"
"1631",4878,189,"expletive_test",44,3,"test","pos","adj","AO","B","IAP3","Italian","L2"
"1632",4882,189,"expletive_test",97,3,"test","neg","adj","AO","B","IAN3","Italian","L2"
"1633",4883,189,"expletive_test",99,3,"test","pos","pej","AO","B","IPP3","Italian","L2"
"1634",4884,189,"expletive_test",99,6,"test","pos","pej","AO","B","IPP6","Italian","L2"
"1635",4885,189,"expletive_test",4,9,"test","pos","adj","AO","B","IAP9","Italian","L2"
"1636",4886,189,"expletive_test",20,7,"test","pos","adj","NEU","B","IAP7","Italian","L2"
"1637",4887,189,"expletive_test",11,4,"test","pos","adj","NEU","B","IAP4","Italian","L2"
"1638",4888,189,"expletive_test",72,6,"test","neg","pej","AO","B","IPN6","Italian","L2"
"1639",4890,189,"expletive_test",99,1,"test","pos","adj","NEU","B","IAP1","Italian","L2"
"1640",4893,189,"expletive_test",26,4,"test","pos","pej","NEU","B","IPP4","Italian","L2"
"1641",4895,189,"expletive_test",99,8,"test","pos","pej","TO","B","IPP8","Italian","L2"
"1642",4896,189,"expletive_test",93,5,"test","neg","pej","TO","B","IPN5","Italian","L2"
"1643",4897,189,"expletive_test",29,4,"test","neg","adj","NEU","B","IAN4","Italian","L2"
"1644",4900,189,"expletive_test",94,5,"test","pos","pej","TO","B","IPP5","Italian","L2"
"1645",4902,189,"expletive_test",0,1,"test","neg","adj","NEU","B","IAN1","Italian","L2"
"1646",4903,189,"expletive_test",99,9,"test","pos","pej","AO","B","IPP9","Italian","L2"
"1647",4905,189,"expletive_test",69,8,"test","pos","adj","TO","B","IAP8","Italian","L2"
"1648",4906,189,"expletive_test",99,5,"test","pos","adj","TO","B","IAP5","Italian","L2"
"1649",4908,189,"expletive_test",0,7,"test","neg","pej","NEU","B","IPN7","Italian","L2"
"1650",4910,189,"expletive_test",0,2,"test","neg","adj","TO","B","IAN2","Italian","L2"
"1651",4912,189,"expletive_test",94,8,"test","neg","adj","TO","B","IAN8","Italian","L2"
"1652",4913,189,"expletive_test",99,3,"test","neg","pej","AO","B","IPN3","Italian","L2"
"1653",4914,189,"expletive_test",13,2,"test","pos","adj","TO","B","IAP2","Italian","L2"
"1654",4915,189,"expletive_test",99,9,"test","neg","pej","AO","B","IPN9","Italian","L2"
"1655",4917,189,"expletive_test",70,6,"test","neg","adj","AO","B","IAN6","Italian","L2"
"1656",4918,189,"expletive_test",24,1,"test","pos","pej","NEU","B","IPP1","Italian","L2"
"1657",4922,159,"expletive_test",0,7,"test","neg","adj","NEU","A","IAN7","Italian","L2"
"1658",4923,159,"expletive_test",14,7,"test","pos","pej","NEU","A","IPP7","Italian","L2"
"1659",4924,159,"expletive_test",0,8,"test","pos","adj","TO","A","IAP8","Italian","L2"
"1660",4926,159,"expletive_test",71,2,"test","neg","adj","TO","A","IAN2","Italian","L2"
"1661",4931,159,"expletive_test",61,8,"test","neg","adj","TO","A","IAN8","Italian","L2"
"1662",4933,159,"expletive_test",50,1,"test","pos","adj","NEU","A","IAP1","Italian","L2"
"1663",4935,159,"expletive_test",39,7,"test","pos","adj","NEU","A","IAP7","Italian","L2"
"1664",4938,159,"expletive_test",19,9,"test","neg","adj","AO","A","IAN9","Italian","L2"
"1665",4941,159,"expletive_test",71,3,"test","neg","adj","AO","A","IAN3","Italian","L2"
"1666",4943,159,"expletive_test",28,9,"test","pos","pej","AO","A","IPP9","Italian","L2"
"1667",4944,159,"expletive_test",35,4,"test","pos","adj","NEU","A","IAP4","Italian","L2"
"1668",4945,159,"expletive_test",72,8,"test","neg","pej","TO","A","IPN8","Italian","L2"
"1669",4946,159,"expletive_test",68,4,"test","neg","pej","NEU","A","IPN4","Italian","L2"
"1670",4947,159,"expletive_test",33,7,"test","neg","pej","NEU","A","IPN7","Italian","L2"
"1671",4948,159,"expletive_test",32,9,"test","neg","pej","AO","A","IPN9","Italian","L2"
"1672",4949,159,"expletive_test",33,2,"test","pos","adj","TO","A","IAP2","Italian","L2"
"1673",4950,159,"expletive_test",35,1,"test","neg","adj","NEU","A","IAN1","Italian","L2"
"1674",4951,159,"expletive_test",39,3,"test","pos","pej","AO","A","IPP3","Italian","L2"
"1675",4953,159,"expletive_test",10,2,"test","neg","pej","TO","A","IPN2","Italian","L2"
"1676",4955,159,"expletive_test",77,9,"test","pos","adj","AO","A","IAP9","Italian","L2"
"1677",4956,159,"expletive_test",20,6,"test","neg","pej","AO","A","IPN6","Italian","L2"
"1678",4958,159,"expletive_test",61,6,"test","pos","pej","AO","A","IPP6","Italian","L2"
"1679",4960,159,"expletive_test",64,5,"test","neg","adj","TO","A","IAN5","Italian","L2"
"1680",4961,159,"expletive_test",75,2,"test","pos","pej","TO","A","IPP2","Italian","L2"
"1681",4962,159,"expletive_test",87,5,"test","pos","adj","TO","A","IAP5","Italian","L2"
"1682",4964,159,"expletive_test",0,4,"test","neg","adj","NEU","A","IAN4","Italian","L2"
"1683",4966,159,"expletive_test",28,1,"test","neg","pej","NEU","A","IPN1","Italian","L2"
"1684",4967,159,"expletive_test",16,4,"test","pos","pej","NEU","A","IPP4","Italian","L2"
"1685",4969,159,"expletive_test",81,8,"test","pos","pej","TO","A","IPP8","Italian","L2"
"1686",4972,159,"expletive_test",99,5,"test","neg","pej","TO","A","IPN5","Italian","L2"
"1687",4974,159,"expletive_test",88,5,"test","pos","pej","TO","A","IPP5","Italian","L2"
"1688",4975,159,"expletive_test",99,3,"test","neg","pej","AO","A","IPN3","Italian","L2"
"1689",4977,159,"expletive_test",38,1,"test","pos","pej","NEU","A","IPP1","Italian","L2"
"1690",4978,159,"expletive_test",67,3,"test","pos","adj","AO","A","IAP3","Italian","L2"
"1691",4979,159,"expletive_test",80,6,"test","neg","adj","AO","A","IAN6","Italian","L2"
"1692",4980,159,"expletive_test",73,6,"test","pos","adj","AO","A","IAP6","Italian","L2"
"1693",4982,121,"expletive_test",0,9,"test","pos","pej","NEU","C","IPP9","Italian","L2"
"1694",4986,121,"expletive_test",11,1,"test","neg","pej","TO","C","IPN1","Italian","L2"
"1695",4987,121,"expletive_test",0,3,"test","neg","pej","NEU","C","IPN3","Italian","L2"
"1696",4990,121,"expletive_test",0,6,"test","neg","adj","NEU","C","IAN6","Italian","L2"
"1697",4991,121,"expletive_test",8,3,"test","neg","adj","NEU","C","IAN3","Italian","L2"
"1698",4994,121,"expletive_test",3,9,"test","neg","adj","NEU","C","IAN9","Italian","L2"
"1699",4996,121,"expletive_test",16,8,"test","neg","adj","AO","C","IAN8","Italian","L2"
"1700",4998,121,"expletive_test",84,1,"test","pos","adj","TO","C","IAP1","Italian","L2"
"1701",5000,121,"expletive_test",0,6,"test","pos","pej","NEU","C","IPP6","Italian","L2"
"1702",5001,121,"expletive_test",11,7,"test","neg","adj","TO","C","IAN7","Italian","L2"
"1703",5003,121,"expletive_test",84,8,"test","neg","pej","AO","C","IPN8","Italian","L2"
"1704",5004,121,"expletive_test",24,7,"test","pos","pej","TO","C","IPP7","Italian","L2"
"1705",5005,121,"expletive_test",19,1,"test","neg","adj","TO","C","IAN1","Italian","L2"
"1706",5006,121,"expletive_test",85,4,"test","neg","pej","TO","C","IPN4","Italian","L2"
"1707",5007,121,"expletive_test",0,2,"test","pos","pej","AO","C","IPP2","Italian","L2"
"1708",5008,121,"expletive_test",72,4,"test","pos","pej","TO","C","IPP4","Italian","L2"
"1709",5009,121,"expletive_test",6,8,"test","pos","adj","AO","C","IAP8","Italian","L2"
"1710",5012,121,"expletive_test",0,3,"test","pos","adj","NEU","C","IAP3","Italian","L2"
"1711",5013,121,"expletive_test",70,4,"test","neg","adj","TO","C","IAN4","Italian","L2"
"1712",5015,121,"expletive_test",67,5,"test","pos","adj","AO","C","IAP5","Italian","L2"
"1713",5016,121,"expletive_test",0,3,"test","pos","pej","NEU","C","IPP3","Italian","L2"
"1714",5017,121,"expletive_test",63,2,"test","neg","adj","AO","C","IAN2","Italian","L2"
"1715",5021,121,"expletive_test",6,2,"test","neg","pej","AO","C","IPN2","Italian","L2"
"1716",5023,121,"expletive_test",22,7,"test","pos","adj","TO","C","IAP7","Italian","L2"
"1717",5025,121,"expletive_test",0,8,"test","pos","pej","AO","C","IPP8","Italian","L2"
"1718",5027,121,"expletive_test",0,9,"test","neg","pej","NEU","C","IPN9","Italian","L2"
"1719",5028,121,"expletive_test",29,6,"test","pos","adj","NEU","C","IAP6","Italian","L2"
"1720",5029,121,"expletive_test",26,5,"test","neg","adj","AO","C","IAN5","Italian","L2"
"1721",5030,121,"expletive_test",73,5,"test","pos","pej","AO","C","IPP5","Italian","L2"
"1722",5031,121,"expletive_test",23,4,"test","pos","adj","TO","C","IAP4","Italian","L2"
"1723",5032,121,"expletive_test",11,9,"test","pos","adj","NEU","C","IAP9","Italian","L2"
"1724",5033,121,"expletive_test",69,5,"test","neg","pej","AO","C","IPN5","Italian","L2"
"1725",5036,121,"expletive_test",61,2,"test","pos","adj","AO","C","IAP2","Italian","L2"
"1726",5038,121,"expletive_test",73,7,"test","neg","pej","TO","C","IPN7","Italian","L2"
"1727",5039,121,"expletive_test",0,6,"test","neg","pej","NEU","C","IPN6","Italian","L2"
"1728",5040,121,"expletive_test",67,1,"test","pos","pej","TO","C","IPP1","Italian","L2"
"1729",5043,131,"expletive_test",96,1,"test","pos","adj","NEU","A","IAP1","Italian","L2"
"1730",5044,131,"expletive_test",69,1,"test","pos","pej","NEU","A","IPP1","Italian","L2"
"1731",5045,131,"expletive_test",77,3,"test","pos","adj","AO","A","IAP3","Italian","L2"
"1732",5046,131,"expletive_test",83,6,"test","pos","adj","AO","A","IAP6","Italian","L2"
"1733",5047,131,"expletive_test",76,2,"test","neg","adj","TO","A","IAN2","Italian","L2"
"1734",5048,131,"expletive_test",76,3,"test","pos","pej","AO","A","IPP3","Italian","L2"
"1735",5051,131,"expletive_test",20,1,"test","neg","adj","NEU","A","IAN1","Italian","L2"
"1736",5052,131,"expletive_test",81,8,"test","pos","adj","TO","A","IAP8","Italian","L2"
"1737",5054,131,"expletive_test",21,7,"test","neg","pej","NEU","A","IPN7","Italian","L2"
"1738",5055,131,"expletive_test",71,3,"test","neg","adj","AO","A","IAN3","Italian","L2"
"1739",5056,131,"expletive_test",88,5,"test","neg","adj","TO","A","IAN5","Italian","L2"
"1740",5057,131,"expletive_test",99,5,"test","pos","pej","TO","A","IPP5","Italian","L2"
"1741",5058,131,"expletive_test",78,8,"test","neg","adj","TO","A","IAN8","Italian","L2"
"1742",5060,131,"expletive_test",68,9,"test","pos","pej","AO","A","IPP9","Italian","L2"
"1743",5061,131,"expletive_test",70,9,"test","pos","adj","AO","A","IAP9","Italian","L2"
"1744",5062,131,"expletive_test",73,9,"test","neg","adj","AO","A","IAN9","Italian","L2"
"1745",5064,131,"expletive_test",62,6,"test","neg","adj","AO","A","IAN6","Italian","L2"
"1746",5066,131,"expletive_test",99,4,"test","pos","pej","NEU","A","IPP4","Italian","L2"
"1747",5067,131,"expletive_test",96,2,"test","pos","adj","TO","A","IAP2","Italian","L2"
"1748",5068,131,"expletive_test",87,5,"test","neg","pej","TO","A","IPN5","Italian","L2"
"1749",5070,131,"expletive_test",88,5,"test","pos","adj","TO","A","IAP5","Italian","L2"
"1750",5072,131,"expletive_test",27,4,"test","neg","pej","NEU","A","IPN4","Italian","L2"
"1751",5075,131,"expletive_test",89,7,"test","pos","pej","NEU","A","IPP7","Italian","L2"
"1752",5077,131,"expletive_test",62,8,"test","neg","pej","TO","A","IPN8","Italian","L2"
"1753",5080,131,"expletive_test",25,3,"test","neg","pej","AO","A","IPN3","Italian","L2"
"1754",5081,131,"expletive_test",76,6,"test","pos","pej","AO","A","IPP6","Italian","L2"
"1755",5082,131,"expletive_test",94,8,"test","pos","pej","TO","A","IPP8","Italian","L2"
"1756",5083,131,"expletive_test",66,7,"test","pos","adj","NEU","A","IAP7","Italian","L2"
"1757",5086,131,"expletive_test",14,1,"test","neg","pej","NEU","A","IPN1","Italian","L2"
"1758",5087,131,"expletive_test",99,2,"test","pos","pej","TO","A","IPP2","Italian","L2"
"1759",5088,131,"expletive_test",68,4,"test","pos","adj","NEU","A","IAP4","Italian","L2"
"1760",5090,131,"expletive_test",39,7,"test","neg","adj","NEU","A","IAN7","Italian","L2"
"1761",5091,131,"expletive_test",34,9,"test","neg","pej","AO","A","IPN9","Italian","L2"
"1762",5095,131,"expletive_test",39,6,"test","neg","pej","AO","A","IPN6","Italian","L2"
"1763",5098,131,"expletive_test",71,2,"test","neg","pej","TO","A","IPN2","Italian","L2"
"1764",5099,131,"expletive_test",70,4,"test","neg","adj","NEU","A","IAN4","Italian","L2"
"1765",5101,155,"expletive_test",0,8,"test","pos","pej","TO","B","IPP8","Italian","L2"
"1766",5102,155,"expletive_test",0,5,"test","pos","pej","TO","B","IPP5","Italian","L2"
"1767",5103,155,"expletive_test",86,4,"test","pos","pej","NEU","B","IPP4","Italian","L2"
"1768",5110,155,"expletive_test",14,1,"test","neg","adj","NEU","B","IAN1","Italian","L2"
"1769",5111,155,"expletive_test",84,9,"test","neg","pej","AO","B","IPN9","Italian","L2"
"1770",5112,155,"expletive_test",21,7,"test","pos","adj","NEU","B","IAP7","Italian","L2"
"1771",5113,155,"expletive_test",16,5,"test","neg","pej","TO","B","IPN5","Italian","L2"
"1772",5114,155,"expletive_test",78,7,"test","pos","pej","NEU","B","IPP7","Italian","L2"
"1773",5115,155,"expletive_test",21,6,"test","pos","adj","AO","B","IAP6","Italian","L2"
"1774",5116,155,"expletive_test",92,6,"test","neg","pej","AO","B","IPN6","Italian","L2"
"1775",5117,155,"expletive_test",23,4,"test","neg","adj","NEU","B","IAN4","Italian","L2"
"1776",5118,155,"expletive_test",13,4,"test","pos","adj","NEU","B","IAP4","Italian","L2"
"1777",5119,155,"expletive_test",15,8,"test","pos","adj","TO","B","IAP8","Italian","L2"
"1778",5121,155,"expletive_test",5,5,"test","neg","adj","TO","B","IAN5","Italian","L2"
"1779",5122,155,"expletive_test",60,1,"test","pos","adj","NEU","B","IAP1","Italian","L2"
"1780",5126,155,"expletive_test",41,3,"test","pos","adj","AO","B","IAP3","Italian","L2"
"1781",5128,155,"expletive_test",28,3,"test","pos","pej","AO","B","IPP3","Italian","L2"
"1782",5130,155,"expletive_test",22,2,"test","neg","adj","TO","B","IAN2","Italian","L2"
"1783",5132,155,"expletive_test",24,3,"test","neg","adj","AO","B","IAN3","Italian","L2"
"1784",5134,155,"expletive_test",72,1,"test","pos","pej","NEU","B","IPP1","Italian","L2"
"1785",5135,155,"expletive_test",76,7,"test","neg","adj","NEU","B","IAN7","Italian","L2"
"1786",5139,155,"expletive_test",30,2,"test","pos","pej","TO","B","IPP2","Italian","L2"
"1787",5142,155,"expletive_test",30,9,"test","pos","pej","AO","B","IPP9","Italian","L2"
"1788",5143,155,"expletive_test",73,1,"test","neg","pej","NEU","B","IPN1","Italian","L2"
"1789",5144,155,"expletive_test",52,9,"test","pos","adj","AO","B","IAP9","Italian","L2"
"1790",5146,155,"expletive_test",14,2,"test","pos","adj","TO","B","IAP2","Italian","L2"
"1791",5148,155,"expletive_test",69,7,"test","neg","pej","NEU","B","IPN7","Italian","L2"
"1792",5149,155,"expletive_test",69,4,"test","neg","pej","NEU","B","IPN4","Italian","L2"
"1793",5150,155,"expletive_test",29,6,"test","neg","adj","AO","B","IAN6","Italian","L2"
"1794",5151,155,"expletive_test",70,5,"test","pos","adj","TO","B","IAP5","Italian","L2"
"1795",5153,155,"expletive_test",74,8,"test","neg","pej","TO","B","IPN8","Italian","L2"
"1796",5154,155,"expletive_test",34,6,"test","pos","pej","AO","B","IPP6","Italian","L2"
"1797",5155,155,"expletive_test",70,9,"test","neg","adj","AO","B","IAN9","Italian","L2"
"1798",5156,155,"expletive_test",70,3,"test","neg","pej","AO","B","IPN3","Italian","L2"
"1799",5158,155,"expletive_test",29,2,"test","neg","pej","TO","B","IPN2","Italian","L2"
"1800",5159,155,"expletive_test",15,8,"test","neg","adj","TO","B","IAN8","Italian","L2"
"1801",5162,24,"expletive_test",99,5,"test","pos","adj","AO","C","IAP5","Italian","L2"
"1802",5163,24,"expletive_test",99,5,"test","pos","pej","AO","C","IPP5","Italian","L2"
"1803",5165,24,"expletive_test",99,7,"test","pos","adj","TO","C","IAP7","Italian","L2"
"1804",5166,24,"expletive_test",66,9,"test","neg","adj","NEU","C","IAN9","Italian","L2"
"1805",5167,24,"expletive_test",92,3,"test","pos","pej","NEU","C","IPP3","Italian","L2"
"1806",5168,24,"expletive_test",99,1,"test","pos","adj","TO","C","IAP1","Italian","L2"
"1807",5169,24,"expletive_test",99,4,"test","pos","adj","TO","C","IAP4","Italian","L2"
"1808",5173,24,"expletive_test",66,8,"test","pos","adj","AO","C","IAP8","Italian","L2"
"1809",5175,24,"expletive_test",80,7,"test","neg","pej","TO","C","IPN7","Italian","L2"
"1810",5176,24,"expletive_test",80,6,"test","pos","adj","NEU","C","IAP6","Italian","L2"
"1811",5177,24,"expletive_test",99,4,"test","pos","pej","TO","C","IPP4","Italian","L2"
"1812",5181,24,"expletive_test",0,6,"test","neg","adj","NEU","C","IAN6","Italian","L2"
"1813",5182,24,"expletive_test",71,3,"test","pos","adj","NEU","C","IAP3","Italian","L2"
"1814",5184,24,"expletive_test",99,2,"test","pos","adj","AO","C","IAP2","Italian","L2"
"1815",5186,24,"expletive_test",67,8,"test","neg","adj","AO","C","IAN8","Italian","L2"
"1816",5187,24,"expletive_test",96,6,"test","pos","pej","NEU","C","IPP6","Italian","L2"
"1817",5190,24,"expletive_test",15,6,"test","neg","pej","NEU","C","IPN6","Italian","L2"
"1818",5192,24,"expletive_test",99,1,"test","neg","adj","TO","C","IAN1","Italian","L2"
"1819",5193,24,"expletive_test",13,9,"test","neg","pej","NEU","C","IPN9","Italian","L2"
"1820",5195,24,"expletive_test",63,9,"test","pos","adj","NEU","C","IAP9","Italian","L2"
"1821",5196,24,"expletive_test",0,4,"test","neg","pej","TO","C","IPN4","Italian","L2"
"1822",5198,24,"expletive_test",8,8,"test","neg","pej","AO","C","IPN8","Italian","L2"
"1823",5199,24,"expletive_test",98,2,"test","pos","pej","AO","C","IPP2","Italian","L2"
"1824",5203,24,"expletive_test",68,7,"test","neg","adj","TO","C","IAN7","Italian","L2"
"1825",5205,24,"expletive_test",76,4,"test","neg","adj","TO","C","IAN4","Italian","L2"
"1826",5208,24,"expletive_test",65,1,"test","neg","pej","TO","C","IPN1","Italian","L2"
"1827",5209,24,"expletive_test",29,5,"test","neg","adj","AO","C","IAN5","Italian","L2"
"1828",5210,24,"expletive_test",34,2,"test","neg","adj","AO","C","IAN2","Italian","L2"
"1829",5211,24,"expletive_test",98,9,"test","pos","pej","NEU","C","IPP9","Italian","L2"
"1830",5212,24,"expletive_test",99,7,"test","pos","pej","TO","C","IPP7","Italian","L2"
"1831",5214,24,"expletive_test",6,3,"test","neg","pej","NEU","C","IPN3","Italian","L2"
"1832",5216,24,"expletive_test",99,1,"test","pos","pej","TO","C","IPP1","Italian","L2"
"1833",5217,24,"expletive_test",27,5,"test","neg","pej","AO","C","IPN5","Italian","L2"
"1834",5218,24,"expletive_test",0,2,"test","neg","pej","AO","C","IPN2","Italian","L2"
"1835",5219,24,"expletive_test",4,3,"test","neg","adj","NEU","C","IAN3","Italian","L2"
"1836",5220,24,"expletive_test",99,8,"test","pos","pej","AO","C","IPP8","Italian","L2"
"1837",5222,91,"expletive_test",73,9,"test","pos","adj","AO","A","IAP9","Italian","L2"
"1838",5223,91,"expletive_test",87,9,"test","pos","pej","AO","A","IPP9","Italian","L2"
"1839",5224,91,"expletive_test",11,5,"test","neg","pej","TO","A","IPN5","Italian","L2"
"1840",5225,91,"expletive_test",33,9,"test","neg","adj","AO","A","IAN9","Italian","L2"
"1841",5226,91,"expletive_test",10,7,"test","pos","adj","NEU","A","IAP7","Italian","L2"
"1842",5228,91,"expletive_test",22,6,"test","neg","adj","AO","A","IAN6","Italian","L2"
"1843",5229,91,"expletive_test",2,9,"test","neg","pej","AO","A","IPN9","Italian","L2"
"1844",5231,91,"expletive_test",11,5,"test","neg","adj","TO","A","IAN5","Italian","L2"
"1845",5232,91,"expletive_test",99,1,"test","pos","adj","NEU","A","IAP1","Italian","L2"
"1846",5233,91,"expletive_test",19,6,"test","pos","pej","AO","A","IPP6","Italian","L2"
"1847",5234,91,"expletive_test",7,6,"test","neg","pej","AO","A","IPN6","Italian","L2"
"1848",5235,91,"expletive_test",96,7,"test","neg","adj","NEU","A","IAN7","Italian","L2"
"1849",5236,91,"expletive_test",27,2,"test","neg","adj","TO","A","IAN2","Italian","L2"
"1850",5239,91,"expletive_test",7,8,"test","neg","pej","TO","A","IPN8","Italian","L2"
"1851",5241,91,"expletive_test",95,5,"test","pos","adj","TO","A","IAP5","Italian","L2"
"1852",5243,91,"expletive_test",73,8,"test","pos","adj","TO","A","IAP8","Italian","L2"
"1853",5244,91,"expletive_test",24,4,"test","pos","pej","NEU","A","IPP4","Italian","L2"
"1854",5247,91,"expletive_test",0,1,"test","neg","adj","NEU","A","IAN1","Italian","L2"
"1855",5248,91,"expletive_test",89,6,"test","pos","adj","AO","A","IAP6","Italian","L2"
"1856",5250,91,"expletive_test",21,4,"test","pos","adj","NEU","A","IAP4","Italian","L2"
"1857",5251,91,"expletive_test",93,3,"test","pos","adj","AO","A","IAP3","Italian","L2"
"1858",5252,91,"expletive_test",16,3,"test","neg","pej","AO","A","IPN3","Italian","L2"
"1859",5253,91,"expletive_test",81,2,"test","pos","adj","TO","A","IAP2","Italian","L2"
"1860",5254,91,"expletive_test",95,3,"test","pos","pej","AO","A","IPP3","Italian","L2"
"1861",5260,91,"expletive_test",62,4,"test","neg","adj","NEU","A","IAN4","Italian","L2"
"1862",5261,91,"expletive_test",6,1,"test","neg","pej","NEU","A","IPN1","Italian","L2"
"1863",5263,91,"expletive_test",78,1,"test","pos","pej","NEU","A","IPP1","Italian","L2"
"1864",5265,91,"expletive_test",22,4,"test","neg","pej","NEU","A","IPN4","Italian","L2"
"1865",5266,91,"expletive_test",74,7,"test","pos","pej","NEU","A","IPP7","Italian","L2"
"1866",5267,91,"expletive_test",13,8,"test","neg","adj","TO","A","IAN8","Italian","L2"
"1867",5269,91,"expletive_test",87,2,"test","neg","pej","TO","A","IPN2","Italian","L2"
"1868",5272,91,"expletive_test",87,2,"test","pos","pej","TO","A","IPP2","Italian","L2"
"1869",5273,91,"expletive_test",94,5,"test","pos","pej","TO","A","IPP5","Italian","L2"
"1870",5275,91,"expletive_test",73,3,"test","neg","adj","AO","A","IAN3","Italian","L2"
"1871",5276,91,"expletive_test",83,7,"test","neg","pej","NEU","A","IPN7","Italian","L2"
"1872",5277,91,"expletive_test",96,8,"test","pos","pej","TO","A","IPP8","Italian","L2"
"1873",5284,59,"expletive_test",61,8,"test","pos","adj","TO","B","IAP8","Italian","L2"
"1874",5285,59,"expletive_test",49,7,"test","pos","adj","NEU","B","IAP7","Italian","L2"
"1875",5286,59,"expletive_test",32,9,"test","pos","adj","AO","B","IAP9","Italian","L2"
"1876",5287,59,"expletive_test",84,8,"test","neg","adj","TO","B","IAN8","Italian","L2"
"1877",5291,59,"expletive_test",97,5,"test","pos","pej","TO","B","IPP5","Italian","L2"
"1878",5292,59,"expletive_test",92,3,"test","neg","pej","AO","B","IPN3","Italian","L2"
"1879",5293,59,"expletive_test",81,6,"test","pos","adj","AO","B","IAP6","Italian","L2"
"1880",5295,59,"expletive_test",80,9,"test","neg","adj","AO","B","IAN9","Italian","L2"
"1881",5297,59,"expletive_test",64,2,"test","pos","adj","TO","B","IAP2","Italian","L2"
"1882",5298,59,"expletive_test",38,7,"test","neg","pej","NEU","B","IPN7","Italian","L2"
"1883",5299,59,"expletive_test",36,4,"test","pos","adj","NEU","B","IAP4","Italian","L2"
"1884",5303,59,"expletive_test",84,3,"test","neg","adj","AO","B","IAN3","Italian","L2"
"1885",5304,59,"expletive_test",40,4,"test","neg","adj","NEU","B","IAN4","Italian","L2"
"1886",5305,59,"expletive_test",33,1,"test","neg","pej","NEU","B","IPN1","Italian","L2"
"1887",5307,59,"expletive_test",79,6,"test","neg","pej","AO","B","IPN6","Italian","L2"
"1888",5310,59,"expletive_test",20,4,"test","neg","pej","NEU","B","IPN4","Italian","L2"
"1889",5312,59,"expletive_test",23,4,"test","pos","pej","NEU","B","IPP4","Italian","L2"
"1890",5313,59,"expletive_test",78,6,"test","neg","adj","AO","B","IAN6","Italian","L2"
"1891",5314,59,"expletive_test",63,1,"test","pos","pej","NEU","B","IPP1","Italian","L2"
"1892",5315,59,"expletive_test",82,7,"test","pos","pej","NEU","B","IPP7","Italian","L2"
"1893",5316,59,"expletive_test",87,9,"test","neg","pej","AO","B","IPN9","Italian","L2"
"1894",5319,59,"expletive_test",92,3,"test","pos","pej","AO","B","IPP3","Italian","L2"
"1895",5323,59,"expletive_test",97,8,"test","pos","pej","TO","B","IPP8","Italian","L2"
"1896",5324,59,"expletive_test",85,9,"test","pos","pej","AO","B","IPP9","Italian","L2"
"1897",5325,59,"expletive_test",74,3,"test","pos","adj","AO","B","IAP3","Italian","L2"
"1898",5326,59,"expletive_test",83,5,"test","pos","adj","TO","B","IAP5","Italian","L2"
"1899",5328,59,"expletive_test",89,6,"test","pos","pej","AO","B","IPP6","Italian","L2"
"1900",5329,59,"expletive_test",84,5,"test","neg","pej","TO","B","IPN5","Italian","L2"
"1901",5330,59,"expletive_test",80,8,"test","neg","pej","TO","B","IPN8","Italian","L2"
"1902",5333,59,"expletive_test",37,7,"test","neg","adj","NEU","B","IAN7","Italian","L2"
"1903",5334,59,"expletive_test",82,5,"test","neg","adj","TO","B","IAN5","Italian","L2"
"1904",5335,59,"expletive_test",98,2,"test","pos","pej","TO","B","IPP2","Italian","L2"
"1905",5337,59,"expletive_test",86,2,"test","neg","adj","TO","B","IAN2","Italian","L2"
"1906",5338,59,"expletive_test",94,2,"test","neg","pej","TO","B","IPN2","Italian","L2"
"1907",5339,59,"expletive_test",71,1,"test","pos","adj","NEU","B","IAP1","Italian","L2"
"1908",5340,59,"expletive_test",40,1,"test","neg","adj","NEU","B","IAN1","Italian","L2"
"1909",5403,32,"expletive_test",89,1,"test","pos","pej","AO","C","IPP1","Italian","L2"
"1910",5406,32,"expletive_test",99,6,"test","neg","pej","TO","C","IPN6","Italian","L2"
"1911",5407,32,"expletive_test",99,4,"test","neg","pej","AO","C","IPN4","Italian","L2"
"1912",5408,32,"expletive_test",99,9,"test","pos","pej","TO","C","IPP9","Italian","L2"
"1913",5409,32,"expletive_test",99,1,"test","neg","adj","AO","C","IAN1","Italian","L2"
"1914",5412,32,"expletive_test",54,2,"test","pos","pej","NEU","C","IPP2","Italian","L2"
"1915",5414,32,"expletive_test",5,5,"test","neg","pej","NEU","C","IPN5","Italian","L2"
"1916",5415,32,"expletive_test",77,4,"test","neg","adj","AO","C","IAN4","Italian","L2"
"1917",5416,32,"expletive_test",58,7,"test","pos","adj","AO","C","IAP7","Italian","L2"
"1918",5417,32,"expletive_test",87,3,"test","pos","pej","TO","C","IPP3","Italian","L2"
"1919",5418,32,"expletive_test",84,4,"test","pos","pej","AO","C","IPP4","Italian","L2"
"1920",5419,32,"expletive_test",95,3,"test","neg","adj","TO","C","IAN3","Italian","L2"
"1921",5422,32,"expletive_test",99,9,"test","neg","pej","TO","C","IPN9","Italian","L2"
"1922",5425,32,"expletive_test",70,8,"test","pos","pej","NEU","C","IPP8","Italian","L2"
"1923",5426,32,"expletive_test",2,4,"test","pos","adj","AO","C","IAP4","Italian","L2"
"1924",5427,32,"expletive_test",68,5,"test","pos","adj","NEU","C","IAP5","Italian","L2"
"1925",5428,32,"expletive_test",81,9,"test","neg","adj","TO","C","IAN9","Italian","L2"
"1926",5429,32,"expletive_test",54,9,"test","pos","adj","TO","C","IAP9","Italian","L2"
"1927",5430,32,"expletive_test",99,7,"test","neg","pej","AO","C","IPN7","Italian","L2"
"1928",5431,32,"expletive_test",92,3,"test","neg","pej","TO","C","IPN3","Italian","L2"
"1929",5432,32,"expletive_test",58,5,"test","pos","pej","NEU","C","IPP5","Italian","L2"
"1930",5433,32,"expletive_test",92,1,"test","neg","pej","AO","C","IPN1","Italian","L2"
"1931",5438,32,"expletive_test",58,2,"test","pos","adj","NEU","C","IAP2","Italian","L2"
"1932",5439,32,"expletive_test",27,5,"test","neg","adj","NEU","C","IAN5","Italian","L2"
"1933",5440,32,"expletive_test",95,6,"test","neg","adj","TO","C","IAN6","Italian","L2"
"1934",5443,32,"expletive_test",56,8,"test","pos","adj","NEU","C","IAP8","Italian","L2"
"1935",5445,32,"expletive_test",60,6,"test","pos","pej","TO","C","IPP6","Italian","L2"
"1936",5448,32,"expletive_test",0,8,"test","neg","pej","NEU","C","IPN8","Italian","L2"
"1937",5450,32,"expletive_test",88,1,"test","pos","adj","AO","C","IAP1","Italian","L2"
"1938",5452,32,"expletive_test",74,3,"test","pos","adj","TO","C","IAP3","Italian","L2"
"1939",5453,32,"expletive_test",92,6,"test","pos","adj","TO","C","IAP6","Italian","L2"
"1940",5454,32,"expletive_test",82,7,"test","pos","pej","AO","C","IPP7","Italian","L2"
"1941",5456,32,"expletive_test",0,2,"test","neg","adj","NEU","C","IAN2","Italian","L2"
"1942",5457,32,"expletive_test",0,8,"test","neg","adj","NEU","C","IAN8","Italian","L2"
"1943",5458,32,"expletive_test",3,2,"test","neg","pej","NEU","C","IPN2","Italian","L2"
"1944",5459,32,"expletive_test",94,7,"test","neg","adj","AO","C","IAN7","Italian","L2"
"1945",5462,143,"expletive_test",99,5,"test","neg","pej","TO","C","IPN5","Italian","L2"
"1946",5465,143,"expletive_test",99,2,"test","neg","pej","TO","C","IPN2","Italian","L2"
"1947",5466,143,"expletive_test",83,9,"test","pos","adj","AO","C","IAP9","Italian","L2"
"1948",5467,143,"expletive_test",99,2,"test","pos","pej","TO","C","IPP2","Italian","L2"
"1949",5469,143,"expletive_test",8,3,"test","neg","pej","AO","C","IPN3","Italian","L2"
"1950",5470,143,"expletive_test",99,7,"test","pos","pej","NEU","C","IPP7","Italian","L2"
"1951",5471,143,"expletive_test",99,1,"test","pos","adj","NEU","C","IAP1","Italian","L2"
"1952",5474,143,"expletive_test",51,7,"test","neg","adj","NEU","C","IAN7","Italian","L2"
"1953",5475,143,"expletive_test",90,5,"test","pos","adj","TO","C","IAP5","Italian","L2"
"1954",5478,143,"expletive_test",86,2,"test","neg","adj","TO","C","IAN2","Italian","L2"
"1955",5483,143,"expletive_test",99,4,"test","pos","adj","NEU","C","IAP4","Italian","L2"
"1956",5485,143,"expletive_test",99,1,"test","pos","pej","NEU","C","IPP1","Italian","L2"
"1957",5486,143,"expletive_test",61,3,"test","pos","pej","AO","C","IPP3","Italian","L2"
"1958",5487,143,"expletive_test",99,9,"test","pos","pej","AO","C","IPP9","Italian","L2"
"1959",5489,143,"expletive_test",99,6,"test","pos","pej","AO","C","IPP6","Italian","L2"
"1960",5490,143,"expletive_test",24,3,"test","neg","adj","AO","C","IAN3","Italian","L2"
"1961",5492,143,"expletive_test",3,6,"test","neg","adj","AO","C","IAN6","Italian","L2"
"1962",5493,143,"expletive_test",0,1,"test","neg","pej","NEU","C","IPN1","Italian","L2"
"1963",5494,143,"expletive_test",99,7,"test","pos","adj","NEU","C","IAP7","Italian","L2"
"1964",5496,143,"expletive_test",86,6,"test","pos","adj","AO","C","IAP6","Italian","L2"
"1965",5497,143,"expletive_test",99,8,"test","neg","adj","TO","C","IAN8","Italian","L2"
"1966",5498,143,"expletive_test",99,2,"test","pos","adj","TO","C","IAP2","Italian","L2"
"1967",5499,143,"expletive_test",7,9,"test","neg","pej","AO","C","IPN9","Italian","L2"
"1968",5500,143,"expletive_test",0,4,"test","neg","adj","NEU","C","IAN4","Italian","L2"
"1969",5501,143,"expletive_test",99,8,"test","pos","adj","TO","C","IAP8","Italian","L2"
"1970",5504,143,"expletive_test",0,1,"test","neg","adj","NEU","C","IAN1","Italian","L2"
"1971",5505,143,"expletive_test",0,7,"test","neg","pej","NEU","C","IPN7","Italian","L2"
"1972",5507,143,"expletive_test",99,8,"test","neg","pej","TO","C","IPN8","Italian","L2"
"1973",5509,143,"expletive_test",99,4,"test","pos","pej","NEU","C","IPP4","Italian","L2"
"1974",5510,143,"expletive_test",44,3,"test","pos","adj","AO","C","IAP3","Italian","L2"
"1975",5511,143,"expletive_test",13,6,"test","neg","pej","AO","C","IPN6","Italian","L2"
"1976",5512,143,"expletive_test",37,9,"test","neg","adj","AO","C","IAN9","Italian","L2"
"1977",5513,143,"expletive_test",16,5,"test","neg","adj","TO","C","IAN5","Italian","L2"
"1978",5517,143,"expletive_test",0,4,"test","neg","pej","NEU","C","IPN4","Italian","L2"
"1979",5518,143,"expletive_test",99,5,"test","pos","pej","TO","C","IPP5","Italian","L2"
"1980",5520,143,"expletive_test",99,8,"test","pos","pej","TO","C","IPP8","Italian","L2"
"1981",5581,93,"expletive_test",36,6,"test","neg","adj","AO","C","IAN6","Italian","L2"
"1982",5584,93,"expletive_test",16,3,"test","neg","pej","AO","C","IPN3","Italian","L2"
"1983",5585,93,"expletive_test",15,9,"test","neg","pej","AO","C","IPN9","Italian","L2"
"1984",5586,93,"expletive_test",42,1,"test","pos","pej","NEU","C","IPP1","Italian","L2"
"1985",5589,93,"expletive_test",77,8,"test","neg","pej","TO","C","IPN8","Italian","L2"
"1986",5590,93,"expletive_test",32,4,"test","neg","adj","NEU","C","IAN4","Italian","L2"
"1987",5591,93,"expletive_test",71,3,"test","neg","adj","AO","C","IAN3","Italian","L2"
"1988",5592,93,"expletive_test",71,9,"test","pos","adj","AO","C","IAP9","Italian","L2"
"1989",5595,93,"expletive_test",22,1,"test","neg","pej","NEU","C","IPN1","Italian","L2"
"1990",5596,93,"expletive_test",82,8,"test","neg","adj","TO","C","IAN8","Italian","L2"
"1991",5598,93,"expletive_test",30,7,"test","pos","adj","NEU","C","IAP7","Italian","L2"
"1992",5602,93,"expletive_test",65,9,"test","pos","pej","AO","C","IPP9","Italian","L2"
"1993",5606,93,"expletive_test",25,9,"test","neg","adj","AO","C","IAN9","Italian","L2"
"1994",5608,93,"expletive_test",83,3,"test","pos","adj","AO","C","IAP3","Italian","L2"
"1995",5609,93,"expletive_test",8,4,"test","pos","adj","NEU","C","IAP4","Italian","L2"
"1996",5610,93,"expletive_test",85,6,"test","pos","adj","AO","C","IAP6","Italian","L2"
"1997",5612,93,"expletive_test",17,7,"test","neg","pej","NEU","C","IPN7","Italian","L2"
"1998",5613,93,"expletive_test",68,3,"test","pos","pej","AO","C","IPP3","Italian","L2"
"1999",5614,93,"expletive_test",22,6,"test","neg","pej","AO","C","IPN6","Italian","L2"
"2000",5616,93,"expletive_test",38,8,"test","pos","adj","TO","C","IAP8","Italian","L2"
"2001",5619,93,"expletive_test",19,2,"test","neg","pej","TO","C","IPN2","Italian","L2"
"2002",5621,93,"expletive_test",27,5,"test","neg","pej","TO","C","IPN5","Italian","L2"
"2003",5623,93,"expletive_test",18,4,"test","neg","pej","NEU","C","IPN4","Italian","L2"
"2004",5624,93,"expletive_test",86,1,"test","pos","adj","NEU","C","IAP1","Italian","L2"
"2005",5625,93,"expletive_test",24,5,"test","neg","adj","TO","C","IAN5","Italian","L2"
"2006",5626,93,"expletive_test",83,5,"test","pos","adj","TO","C","IAP5","Italian","L2"
"2007",5627,93,"expletive_test",76,8,"test","pos","pej","TO","C","IPP8","Italian","L2"
"2008",5628,93,"expletive_test",25,7,"test","neg","adj","NEU","C","IAN7","Italian","L2"
"2009",5629,93,"expletive_test",60,7,"test","pos","pej","NEU","C","IPP7","Italian","L2"
"2010",5630,93,"expletive_test",66,2,"test","pos","adj","TO","C","IAP2","Italian","L2"
"2011",5631,93,"expletive_test",65,2,"test","pos","pej","TO","C","IPP2","Italian","L2"
"2012",5636,93,"expletive_test",66,4,"test","pos","pej","NEU","C","IPP4","Italian","L2"
"2013",5637,93,"expletive_test",66,5,"test","pos","pej","TO","C","IPP5","Italian","L2"
"2014",5638,93,"expletive_test",0,1,"test","neg","adj","NEU","C","IAN1","Italian","L2"
"2015",5639,93,"expletive_test",66,6,"test","pos","pej","AO","C","IPP6","Italian","L2"
"2016",5640,93,"expletive_test",0,2,"test","neg","adj","TO","C","IAN2","Italian","L2"
"2017",5644,4,"expletive_test",0,6,"test","neg","pej","TO","B","IPN6","Italian","L2"
"2018",5645,4,"expletive_test",77,3,"test","neg","adj","TO","B","IAN3","Italian","L2"
"2019",5646,4,"expletive_test",96,2,"test","pos","pej","NEU","B","IPP2","Italian","L2"
"2020",5648,4,"expletive_test",31,8,"test","neg","adj","NEU","B","IAN8","Italian","L2"
"2021",5649,4,"expletive_test",93,9,"test","pos","adj","TO","B","IAP9","Italian","L2"
"2022",5650,4,"expletive_test",30,5,"test","neg","pej","NEU","B","IPN5","Italian","L2"
"2023",5651,4,"expletive_test",88,9,"test","neg","adj","TO","B","IAN9","Italian","L2"
"2024",5652,4,"expletive_test",0,4,"test","neg","pej","AO","B","IPN4","Italian","L2"
"2025",5653,4,"expletive_test",99,5,"test","pos","adj","NEU","B","IAP5","Italian","L2"
"2026",5655,4,"expletive_test",78,6,"test","pos","adj","TO","B","IAP6","Italian","L2"
"2027",5658,4,"expletive_test",99,2,"test","pos","adj","NEU","B","IAP2","Italian","L2"
"2028",5659,4,"expletive_test",92,7,"test","pos","adj","AO","B","IAP7","Italian","L2"
"2029",5661,4,"expletive_test",0,1,"test","neg","adj","AO","B","IAN1","Italian","L2"
"2030",5662,4,"expletive_test",63,7,"test","pos","pej","AO","B","IPP7","Italian","L2"
"2031",5664,4,"expletive_test",0,6,"test","neg","adj","TO","B","IAN6","Italian","L2"
"2032",5665,4,"expletive_test",79,5,"test","pos","pej","NEU","B","IPP5","Italian","L2"
"2033",5667,4,"expletive_test",11,5,"test","neg","adj","NEU","B","IAN5","Italian","L2"
"2034",5668,4,"expletive_test",0,7,"test","neg","adj","AO","B","IAN7","Italian","L2"
"2035",5669,4,"expletive_test",1,9,"test","neg","pej","TO","B","IPN9","Italian","L2"
"2036",5673,4,"expletive_test",61,2,"test","neg","adj","NEU","B","IAN2","Italian","L2"
"2037",5674,4,"expletive_test",83,8,"test","pos","pej","NEU","B","IPP8","Italian","L2"
"2038",5675,4,"expletive_test",33,8,"test","neg","pej","NEU","B","IPN8","Italian","L2"
"2039",5676,4,"expletive_test",0,3,"test","neg","pej","TO","B","IPN3","Italian","L2"
"2040",5679,4,"expletive_test",77,1,"test","pos","adj","AO","B","IAP1","Italian","L2"
"2041",5680,4,"expletive_test",93,6,"test","pos","pej","TO","B","IPP6","Italian","L2"
"2042",5682,4,"expletive_test",35,4,"test","neg","adj","AO","B","IAN4","Italian","L2"
"2043",5683,4,"expletive_test",92,3,"test","pos","pej","TO","B","IPP3","Italian","L2"
"2044",5684,4,"expletive_test",78,3,"test","pos","adj","TO","B","IAP3","Italian","L2"
"2045",5689,4,"expletive_test",0,1,"test","neg","pej","AO","B","IPN1","Italian","L2"
"2046",5690,4,"expletive_test",0,2,"test","neg","pej","NEU","B","IPN2","Italian","L2"
"2047",5691,4,"expletive_test",78,9,"test","pos","pej","TO","B","IPP9","Italian","L2"
"2048",5692,4,"expletive_test",93,8,"test","pos","adj","NEU","B","IAP8","Italian","L2"
"2049",5693,4,"expletive_test",83,1,"test","pos","pej","AO","B","IPP1","Italian","L2"
"2050",5696,4,"expletive_test",0,4,"test","pos","adj","AO","B","IAP4","Italian","L2"
"2051",5697,4,"expletive_test",8,7,"test","neg","pej","AO","B","IPN7","Italian","L2"
"2052",5700,4,"expletive_test",99,4,"test","pos","pej","AO","B","IPP4","Italian","L2"
"2053",5701,202,"expletive_test",53,3,"test","neg","pej","NEU","A","IPN3","Italian","L2"
"2054",5702,202,"expletive_test",55,9,"test","pos","adj","NEU","A","IAP9","Italian","L2"
"2055",5704,202,"expletive_test",77,7,"test","neg","pej","TO","A","IPN7","Italian","L2"
"2056",5705,202,"expletive_test",95,1,"test","pos","adj","TO","A","IAP1","Italian","L2"
"2057",5709,202,"expletive_test",24,2,"test","neg","adj","AO","A","IAN2","Italian","L2"
"2058",5710,202,"expletive_test",30,5,"test","neg","pej","AO","A","IPN5","Italian","L2"
"2059",5711,202,"expletive_test",38,6,"test","neg","pej","NEU","A","IPN6","Italian","L2"
"2060",5712,202,"expletive_test",76,2,"test","pos","pej","AO","A","IPP2","Italian","L2"
"2061",5713,202,"expletive_test",77,2,"test","pos","adj","AO","A","IAP2","Italian","L2"
"2062",5716,202,"expletive_test",40,8,"test","neg","pej","AO","A","IPN8","Italian","L2"
"2063",5717,202,"expletive_test",74,8,"test","pos","adj","AO","A","IAP8","Italian","L2"
"2064",5718,202,"expletive_test",38,3,"test","neg","adj","NEU","A","IAN3","Italian","L2"
"2065",5719,202,"expletive_test",69,4,"test","neg","pej","TO","A","IPN4","Italian","L2"
"2066",5720,202,"expletive_test",80,8,"test","pos","pej","AO","A","IPP8","Italian","L2"
"2067",5722,202,"expletive_test",82,6,"test","pos","pej","NEU","A","IPP6","Italian","L2"
"2068",5726,202,"expletive_test",71,1,"test","neg","pej","TO","A","IPN1","Italian","L2"
"2069",5727,202,"expletive_test",33,5,"test","neg","adj","AO","A","IAN5","Italian","L2"
"2070",5729,202,"expletive_test",87,9,"test","pos","pej","NEU","A","IPP9","Italian","L2"
"2071",5730,202,"expletive_test",47,7,"test","neg","adj","TO","A","IAN7","Italian","L2"
"2072",5732,202,"expletive_test",86,7,"test","pos","pej","TO","A","IPP7","Italian","L2"
"2073",5735,202,"expletive_test",74,3,"test","pos","pej","NEU","A","IPP3","Italian","L2"
"2074",5736,202,"expletive_test",82,4,"test","neg","adj","TO","A","IAN4","Italian","L2"
"2075",5737,202,"expletive_test",88,7,"test","pos","adj","TO","A","IAP7","Italian","L2"
"2076",5742,202,"expletive_test",88,4,"test","pos","adj","TO","A","IAP4","Italian","L2"
"2077",5743,202,"expletive_test",40,8,"test","neg","adj","AO","A","IAN8","Italian","L2"
"2078",5744,202,"expletive_test",25,9,"test","neg","adj","NEU","A","IAN9","Italian","L2"
"2079",5750,202,"expletive_test",26,9,"test","neg","pej","NEU","A","IPN9","Italian","L2"
"2080",5752,202,"expletive_test",36,2,"test","neg","pej","AO","A","IPN2","Italian","L2"
"2081",5753,202,"expletive_test",91,4,"test","pos","pej","TO","A","IPP4","Italian","L2"
"2082",5754,202,"expletive_test",78,1,"test","neg","adj","TO","A","IAN1","Italian","L2"
"2083",5755,202,"expletive_test",90,1,"test","pos","pej","TO","A","IPP1","Italian","L2"
"2084",5756,202,"expletive_test",48,6,"test","pos","adj","NEU","A","IAP6","Italian","L2"
"2085",5757,202,"expletive_test",45,6,"test","neg","adj","NEU","A","IAN6","Italian","L2"
"2086",5758,202,"expletive_test",46,3,"test","pos","adj","NEU","A","IAP3","Italian","L2"
"2087",5759,202,"expletive_test",67,5,"test","pos","adj","AO","A","IAP5","Italian","L2"
"2088",5760,202,"expletive_test",78,5,"test","pos","pej","AO","A","IPP5","Italian","L2"
"2089",5762,213,"expletive_test",0,4,"test","neg","pej","NEU","A","IPN4","Italian","L2"
"2090",5764,213,"expletive_test",99,7,"test","pos","pej","NEU","A","IPP7","Italian","L2"
"2091",5766,213,"expletive_test",99,2,"test","pos","adj","TO","A","IAP2","Italian","L2"
"2092",5768,213,"expletive_test",99,8,"test","pos","pej","TO","A","IPP8","Italian","L2"
"2093",5769,213,"expletive_test",0,9,"test","neg","pej","AO","A","IPN9","Italian","L2"
"2094",5771,213,"expletive_test",0,6,"test","neg","pej","AO","A","IPN6","Italian","L2"
"2095",5772,213,"expletive_test",99,8,"test","pos","adj","TO","A","IAP8","Italian","L2"
"2096",5773,213,"expletive_test",99,9,"test","pos","adj","AO","A","IAP9","Italian","L2"
"2097",5774,213,"expletive_test",0,1,"test","pos","pej","NEU","A","IPP1","Italian","L2"
"2098",5776,213,"expletive_test",99,2,"test","neg","pej","TO","A","IPN2","Italian","L2"
"2099",5777,213,"expletive_test",0,8,"test","neg","pej","TO","A","IPN8","Italian","L2"
"2100",5779,213,"expletive_test",0,7,"test","neg","pej","NEU","A","IPN7","Italian","L2"
"2101",5780,213,"expletive_test",99,7,"test","pos","adj","NEU","A","IAP7","Italian","L2"
"2102",5783,213,"expletive_test",99,4,"test","pos","pej","NEU","A","IPP4","Italian","L2"
"2103",5786,213,"expletive_test",99,5,"test","pos","pej","TO","A","IPP5","Italian","L2"
"2104",5788,213,"expletive_test",0,8,"test","neg","adj","TO","A","IAN8","Italian","L2"
"2105",5789,213,"expletive_test",99,3,"test","pos","pej","AO","A","IPP3","Italian","L2"
"2106",5790,213,"expletive_test",99,9,"test","pos","pej","AO","A","IPP9","Italian","L2"
"2107",5791,213,"expletive_test",0,4,"test","neg","adj","NEU","A","IAN4","Italian","L2"
"2108",5795,213,"expletive_test",0,6,"test","pos","adj","AO","A","IAP6","Italian","L2"
"2109",5796,213,"expletive_test",99,3,"test","pos","adj","AO","A","IAP3","Italian","L2"
"2110",5798,213,"expletive_test",99,6,"test","neg","adj","AO","A","IAN6","Italian","L2"
"2111",5799,213,"expletive_test",99,3,"test","neg","adj","AO","A","IAN3","Italian","L2"
"2112",5800,213,"expletive_test",99,2,"test","pos","pej","TO","A","IPP2","Italian","L2"
"2113",5801,213,"expletive_test",99,4,"test","pos","adj","NEU","A","IAP4","Italian","L2"
"2114",5803,213,"expletive_test",97,7,"test","neg","adj","NEU","A","IAN7","Italian","L2"
"2115",5807,213,"expletive_test",99,1,"test","pos","adj","NEU","A","IAP1","Italian","L2"
"2116",5808,213,"expletive_test",0,6,"test","pos","pej","AO","A","IPP6","Italian","L2"
"2117",5809,213,"expletive_test",99,1,"test","neg","adj","NEU","A","IAN1","Italian","L2"
"2118",5812,213,"expletive_test",0,1,"test","neg","pej","NEU","A","IPN1","Italian","L2"
"2119",5813,213,"expletive_test",0,5,"test","neg","adj","TO","A","IAN5","Italian","L2"
"2120",5815,213,"expletive_test",99,5,"test","neg","pej","TO","A","IPN5","Italian","L2"
"2121",5816,213,"expletive_test",0,9,"test","neg","adj","AO","A","IAN9","Italian","L2"
"2122",5817,213,"expletive_test",99,5,"test","pos","adj","TO","A","IAP5","Italian","L2"
"2123",5818,213,"expletive_test",0,3,"test","neg","pej","AO","A","IPN3","Italian","L2"
"2124",5819,213,"expletive_test",0,2,"test","neg","adj","TO","A","IAN2","Italian","L2"
"2125",5821,147,"expletive_test",99,3,"test","neg","pej","TO","C","IPN3","Italian","L2"
"2126",5823,147,"expletive_test",37,7,"test","neg","adj","AO","C","IAN7","Italian","L2"
"2127",5824,147,"expletive_test",99,9,"test","pos","adj","TO","C","IAP9","Italian","L2"
"2128",5826,147,"expletive_test",99,6,"test","pos","adj","TO","C","IAP6","Italian","L2"
"2129",5827,147,"expletive_test",12,8,"test","neg","adj","NEU","C","IAN8","Italian","L2"
"2130",5828,147,"expletive_test",99,6,"test","neg","adj","TO","C","IAN6","Italian","L2"
"2131",5829,147,"expletive_test",31,5,"test","neg","adj","NEU","C","IAN5","Italian","L2"
"2132",5831,147,"expletive_test",99,7,"test","pos","adj","AO","C","IAP7","Italian","L2"
"2133",5833,147,"expletive_test",99,4,"test","pos","pej","AO","C","IPP4","Italian","L2"
"2134",5834,147,"expletive_test",99,4,"test","neg","adj","AO","C","IAN4","Italian","L2"
"2135",5835,147,"expletive_test",99,9,"test","neg","pej","TO","C","IPN9","Italian","L2"
"2136",5836,147,"expletive_test",99,6,"test","pos","pej","TO","C","IPP6","Italian","L2"
"2137",5837,147,"expletive_test",9,2,"test","neg","pej","NEU","C","IPN2","Italian","L2"
"2138",5838,147,"expletive_test",99,3,"test","pos","pej","TO","C","IPP3","Italian","L2"
"2139",5840,147,"expletive_test",60,4,"test","pos","adj","AO","C","IAP4","Italian","L2"
"2140",5841,147,"expletive_test",99,7,"test","pos","pej","AO","C","IPP7","Italian","L2"
"2141",5842,147,"expletive_test",0,8,"test","neg","pej","NEU","C","IPN8","Italian","L2"
"2142",5843,147,"expletive_test",74,3,"test","pos","adj","TO","C","IAP3","Italian","L2"
"2143",5844,147,"expletive_test",36,8,"test","pos","pej","NEU","C","IPP8","Italian","L2"
"2144",5845,147,"expletive_test",37,8,"test","pos","adj","NEU","C","IAP8","Italian","L2"
"2145",5847,147,"expletive_test",99,7,"test","neg","pej","AO","C","IPN7","Italian","L2"
"2146",5854,147,"expletive_test",51,5,"test","pos","adj","NEU","C","IAP5","Italian","L2"
"2147",5856,147,"expletive_test",99,1,"test","pos","adj","AO","C","IAP1","Italian","L2"
"2148",5857,147,"expletive_test",0,5,"test","neg","pej","NEU","C","IPN5","Italian","L2"
"2149",5858,147,"expletive_test",21,2,"test","neg","adj","NEU","C","IAN2","Italian","L2"
"2150",5863,147,"expletive_test",99,1,"test","neg","pej","AO","C","IPN1","Italian","L2"
"2151",5864,147,"expletive_test",92,9,"test","neg","adj","TO","C","IAN9","Italian","L2"
"2152",5866,147,"expletive_test",99,9,"test","pos","pej","TO","C","IPP9","Italian","L2"
"2153",5867,147,"expletive_test",0,2,"test","pos","adj","NEU","C","IAP2","Italian","L2"
"2154",5869,147,"expletive_test",99,3,"test","neg","adj","TO","C","IAN3","Italian","L2"
"2155",5870,147,"expletive_test",99,6,"test","neg","pej","TO","C","IPN6","Italian","L2"
"2156",5871,147,"expletive_test",13,5,"test","pos","pej","NEU","C","IPP5","Italian","L2"
"2157",5872,147,"expletive_test",99,1,"test","pos","pej","AO","C","IPP1","Italian","L2"
"2158",5873,147,"expletive_test",24,2,"test","pos","pej","NEU","C","IPP2","Italian","L2"
"2159",5876,147,"expletive_test",99,4,"test","neg","pej","AO","C","IPN4","Italian","L2"
"2160",5879,147,"expletive_test",99,1,"test","neg","adj","AO","C","IAN1","Italian","L2"
"2161",5881,29,"expletive_test",88,3,"test","pos","pej","NEU","B","IPP3","Italian","L2"
"2162",5883,29,"expletive_test",93,4,"test","pos","adj","TO","B","IAP4","Italian","L2"
"2163",5884,29,"expletive_test",99,6,"test","pos","pej","NEU","B","IPP6","Italian","L2"
"2164",5886,29,"expletive_test",99,5,"test","neg","pej","AO","B","IPN5","Italian","L2"
"2165",5889,29,"expletive_test",99,9,"test","pos","pej","NEU","B","IPP9","Italian","L2"
"2166",5891,29,"expletive_test",99,4,"test","neg","pej","TO","B","IPN4","Italian","L2"
"2167",5894,29,"expletive_test",98,1,"test","neg","pej","TO","B","IPN1","Italian","L2"
"2168",5896,29,"expletive_test",41,3,"test","neg","adj","NEU","B","IAN3","Italian","L2"
"2169",5898,29,"expletive_test",79,4,"test","pos","pej","TO","B","IPP4","Italian","L2"
"2170",5900,29,"expletive_test",8,2,"test","pos","adj","AO","B","IAP2","Italian","L2"
"2171",5903,29,"expletive_test",97,1,"test","neg","adj","TO","B","IAN1","Italian","L2"
"2172",5905,29,"expletive_test",99,8,"test","neg","pej","AO","B","IPN8","Italian","L2"
"2173",5907,29,"expletive_test",99,8,"test","pos","pej","AO","B","IPP8","Italian","L2"
"2174",5910,29,"expletive_test",17,3,"test","neg","pej","NEU","B","IPN3","Italian","L2"
"2175",5911,29,"expletive_test",27,3,"test","pos","adj","NEU","B","IAP3","Italian","L2"
"2176",5912,29,"expletive_test",85,7,"test","neg","pej","TO","B","IPN7","Italian","L2"
"2177",5913,29,"expletive_test",17,9,"test","neg","pej","NEU","B","IPN9","Italian","L2"
"2178",5915,29,"expletive_test",18,6,"test","neg","pej","NEU","B","IPN6","Italian","L2"
"2179",5916,29,"expletive_test",99,8,"test","neg","adj","AO","B","IAN8","Italian","L2"
"2180",5917,29,"expletive_test",81,7,"test","pos","pej","TO","B","IPP7","Italian","L2"
"2181",5918,29,"expletive_test",83,4,"test","neg","adj","TO","B","IAN4","Italian","L2"
"2182",5919,29,"expletive_test",10,6,"test","neg","adj","NEU","B","IAN6","Italian","L2"
"2183",5920,29,"expletive_test",99,2,"test","pos","pej","AO","B","IPP2","Italian","L2"
"2184",5922,29,"expletive_test",91,7,"test","pos","adj","TO","B","IAP7","Italian","L2"
"2185",5923,29,"expletive_test",63,6,"test","pos","adj","NEU","B","IAP6","Italian","L2"
"2186",5924,29,"expletive_test",41,8,"test","pos","adj","AO","B","IAP8","Italian","L2"
"2187",5926,29,"expletive_test",87,7,"test","neg","adj","TO","B","IAN7","Italian","L2"
"2188",5928,29,"expletive_test",75,9,"test","pos","adj","NEU","B","IAP9","Italian","L2"
"2189",5929,29,"expletive_test",87,1,"test","pos","pej","TO","B","IPP1","Italian","L2"
"2190",5932,29,"expletive_test",68,5,"test","neg","adj","AO","B","IAN5","Italian","L2"
"2191",5933,29,"expletive_test",98,2,"test","neg","pej","AO","B","IPN2","Italian","L2"
"2192",5934,29,"expletive_test",99,5,"test","pos","adj","AO","B","IAP5","Italian","L2"
"2193",5936,29,"expletive_test",84,2,"test","neg","adj","AO","B","IAN2","Italian","L2"
"2194",5937,29,"expletive_test",96,5,"test","pos","pej","AO","B","IPP5","Italian","L2"
"2195",5938,29,"expletive_test",96,1,"test","pos","adj","TO","B","IAP1","Italian","L2"
"2196",5939,29,"expletive_test",14,9,"test","neg","adj","NEU","B","IAN9","Italian","L2"
"2197",5941,69,"expletive_test",21,2,"test","neg","adj","TO","C","IAN2","Italian","L2"
"2198",5942,69,"expletive_test",78,1,"test","pos","pej","NEU","C","IPP1","Italian","L2"
"2199",5943,69,"expletive_test",99,6,"test","neg","pej","AO","C","IPN6","Italian","L2"
"2200",5945,69,"expletive_test",20,4,"test","neg","adj","NEU","C","IAN4","Italian","L2"
"2201",5946,69,"expletive_test",24,4,"test","neg","pej","NEU","C","IPN4","Italian","L2"
"2202",5950,69,"expletive_test",21,9,"test","pos","pej","AO","C","IPP9","Italian","L2"
"2203",5952,69,"expletive_test",99,8,"test","neg","adj","TO","C","IAN8","Italian","L2"
"2204",5953,69,"expletive_test",83,3,"test","neg","pej","AO","C","IPN3","Italian","L2"
"2205",5955,69,"expletive_test",84,3,"test","neg","adj","AO","C","IAN3","Italian","L2"
"2206",5956,69,"expletive_test",90,8,"test","neg","pej","TO","C","IPN8","Italian","L2"
"2207",5958,69,"expletive_test",88,2,"test","neg","pej","TO","C","IPN2","Italian","L2"
"2208",5959,69,"expletive_test",32,3,"test","pos","adj","AO","C","IAP3","Italian","L2"
"2209",5964,69,"expletive_test",54,8,"test","pos","adj","TO","C","IAP8","Italian","L2"
"2210",5965,69,"expletive_test",18,7,"test","neg","adj","NEU","C","IAN7","Italian","L2"
"2211",5967,69,"expletive_test",76,9,"test","neg","adj","AO","C","IAN9","Italian","L2"
"2212",5968,69,"expletive_test",90,9,"test","neg","pej","AO","C","IPN9","Italian","L2"
"2213",5969,69,"expletive_test",78,6,"test","neg","adj","AO","C","IAN6","Italian","L2"
"2214",5970,69,"expletive_test",72,6,"test","pos","pej","AO","C","IPP6","Italian","L2"
"2215",5972,69,"expletive_test",21,4,"test","pos","adj","NEU","C","IAP4","Italian","L2"
"2216",5973,69,"expletive_test",90,8,"test","pos","pej","TO","C","IPP8","Italian","L2"
"2217",5977,69,"expletive_test",81,3,"test","pos","pej","AO","C","IPP3","Italian","L2"
"2218",5980,69,"expletive_test",20,9,"test","pos","adj","AO","C","IAP9","Italian","L2"
"2219",5981,69,"expletive_test",75,5,"test","pos","adj","TO","C","IAP5","Italian","L2"
"2220",5982,69,"expletive_test",17,5,"test","neg","adj","TO","C","IAN5","Italian","L2"
"2221",5983,69,"expletive_test",83,2,"test","pos","pej","TO","C","IPP2","Italian","L2"
"2222",5984,69,"expletive_test",29,1,"test","neg","adj","NEU","C","IAN1","Italian","L2"
"2223",5985,69,"expletive_test",61,2,"test","pos","adj","TO","C","IAP2","Italian","L2"
"2224",5986,69,"expletive_test",66,7,"test","pos","adj","NEU","C","IAP7","Italian","L2"
"2225",5987,69,"expletive_test",88,5,"test","pos","pej","TO","C","IPP5","Italian","L2"
"2226",5990,69,"expletive_test",77,6,"test","pos","adj","AO","C","IAP6","Italian","L2"
"2227",5991,69,"expletive_test",71,7,"test","pos","pej","NEU","C","IPP7","Italian","L2"
"2228",5992,69,"expletive_test",91,5,"test","neg","pej","TO","C","IPN5","Italian","L2"
"2229",5994,69,"expletive_test",75,1,"test","neg","pej","NEU","C","IPN1","Italian","L2"
"2230",5997,69,"expletive_test",79,1,"test","pos","adj","NEU","C","IAP1","Italian","L2"
"2231",5998,69,"expletive_test",77,4,"test","pos","pej","NEU","C","IPP4","Italian","L2"
"2232",6000,69,"expletive_test",29,7,"test","neg","pej","NEU","C","IPN7","Italian","L2"
"2233",6001,175,"expletive_test",0,5,"test","neg","pej","NEU","B","IPN5","Italian","L2"
"2234",6002,175,"expletive_test",99,9,"test","pos","pej","TO","B","IPP9","Italian","L2"
"2235",6004,175,"expletive_test",0,5,"test","neg","adj","NEU","B","IAN5","Italian","L2"
"2236",6006,175,"expletive_test",0,5,"test","pos","adj","NEU","B","IAP5","Italian","L2"
"2237",6008,175,"expletive_test",65,6,"test","pos","adj","TO","B","IAP6","Italian","L2"
"2238",6009,175,"expletive_test",24,9,"test","neg","adj","TO","B","IAN9","Italian","L2"
"2239",6010,175,"expletive_test",63,2,"test","pos","adj","NEU","B","IAP2","Italian","L2"
"2240",6014,175,"expletive_test",55,7,"test","pos","adj","AO","B","IAP7","Italian","L2"
"2241",6018,175,"expletive_test",89,4,"test","pos","pej","AO","B","IPP4","Italian","L2"
"2242",6019,175,"expletive_test",0,2,"test","neg","pej","NEU","B","IPN2","Italian","L2"
"2243",6020,175,"expletive_test",84,7,"test","neg","pej","AO","B","IPN7","Italian","L2"
"2244",6022,175,"expletive_test",27,5,"test","pos","pej","NEU","B","IPP5","Italian","L2"
"2245",6023,175,"expletive_test",99,3,"test","pos","pej","TO","B","IPP3","Italian","L2"
"2246",6024,175,"expletive_test",67,3,"test","neg","adj","TO","B","IAN3","Italian","L2"
"2247",6026,175,"expletive_test",97,3,"test","neg","pej","TO","B","IPN3","Italian","L2"
"2248",6031,175,"expletive_test",70,4,"test","neg","adj","AO","B","IAN4","Italian","L2"
"2249",6032,175,"expletive_test",76,1,"test","neg","adj","AO","B","IAN1","Italian","L2"
"2250",6033,175,"expletive_test",19,8,"test","pos","adj","NEU","B","IAP8","Italian","L2"
"2251",6038,175,"expletive_test",99,1,"test","pos","adj","AO","B","IAP1","Italian","L2"
"2252",6039,175,"expletive_test",99,9,"test","neg","pej","TO","B","IPN9","Italian","L2"
"2253",6040,175,"expletive_test",73,8,"test","pos","pej","NEU","B","IPP8","Italian","L2"
"2254",6041,175,"expletive_test",19,2,"test","pos","pej","NEU","B","IPP2","Italian","L2"
"2255",6043,175,"expletive_test",99,6,"test","pos","pej","TO","B","IPP6","Italian","L2"
"2256",6046,175,"expletive_test",99,6,"test","neg","pej","TO","B","IPN6","Italian","L2"
"2257",6047,175,"expletive_test",1,8,"test","neg","pej","NEU","B","IPN8","Italian","L2"
"2258",6048,175,"expletive_test",72,7,"test","neg","adj","AO","B","IAN7","Italian","L2"
"2259",6050,175,"expletive_test",27,4,"test","pos","adj","AO","B","IAP4","Italian","L2"
"2260",6051,175,"expletive_test",57,9,"test","pos","adj","TO","B","IAP9","Italian","L2"
"2261",6052,175,"expletive_test",99,1,"test","neg","pej","AO","B","IPN1","Italian","L2"
"2262",6053,175,"expletive_test",83,4,"test","neg","pej","AO","B","IPN4","Italian","L2"
"2263",6054,175,"expletive_test",70,3,"test","pos","adj","TO","B","IAP3","Italian","L2"
"2264",6055,175,"expletive_test",92,7,"test","pos","pej","AO","B","IPP7","Italian","L2"
"2265",6057,175,"expletive_test",5,8,"test","neg","adj","NEU","B","IAN8","Italian","L2"
"2266",6058,175,"expletive_test",46,2,"test","neg","adj","NEU","B","IAN2","Italian","L2"
"2267",6059,175,"expletive_test",76,6,"test","neg","adj","TO","B","IAN6","Italian","L2"
"2268",6060,175,"expletive_test",99,1,"test","pos","pej","AO","B","IPP1","Italian","L2"
"2269",6061,134,"expletive_test",0,8,"test","neg","pej","AO","A","IPN8","Italian","L2"
"2270",6064,134,"expletive_test",14,2,"test","neg","pej","AO","A","IPN2","Italian","L2"
"2271",6066,134,"expletive_test",77,6,"test","pos","pej","NEU","A","IPP6","Italian","L2"
"2272",6068,134,"expletive_test",27,5,"test","neg","adj","AO","A","IAN5","Italian","L2"
"2273",6069,134,"expletive_test",77,2,"test","pos","adj","AO","A","IAP2","Italian","L2"
"2274",6071,134,"expletive_test",13,6,"test","neg","pej","NEU","A","IPN6","Italian","L2"
"2275",6072,134,"expletive_test",18,9,"test","neg","adj","NEU","A","IAN9","Italian","L2"
"2276",6073,134,"expletive_test",99,4,"test","pos","pej","TO","A","IPP4","Italian","L2"
"2277",6075,134,"expletive_test",85,1,"test","neg","adj","TO","A","IAN1","Italian","L2"
"2278",6076,134,"expletive_test",86,9,"test","pos","pej","NEU","A","IPP9","Italian","L2"
"2279",6077,134,"expletive_test",63,7,"test","pos","adj","TO","A","IAP7","Italian","L2"
"2280",6078,134,"expletive_test",28,9,"test","neg","pej","NEU","A","IPN9","Italian","L2"
"2281",6080,134,"expletive_test",76,8,"test","pos","adj","AO","A","IAP8","Italian","L2"
"2282",6081,134,"expletive_test",93,1,"test","neg","pej","TO","A","IPN1","Italian","L2"
"2283",6084,134,"expletive_test",46,6,"test","pos","adj","NEU","A","IAP6","Italian","L2"
"2284",6085,134,"expletive_test",87,7,"test","neg","pej","TO","A","IPN7","Italian","L2"
"2285",6086,134,"expletive_test",22,3,"test","neg","adj","NEU","A","IAN3","Italian","L2"
"2286",6089,134,"expletive_test",72,7,"test","pos","pej","TO","A","IPP7","Italian","L2"
"2287",6090,134,"expletive_test",82,2,"test","pos","pej","AO","A","IPP2","Italian","L2"
"2288",6092,134,"expletive_test",61,3,"test","pos","adj","NEU","A","IAP3","Italian","L2"
"2289",6094,134,"expletive_test",48,2,"test","neg","adj","AO","A","IAN2","Italian","L2"
"2290",6096,134,"expletive_test",73,5,"test","pos","pej","AO","A","IPP5","Italian","L2"
"2291",6098,134,"expletive_test",49,6,"test","neg","adj","NEU","A","IAN6","Italian","L2"
"2292",6099,134,"expletive_test",71,7,"test","neg","adj","TO","A","IAN7","Italian","L2"
"2293",6100,134,"expletive_test",48,5,"test","neg","pej","AO","A","IPN5","Italian","L2"
"2294",6101,134,"expletive_test",70,1,"test","pos","adj","TO","A","IAP1","Italian","L2"
"2295",6102,134,"expletive_test",79,4,"test","pos","adj","TO","A","IAP4","Italian","L2"
"2296",6104,134,"expletive_test",67,5,"test","pos","adj","AO","A","IAP5","Italian","L2"
"2297",6105,134,"expletive_test",82,4,"test","neg","pej","TO","A","IPN4","Italian","L2"
"2298",6106,134,"expletive_test",49,8,"test","neg","adj","AO","A","IAN8","Italian","L2"
"2299",6108,134,"expletive_test",34,1,"test","pos","pej","TO","A","IPP1","Italian","L2"
"2300",6109,134,"expletive_test",69,8,"test","pos","pej","AO","A","IPP8","Italian","L2"
"2301",6113,134,"expletive_test",42,3,"test","neg","pej","NEU","A","IPN3","Italian","L2"
"2302",6114,134,"expletive_test",71,9,"test","pos","adj","NEU","A","IAP9","Italian","L2"
"2303",6118,134,"expletive_test",81,4,"test","neg","adj","TO","A","IAN4","Italian","L2"
"2304",6120,134,"expletive_test",39,3,"test","pos","pej","NEU","A","IPP3","Italian","L2"
"2305",6123,81,"expletive_test",92,6,"test","pos","pej","AO","A","IPP6","Italian","L2"
"2306",6124,81,"expletive_test",62,4,"test","pos","adj","NEU","A","IAP4","Italian","L2"
"2307",6125,81,"expletive_test",69,1,"test","pos","pej","NEU","A","IPP1","Italian","L2"
"2308",6129,81,"expletive_test",53,6,"test","pos","adj","AO","A","IAP6","Italian","L2"
"2309",6130,81,"expletive_test",62,2,"test","pos","adj","TO","A","IAP2","Italian","L2"
"2310",6132,81,"expletive_test",72,8,"test","neg","adj","TO","A","IAN8","Italian","L2"
"2311",6134,81,"expletive_test",54,5,"test","neg","adj","TO","A","IAN5","Italian","L2"
"2312",6135,81,"expletive_test",64,2,"test","neg","pej","TO","A","IPN2","Italian","L2"
"2313",6136,81,"expletive_test",79,3,"test","neg","adj","AO","A","IAN3","Italian","L2"
"2314",6137,81,"expletive_test",21,4,"test","neg","adj","NEU","A","IAN4","Italian","L2"
"2315",6138,81,"expletive_test",36,6,"test","neg","pej","AO","A","IPN6","Italian","L2"
"2316",6139,81,"expletive_test",80,2,"test","pos","pej","TO","A","IPP2","Italian","L2"
"2317",6140,81,"expletive_test",84,8,"test","pos","adj","TO","A","IAP8","Italian","L2"
"2318",6141,81,"expletive_test",82,2,"test","neg","adj","TO","A","IAN2","Italian","L2"
"2319",6144,81,"expletive_test",69,7,"test","neg","pej","NEU","A","IPN7","Italian","L2"
"2320",6146,81,"expletive_test",78,5,"test","pos","pej","TO","A","IPP5","Italian","L2"
"2321",6147,81,"expletive_test",57,7,"test","neg","adj","NEU","A","IAN7","Italian","L2"
"2322",6149,81,"expletive_test",62,9,"test","pos","pej","AO","A","IPP9","Italian","L2"
"2323",6151,81,"expletive_test",17,1,"test","neg","pej","NEU","A","IPN1","Italian","L2"
"2324",6153,81,"expletive_test",79,1,"test","pos","adj","NEU","A","IAP1","Italian","L2"
"2325",6154,81,"expletive_test",77,8,"test","neg","pej","TO","A","IPN8","Italian","L2"
"2326",6156,81,"expletive_test",69,9,"test","neg","adj","AO","A","IAN9","Italian","L2"
"2327",6157,81,"expletive_test",64,7,"test","pos","adj","NEU","A","IAP7","Italian","L2"
"2328",6159,81,"expletive_test",72,5,"test","neg","pej","TO","A","IPN5","Italian","L2"
"2329",6161,81,"expletive_test",71,7,"test","pos","pej","NEU","A","IPP7","Italian","L2"
"2330",6162,81,"expletive_test",88,8,"test","pos","pej","TO","A","IPP8","Italian","L2"
"2331",6164,81,"expletive_test",62,6,"test","neg","adj","AO","A","IAN6","Italian","L2"
"2332",6166,81,"expletive_test",69,3,"test","pos","adj","AO","A","IAP3","Italian","L2"
"2333",6167,81,"expletive_test",65,3,"test","neg","pej","AO","A","IPN3","Italian","L2"
"2334",6168,81,"expletive_test",75,9,"test","pos","adj","AO","A","IAP9","Italian","L2"
"2335",6171,81,"expletive_test",73,9,"test","neg","pej","AO","A","IPN9","Italian","L2"
"2336",6172,81,"expletive_test",86,5,"test","pos","adj","TO","A","IAP5","Italian","L2"
"2337",6174,81,"expletive_test",34,1,"test","neg","adj","NEU","A","IAN1","Italian","L2"
"2338",6175,81,"expletive_test",64,3,"test","pos","pej","AO","A","IPP3","Italian","L2"
"2339",6176,81,"expletive_test",68,4,"test","pos","pej","NEU","A","IPP4","Italian","L2"
"2340",6180,81,"expletive_test",73,4,"test","neg","pej","NEU","A","IPN4","Italian","L2"
"2341",6181,142,"expletive_test",99,4,"test","pos","adj","AO","C","IAP4","Italian","L2"
"2342",6183,142,"expletive_test",99,1,"test","pos","pej","AO","C","IPP1","Italian","L2"
"2343",6185,142,"expletive_test",81,4,"test","neg","adj","AO","C","IAN4","Italian","L2"
"2344",6186,142,"expletive_test",99,7,"test","pos","adj","AO","C","IAP7","Italian","L2"
"2345",6187,142,"expletive_test",91,6,"test","neg","adj","TO","C","IAN6","Italian","L2"
"2346",6188,142,"expletive_test",40,5,"test","neg","adj","NEU","C","IAN5","Italian","L2"
"2347",6190,142,"expletive_test",29,2,"test","neg","adj","NEU","C","IAN2","Italian","L2"
"2348",6193,142,"expletive_test",99,5,"test","pos","pej","NEU","C","IPP5","Italian","L2"
"2349",6194,142,"expletive_test",99,5,"test","pos","adj","NEU","C","IAP5","Italian","L2"
"2350",6195,142,"expletive_test",28,8,"test","neg","adj","NEU","C","IAN8","Italian","L2"
"2351",6197,142,"expletive_test",99,8,"test","pos","pej","NEU","C","IPP8","Italian","L2"
"2352",6199,142,"expletive_test",6,5,"test","neg","pej","NEU","C","IPN5","Italian","L2"
"2353",6200,142,"expletive_test",99,3,"test","pos","pej","TO","C","IPP3","Italian","L2"
"2354",6201,142,"expletive_test",99,4,"test","pos","pej","AO","C","IPP4","Italian","L2"
"2355",6202,142,"expletive_test",79,3,"test","neg","adj","TO","C","IAN3","Italian","L2"
"2356",6205,142,"expletive_test",99,3,"test","pos","adj","TO","C","IAP3","Italian","L2"
"2357",6207,142,"expletive_test",33,1,"test","neg","adj","AO","C","IAN1","Italian","L2"
"2358",6211,142,"expletive_test",42,6,"test","neg","pej","TO","C","IPN6","Italian","L2"
"2359",6213,142,"expletive_test",99,7,"test","pos","pej","AO","C","IPP7","Italian","L2"
"2360",6214,142,"expletive_test",99,1,"test","pos","adj","AO","C","IAP1","Italian","L2"
"2361",6216,142,"expletive_test",99,8,"test","pos","adj","NEU","C","IAP8","Italian","L2"
"2362",6220,142,"expletive_test",99,2,"test","pos","adj","NEU","C","IAP2","Italian","L2"
"2363",6222,142,"expletive_test",7,8,"test","neg","pej","NEU","C","IPN8","Italian","L2"
"2364",6223,142,"expletive_test",99,6,"test","pos","pej","TO","C","IPP6","Italian","L2"
"2365",6224,142,"expletive_test",99,9,"test","pos","pej","TO","C","IPP9","Italian","L2"
"2366",6225,142,"expletive_test",63,9,"test","neg","adj","TO","C","IAN9","Italian","L2"
"2367",6227,142,"expletive_test",8,4,"test","neg","pej","AO","C","IPN4","Italian","L2"
"2368",6228,142,"expletive_test",74,7,"test","neg","adj","AO","C","IAN7","Italian","L2"
"2369",6229,142,"expletive_test",91,9,"test","pos","adj","TO","C","IAP9","Italian","L2"
"2370",6231,142,"expletive_test",99,6,"test","pos","adj","TO","C","IAP6","Italian","L2"
"2371",6234,142,"expletive_test",9,9,"test","neg","pej","TO","C","IPN9","Italian","L2"
"2372",6235,142,"expletive_test",1,2,"test","neg","pej","NEU","C","IPN2","Italian","L2"
"2373",6237,142,"expletive_test",99,2,"test","pos","pej","NEU","C","IPP2","Italian","L2"
"2374",6238,142,"expletive_test",8,3,"test","neg","pej","TO","C","IPN3","Italian","L2"
"2375",6239,142,"expletive_test",6,1,"test","neg","pej","AO","C","IPN1","Italian","L2"
"2376",6240,142,"expletive_test",5,7,"test","neg","pej","AO","C","IPN7","Italian","L2"
"2377",6241,67,"expletive_test",91,3,"test","pos","pej","NEU","B","IPP3","Italian","L2"
"2378",6242,67,"expletive_test",64,4,"test","neg","pej","TO","B","IPN4","Italian","L2"
"2379",6244,67,"expletive_test",18,4,"test","pos","adj","TO","B","IAP4","Italian","L2"
"2380",6247,67,"expletive_test",88,4,"test","pos","pej","TO","B","IPP4","Italian","L2"
"2381",6248,67,"expletive_test",83,4,"test","neg","adj","TO","B","IAN4","Italian","L2"
"2382",6249,67,"expletive_test",70,2,"test","neg","adj","AO","B","IAN2","Italian","L2"
"2383",6252,67,"expletive_test",74,5,"test","neg","adj","AO","B","IAN5","Italian","L2"
"2384",6254,67,"expletive_test",90,1,"test","pos","adj","TO","B","IAP1","Italian","L2"
"2385",6257,67,"expletive_test",62,7,"test","neg","adj","TO","B","IAN7","Italian","L2"
"2386",6258,67,"expletive_test",77,3,"test","neg","pej","NEU","B","IPN3","Italian","L2"
"2387",6260,67,"expletive_test",28,9,"test","neg","adj","NEU","B","IAN9","Italian","L2"
"2388",6261,67,"expletive_test",34,6,"test","pos","adj","NEU","B","IAP6","Italian","L2"
"2389",6263,67,"expletive_test",61,9,"test","neg","pej","NEU","B","IPN9","Italian","L2"
"2390",6265,67,"expletive_test",77,3,"test","pos","adj","NEU","B","IAP3","Italian","L2"
"2391",6268,67,"expletive_test",88,5,"test","pos","pej","AO","B","IPP5","Italian","L2"
"2392",6271,67,"expletive_test",97,1,"test","neg","adj","TO","B","IAN1","Italian","L2"
"2393",6272,67,"expletive_test",95,8,"test","pos","pej","AO","B","IPP8","Italian","L2"
"2394",6274,67,"expletive_test",99,7,"test","pos","pej","TO","B","IPP7","Italian","L2"
"2395",6275,67,"expletive_test",75,9,"test","pos","adj","NEU","B","IAP9","Italian","L2"
"2396",6276,67,"expletive_test",43,6,"test","neg","pej","NEU","B","IPN6","Italian","L2"
"2397",6277,67,"expletive_test",96,2,"test","pos","adj","AO","B","IAP2","Italian","L2"
"2398",6278,67,"expletive_test",87,5,"test","neg","pej","AO","B","IPN5","Italian","L2"
"2399",6280,67,"expletive_test",89,2,"test","neg","pej","AO","B","IPN2","Italian","L2"
"2400",6281,67,"expletive_test",46,1,"test","pos","pej","TO","B","IPP1","Italian","L2"
"2401",6282,67,"expletive_test",79,7,"test","neg","pej","TO","B","IPN7","Italian","L2"
"2402",6283,67,"expletive_test",97,1,"test","neg","pej","TO","B","IPN1","Italian","L2"
"2403",6284,67,"expletive_test",50,8,"test","pos","adj","AO","B","IAP8","Italian","L2"
"2404",6286,67,"expletive_test",86,8,"test","neg","adj","AO","B","IAN8","Italian","L2"
"2405",6287,67,"expletive_test",77,7,"test","pos","adj","TO","B","IAP7","Italian","L2"
"2406",6288,67,"expletive_test",97,2,"test","pos","pej","AO","B","IPP2","Italian","L2"
"2407",6291,67,"expletive_test",39,6,"test","neg","adj","NEU","B","IAN6","Italian","L2"
"2408",6292,67,"expletive_test",29,3,"test","neg","adj","NEU","B","IAN3","Italian","L2"
"2409",6297,67,"expletive_test",87,8,"test","neg","pej","AO","B","IPN8","Italian","L2"
"2410",6298,67,"expletive_test",68,5,"test","pos","adj","AO","B","IAP5","Italian","L2"
"2411",6299,67,"expletive_test",93,6,"test","pos","pej","NEU","B","IPP6","Italian","L2"
"2412",6300,67,"expletive_test",75,9,"test","pos","pej","NEU","B","IPP9","Italian","L2"
"2413",6302,53,"expletive_test",82,5,"test","neg","pej","TO","A","IPN5","Italian","L2"
"2414",6304,53,"expletive_test",66,9,"test","neg","pej","AO","A","IPN9","Italian","L2"
"2415",6305,53,"expletive_test",13,7,"test","neg","pej","NEU","A","IPN7","Italian","L2"
"2416",6306,53,"expletive_test",84,1,"test","pos","pej","NEU","A","IPP1","Italian","L2"
"2417",6307,53,"expletive_test",84,8,"test","neg","adj","TO","A","IAN8","Italian","L2"
"2418",6310,53,"expletive_test",69,9,"test","neg","adj","AO","A","IAN9","Italian","L2"
"2419",6312,53,"expletive_test",13,4,"test","neg","adj","NEU","A","IAN4","Italian","L2"
"2420",6313,53,"expletive_test",91,8,"test","pos","pej","TO","A","IPP8","Italian","L2"
"2421",6315,53,"expletive_test",28,4,"test","pos","pej","NEU","A","IPP4","Italian","L2"
"2422",6317,53,"expletive_test",24,1,"test","neg","adj","NEU","A","IAN1","Italian","L2"
"2423",6318,53,"expletive_test",74,5,"test","pos","pej","TO","A","IPP5","Italian","L2"
"2424",6319,53,"expletive_test",20,2,"test","pos","adj","TO","A","IAP2","Italian","L2"
"2425",6323,53,"expletive_test",33,9,"test","pos","adj","AO","A","IAP9","Italian","L2"
"2426",6324,53,"expletive_test",10,7,"test","neg","adj","NEU","A","IAN7","Italian","L2"
"2427",6325,53,"expletive_test",29,7,"test","pos","pej","NEU","A","IPP7","Italian","L2"
"2428",6326,53,"expletive_test",27,8,"test","pos","adj","TO","A","IAP8","Italian","L2"
"2429",6327,53,"expletive_test",16,5,"test","neg","adj","TO","A","IAN5","Italian","L2"
"2430",6328,53,"expletive_test",28,7,"test","pos","adj","NEU","A","IAP7","Italian","L2"
"2431",6330,53,"expletive_test",63,3,"test","pos","adj","AO","A","IAP3","Italian","L2"
"2432",6334,53,"expletive_test",75,6,"test","neg","adj","AO","A","IAN6","Italian","L2"
"2433",6336,53,"expletive_test",57,2,"test","neg","adj","TO","A","IAN2","Italian","L2"
"2434",6337,53,"expletive_test",33,4,"test","neg","pej","NEU","A","IPN4","Italian","L2"
"2435",6339,53,"expletive_test",80,6,"test","neg","pej","AO","A","IPN6","Italian","L2"
"2436",6340,53,"expletive_test",73,2,"test","pos","pej","TO","A","IPP2","Italian","L2"
"2437",6341,53,"expletive_test",26,4,"test","pos","adj","NEU","A","IAP4","Italian","L2"
"2438",6343,53,"expletive_test",71,3,"test","neg","pej","AO","A","IPN3","Italian","L2"
"2439",6344,53,"expletive_test",74,9,"test","pos","pej","AO","A","IPP9","Italian","L2"
"2440",6345,53,"expletive_test",79,2,"test","neg","pej","TO","A","IPN2","Italian","L2"
"2441",6346,53,"expletive_test",21,6,"test","pos","adj","AO","A","IAP6","Italian","L2"
"2442",6347,53,"expletive_test",69,3,"test","neg","adj","AO","A","IAN3","Italian","L2"
"2443",6348,53,"expletive_test",30,1,"test","pos","adj","NEU","A","IAP1","Italian","L2"
"2444",6356,53,"expletive_test",67,5,"test","pos","adj","TO","A","IAP5","Italian","L2"
"2445",6357,53,"expletive_test",26,1,"test","neg","pej","NEU","A","IPN1","Italian","L2"
"2446",6358,53,"expletive_test",72,3,"test","pos","pej","AO","A","IPP3","Italian","L2"
"2447",6359,53,"expletive_test",77,8,"test","neg","pej","TO","A","IPN8","Italian","L2"
"2448",6360,53,"expletive_test",69,6,"test","pos","pej","AO","A","IPP6","Italian","L2"
"2449",6361,37,"expletive_test",14,4,"test","neg","pej","AO","B","IPN4","Italian","L2"
"2450",6362,37,"expletive_test",38,6,"test","pos","adj","TO","B","IAP6","Italian","L2"
"2451",6365,37,"expletive_test",47,6,"test","pos","pej","TO","B","IPP6","Italian","L2"
"2452",6366,37,"expletive_test",48,3,"test","pos","pej","TO","B","IPP3","Italian","L2"
"2453",6367,37,"expletive_test",30,3,"test","neg","pej","TO","B","IPN3","Italian","L2"
"2454",6369,37,"expletive_test",42,4,"test","pos","adj","AO","B","IAP4","Italian","L2"
"2455",6370,37,"expletive_test",23,1,"test","neg","pej","AO","B","IPN1","Italian","L2"
"2456",6371,37,"expletive_test",16,5,"test","neg","pej","NEU","B","IPN5","Italian","L2"
"2457",6372,37,"expletive_test",31,6,"test","neg","adj","TO","B","IAN6","Italian","L2"
"2458",6373,37,"expletive_test",22,5,"test","neg","adj","NEU","B","IAN5","Italian","L2"
"2459",6374,37,"expletive_test",17,4,"test","neg","adj","AO","B","IAN4","Italian","L2"
"2460",6377,37,"expletive_test",40,8,"test","pos","pej","NEU","B","IPP8","Italian","L2"
"2461",6379,37,"expletive_test",36,1,"test","pos","adj","AO","B","IAP1","Italian","L2"
"2462",6380,37,"expletive_test",28,7,"test","neg","adj","AO","B","IAN7","Italian","L2"
"2463",6381,37,"expletive_test",52,9,"test","pos","pej","TO","B","IPP9","Italian","L2"
"2464",6385,37,"expletive_test",35,7,"test","neg","pej","AO","B","IPN7","Italian","L2"
"2465",6386,37,"expletive_test",41,5,"test","pos","adj","NEU","B","IAP5","Italian","L2"
"2466",6387,37,"expletive_test",35,2,"test","pos","adj","NEU","B","IAP2","Italian","L2"
"2467",6389,37,"expletive_test",22,8,"test","neg","pej","NEU","B","IPN8","Italian","L2"
"2468",6390,37,"expletive_test",54,2,"test","pos","pej","NEU","B","IPP2","Italian","L2"
"2469",6392,37,"expletive_test",19,9,"test","neg","pej","TO","B","IPN9","Italian","L2"
"2470",6395,37,"expletive_test",30,8,"test","neg","adj","NEU","B","IAN8","Italian","L2"
"2471",6398,37,"expletive_test",20,9,"test","neg","adj","TO","B","IAN9","Italian","L2"
"2472",6399,37,"expletive_test",31,6,"test","neg","pej","TO","B","IPN6","Italian","L2"
"2473",6401,37,"expletive_test",31,2,"test","neg","pej","NEU","B","IPN2","Italian","L2"
"2474",6402,37,"expletive_test",35,4,"test","pos","pej","AO","B","IPP4","Italian","L2"
"2475",6403,37,"expletive_test",31,7,"test","pos","adj","AO","B","IAP7","Italian","L2"
"2476",6406,37,"expletive_test",11,2,"test","neg","adj","NEU","B","IAN2","Italian","L2"
"2477",6408,37,"expletive_test",52,8,"test","pos","adj","NEU","B","IAP8","Italian","L2"
"2478",6409,37,"expletive_test",40,5,"test","pos","pej","NEU","B","IPP5","Italian","L2"
"2479",6410,37,"expletive_test",52,9,"test","pos","adj","TO","B","IAP9","Italian","L2"
"2480",6411,37,"expletive_test",37,3,"test","neg","adj","TO","B","IAN3","Italian","L2"
"2481",6412,37,"expletive_test",30,1,"test","neg","adj","AO","B","IAN1","Italian","L2"
"2482",6414,37,"expletive_test",29,7,"test","pos","pej","AO","B","IPP7","Italian","L2"
"2483",6417,37,"expletive_test",38,3,"test","pos","adj","TO","B","IAP3","Italian","L2"
"2484",6418,37,"expletive_test",38,1,"test","pos","pej","AO","B","IPP1","Italian","L2"
"2485",6421,120,"expletive_test",74,6,"test","neg","adj","NEU","B","IAN6","Italian","L2"
"2486",6423,120,"expletive_test",86,1,"test","neg","pej","TO","B","IPN1","Italian","L2"
"2487",6426,120,"expletive_test",99,4,"test","pos","pej","TO","B","IPP4","Italian","L2"
"2488",6428,120,"expletive_test",2,3,"test","neg","pej","NEU","B","IPN3","Italian","L2"
"2489",6430,120,"expletive_test",99,5,"test","pos","pej","AO","B","IPP5","Italian","L2"
"2490",6432,120,"expletive_test",70,7,"test","neg","pej","TO","B","IPN7","Italian","L2"
"2491",6433,120,"expletive_test",69,7,"test","pos","pej","TO","B","IPP7","Italian","L2"
"2492",6434,120,"expletive_test",56,3,"test","pos","pej","NEU","B","IPP3","Italian","L2"
"2493",6436,120,"expletive_test",99,2,"test","neg","pej","AO","B","IPN2","Italian","L2"
"2494",6438,120,"expletive_test",76,5,"test","pos","adj","AO","B","IAP5","Italian","L2"
"2495",6440,120,"expletive_test",99,5,"test","neg","adj","AO","B","IAN5","Italian","L2"
"2496",6442,120,"expletive_test",79,2,"test","pos","pej","AO","B","IPP2","Italian","L2"
"2497",6443,120,"expletive_test",99,1,"test","pos","adj","TO","B","IAP1","Italian","L2"
"2498",6444,120,"expletive_test",68,9,"test","neg","adj","NEU","B","IAN9","Italian","L2"
"2499",6445,120,"expletive_test",18,9,"test","pos","pej","NEU","B","IPP9","Italian","L2"
"2500",6446,120,"expletive_test",0,6,"test","neg","pej","NEU","B","IPN6","Italian","L2"
"2501",6447,120,"expletive_test",99,8,"test","neg","adj","AO","B","IAN8","Italian","L2"
"2502",6448,120,"expletive_test",99,8,"test","neg","pej","AO","B","IPN8","Italian","L2"
"2503",6451,120,"expletive_test",84,4,"test","neg","adj","TO","B","IAN4","Italian","L2"
"2504",6453,120,"expletive_test",37,6,"test","pos","adj","NEU","B","IAP6","Italian","L2"
"2505",6454,120,"expletive_test",3,9,"test","neg","pej","NEU","B","IPN9","Italian","L2"
"2506",6455,120,"expletive_test",99,2,"test","pos","adj","AO","B","IAP2","Italian","L2"
"2507",6457,120,"expletive_test",99,5,"test","neg","pej","AO","B","IPN5","Italian","L2"
"2508",6458,120,"expletive_test",32,3,"test","neg","adj","NEU","B","IAN3","Italian","L2"
"2509",6459,120,"expletive_test",71,7,"test","neg","adj","TO","B","IAN7","Italian","L2"
"2510",6460,120,"expletive_test",99,1,"test","pos","pej","TO","B","IPP1","Italian","L2"
"2511",6461,120,"expletive_test",99,4,"test","neg","pej","TO","B","IPN4","Italian","L2"
"2512",6462,120,"expletive_test",41,8,"test","pos","adj","AO","B","IAP8","Italian","L2"
"2513",6463,120,"expletive_test",99,9,"test","pos","adj","NEU","B","IAP9","Italian","L2"
"2514",6468,120,"expletive_test",92,6,"test","pos","pej","NEU","B","IPP6","Italian","L2"
"2515",6469,120,"expletive_test",99,8,"test","pos","pej","AO","B","IPP8","Italian","L2"
"2516",6470,120,"expletive_test",99,3,"test","pos","adj","NEU","B","IAP3","Italian","L2"
"2517",6471,120,"expletive_test",91,2,"test","neg","adj","AO","B","IAN2","Italian","L2"
"2518",6473,120,"expletive_test",88,7,"test","pos","adj","TO","B","IAP7","Italian","L2"
"2519",6478,120,"expletive_test",99,1,"test","neg","adj","TO","B","IAN1","Italian","L2"
"2520",6480,120,"expletive_test",99,4,"test","pos","adj","TO","B","IAP4","Italian","L2"
"2521",6481,44,"expletive_test",59,8,"test","pos","adj","TO","C","IAP8","Italian","L2"
"2522",6482,44,"expletive_test",69,2,"test","pos","adj","TO","C","IAP2","Italian","L2"
"2523",6483,44,"expletive_test",71,6,"test","pos","adj","AO","C","IAP6","Italian","L2"
"2524",6484,44,"expletive_test",80,6,"test","neg","adj","AO","C","IAN6","Italian","L2"
"2525",6488,44,"expletive_test",60,1,"test","pos","pej","NEU","C","IPP1","Italian","L2"
"2526",6490,44,"expletive_test",63,7,"test","pos","pej","NEU","C","IPP7","Italian","L2"
"2527",6491,44,"expletive_test",67,5,"test","neg","adj","TO","C","IAN5","Italian","L2"
"2528",6492,44,"expletive_test",85,9,"test","pos","pej","AO","C","IPP9","Italian","L2"
"2529",6493,44,"expletive_test",15,7,"test","neg","pej","NEU","C","IPN7","Italian","L2"
"2530",6500,44,"expletive_test",93,2,"test","pos","pej","TO","C","IPP2","Italian","L2"
"2531",6501,44,"expletive_test",27,4,"test","neg","adj","NEU","C","IAN4","Italian","L2"
"2532",6502,44,"expletive_test",73,5,"test","pos","adj","TO","C","IAP5","Italian","L2"
"2533",6503,44,"expletive_test",71,7,"test","pos","adj","NEU","C","IAP7","Italian","L2"
"2534",6504,44,"expletive_test",79,3,"test","pos","adj","AO","C","IAP3","Italian","L2"
"2535",6506,44,"expletive_test",83,2,"test","neg","adj","TO","C","IAN2","Italian","L2"
"2536",6509,44,"expletive_test",81,3,"test","neg","adj","AO","C","IAN3","Italian","L2"
"2537",6511,44,"expletive_test",79,9,"test","neg","adj","AO","C","IAN9","Italian","L2"
"2538",6512,44,"expletive_test",57,4,"test","pos","adj","NEU","C","IAP4","Italian","L2"
"2539",6513,44,"expletive_test",64,1,"test","pos","adj","NEU","C","IAP1","Italian","L2"
"2540",6514,44,"expletive_test",23,1,"test","neg","adj","NEU","C","IAN1","Italian","L2"
"2541",6516,44,"expletive_test",99,5,"test","pos","pej","TO","C","IPP5","Italian","L2"
"2542",6518,44,"expletive_test",16,9,"test","pos","adj","AO","C","IAP9","Italian","L2"
"2543",6520,44,"expletive_test",32,7,"test","neg","adj","NEU","C","IAN7","Italian","L2"
"2544",6521,44,"expletive_test",92,8,"test","neg","adj","TO","C","IAN8","Italian","L2"
"2545",6522,44,"expletive_test",92,2,"test","neg","pej","TO","C","IPN2","Italian","L2"
"2546",6525,44,"expletive_test",78,9,"test","neg","pej","AO","C","IPN9","Italian","L2"
"2547",6526,44,"expletive_test",79,5,"test","neg","pej","TO","C","IPN5","Italian","L2"
"2548",6528,44,"expletive_test",37,3,"test","neg","pej","AO","C","IPN3","Italian","L2"
"2549",6530,44,"expletive_test",64,3,"test","pos","pej","AO","C","IPP3","Italian","L2"
"2550",6532,44,"expletive_test",10,1,"test","neg","pej","NEU","C","IPN1","Italian","L2"
"2551",6533,44,"expletive_test",37,6,"test","neg","pej","AO","C","IPN6","Italian","L2"
"2552",6534,44,"expletive_test",78,4,"test","pos","pej","NEU","C","IPP4","Italian","L2"
"2553",6535,44,"expletive_test",97,8,"test","pos","pej","TO","C","IPP8","Italian","L2"
"2554",6538,44,"expletive_test",86,8,"test","neg","pej","TO","C","IPN8","Italian","L2"
"2555",6539,44,"expletive_test",63,6,"test","pos","pej","AO","C","IPP6","Italian","L2"
"2556",6540,44,"expletive_test",15,4,"test","neg","pej","NEU","C","IPN4","Italian","L2"
"2557",6541,105,"expletive_test",0,1,"test","neg","adj","NEU","A","IAN1","Italian","L2"
"2558",6543,105,"expletive_test",0,7,"test","pos","adj","NEU","A","IAP7","Italian","L2"
"2559",6544,105,"expletive_test",73,1,"test","pos","adj","NEU","A","IAP1","Italian","L2"
"2560",6545,105,"expletive_test",0,7,"test","pos","pej","NEU","A","IPP7","Italian","L2"
"2561",6549,105,"expletive_test",0,7,"test","neg","adj","NEU","A","IAN7","Italian","L2"
"2562",6552,105,"expletive_test",99,9,"test","neg","pej","AO","A","IPN9","Italian","L2"
"2563",6553,105,"expletive_test",86,3,"test","pos","adj","AO","A","IAP3","Italian","L2"
"2564",6554,105,"expletive_test",99,6,"test","neg","pej","AO","A","IPN6","Italian","L2"
"2565",6556,105,"expletive_test",13,1,"test","pos","pej","NEU","A","IPP1","Italian","L2"
"2566",6557,105,"expletive_test",99,6,"test","pos","adj","AO","A","IAP6","Italian","L2"
"2567",6558,105,"expletive_test",73,9,"test","pos","adj","AO","A","IAP9","Italian","L2"
"2568",6560,105,"expletive_test",99,5,"test","pos","adj","TO","A","IAP5","Italian","L2"
"2569",6563,105,"expletive_test",0,4,"test","neg","pej","NEU","A","IPN4","Italian","L2"
"2570",6564,105,"expletive_test",97,2,"test","pos","adj","TO","A","IAP2","Italian","L2"
"2571",6566,105,"expletive_test",99,3,"test","pos","pej","AO","A","IPP3","Italian","L2"
"2572",6567,105,"expletive_test",99,6,"test","pos","pej","AO","A","IPP6","Italian","L2"
"2573",6568,105,"expletive_test",99,6,"test","neg","adj","AO","A","IAN6","Italian","L2"
"2574",6569,105,"expletive_test",99,5,"test","neg","pej","TO","A","IPN5","Italian","L2"
"2575",6570,105,"expletive_test",99,3,"test","neg","adj","AO","A","IAN3","Italian","L2"
"2576",6571,105,"expletive_test",0,5,"test","neg","adj","TO","A","IAN5","Italian","L2"
"2577",6572,105,"expletive_test",88,8,"test","pos","adj","TO","A","IAP8","Italian","L2"
"2578",6574,105,"expletive_test",99,3,"test","neg","pej","AO","A","IPN3","Italian","L2"
"2579",6576,105,"expletive_test",99,4,"test","pos","pej","NEU","A","IPP4","Italian","L2"
"2580",6578,105,"expletive_test",99,2,"test","neg","adj","TO","A","IAN2","Italian","L2"
"2581",6581,105,"expletive_test",99,8,"test","neg","adj","TO","A","IAN8","Italian","L2"
"2582",6582,105,"expletive_test",0,4,"test","neg","adj","NEU","A","IAN4","Italian","L2"
"2583",6583,105,"expletive_test",99,9,"test","pos","pej","AO","A","IPP9","Italian","L2"
"2584",6584,105,"expletive_test",83,4,"test","pos","adj","NEU","A","IAP4","Italian","L2"
"2585",6588,105,"expletive_test",99,8,"test","pos","pej","TO","A","IPP8","Italian","L2"
"2586",6589,105,"expletive_test",0,7,"test","neg","pej","NEU","A","IPN7","Italian","L2"
"2587",6590,105,"expletive_test",99,5,"test","pos","pej","TO","A","IPP5","Italian","L2"
"2588",6591,105,"expletive_test",0,1,"test","neg","pej","NEU","A","IPN1","Italian","L2"
"2589",6592,105,"expletive_test",99,2,"test","neg","pej","TO","A","IPN2","Italian","L2"
"2590",6597,105,"expletive_test",99,9,"test","neg","adj","AO","A","IAN9","Italian","L2"
"2591",6598,105,"expletive_test",99,8,"test","neg","pej","TO","A","IPN8","Italian","L2"
"2592",6600,105,"expletive_test",99,2,"test","pos","pej","TO","A","IPP2","Italian","L2"
"2593",6601,128,"expletive_test",31,8,"test","neg","adj","NEU","C","IAN8","Italian","L2"
"2594",6602,128,"expletive_test",61,7,"test","neg","adj","AO","C","IAN7","Italian","L2"
"2595",6604,128,"expletive_test",19,3,"test","pos","pej","TO","C","IPP3","Italian","L2"
"2596",6605,128,"expletive_test",81,8,"test","neg","pej","NEU","C","IPN8","Italian","L2"
"2597",6606,128,"expletive_test",74,3,"test","pos","adj","TO","C","IAP3","Italian","L2"
"2598",6607,128,"expletive_test",69,4,"test","neg","adj","AO","C","IAN4","Italian","L2"
"2599",6608,128,"expletive_test",22,2,"test","pos","pej","NEU","C","IPP2","Italian","L2"
"2600",6609,128,"expletive_test",71,9,"test","neg","pej","TO","C","IPN9","Italian","L2"
"2601",6610,128,"expletive_test",79,6,"test","neg","adj","TO","C","IAN6","Italian","L2"
"2602",6613,128,"expletive_test",23,3,"test","neg","adj","TO","C","IAN3","Italian","L2"
"2603",6614,128,"expletive_test",26,2,"test","neg","adj","NEU","C","IAN2","Italian","L2"
"2604",6615,128,"expletive_test",78,2,"test","pos","adj","NEU","C","IAP2","Italian","L2"
"2605",6616,128,"expletive_test",20,5,"test","neg","pej","NEU","C","IPN5","Italian","L2"
"2606",6618,128,"expletive_test",7,6,"test","pos","pej","TO","C","IPP6","Italian","L2"
"2607",6620,128,"expletive_test",87,3,"test","neg","pej","TO","C","IPN3","Italian","L2"
"2608",6623,128,"expletive_test",86,5,"test","pos","adj","NEU","C","IAP5","Italian","L2"
"2609",6624,128,"expletive_test",82,8,"test","pos","adj","NEU","C","IAP8","Italian","L2"
"2610",6626,128,"expletive_test",76,7,"test","pos","pej","AO","C","IPP7","Italian","L2"
"2611",6627,128,"expletive_test",67,1,"test","neg","adj","AO","C","IAN1","Italian","L2"
"2612",6628,128,"expletive_test",76,9,"test","pos","adj","TO","C","IAP9","Italian","L2"
"2613",6629,128,"expletive_test",5,6,"test","pos","adj","TO","C","IAP6","Italian","L2"
"2614",6631,128,"expletive_test",88,4,"test","neg","pej","AO","C","IPN4","Italian","L2"
"2615",6634,128,"expletive_test",76,5,"test","neg","adj","NEU","C","IAN5","Italian","L2"
"2616",6635,128,"expletive_test",89,4,"test","pos","adj","AO","C","IAP4","Italian","L2"
"2617",6636,128,"expletive_test",28,9,"test","pos","pej","TO","C","IPP9","Italian","L2"
"2618",6638,128,"expletive_test",72,6,"test","neg","pej","TO","C","IPN6","Italian","L2"
"2619",6639,128,"expletive_test",80,4,"test","pos","pej","AO","C","IPP4","Italian","L2"
"2620",6641,128,"expletive_test",89,7,"test","neg","pej","AO","C","IPN7","Italian","L2"
"2621",6643,128,"expletive_test",85,2,"test","neg","pej","NEU","C","IPN2","Italian","L2"
"2622",6644,128,"expletive_test",72,1,"test","pos","adj","AO","C","IAP1","Italian","L2"
"2623",6645,128,"expletive_test",78,8,"test","pos","pej","NEU","C","IPP8","Italian","L2"
"2624",6648,128,"expletive_test",80,1,"test","neg","pej","AO","C","IPN1","Italian","L2"
"2625",6649,128,"expletive_test",91,1,"test","pos","pej","AO","C","IPP1","Italian","L2"
"2626",6652,128,"expletive_test",15,7,"test","pos","adj","AO","C","IAP7","Italian","L2"
"2627",6653,128,"expletive_test",17,9,"test","neg","adj","TO","C","IAN9","Italian","L2"
"2628",6658,128,"expletive_test",88,5,"test","pos","pej","NEU","C","IPP5","Italian","L2"
"2629",6662,160,"expletive_test",22,9,"test","neg","adj","AO","C","IAN9","Italian","L2"
"2630",6663,160,"expletive_test",3,7,"test","neg","pej","NEU","C","IPN7","Italian","L2"
"2631",6666,160,"expletive_test",82,6,"test","pos","pej","AO","C","IPP6","Italian","L2"
"2632",6667,160,"expletive_test",92,8,"test","neg","adj","TO","C","IAN8","Italian","L2"
"2633",6668,160,"expletive_test",63,7,"test","pos","pej","NEU","C","IPP7","Italian","L2"
"2634",6670,160,"expletive_test",99,9,"test","neg","pej","AO","C","IPN9","Italian","L2"
"2635",6672,160,"expletive_test",87,6,"test","neg","adj","AO","C","IAN6","Italian","L2"
"2636",6673,160,"expletive_test",95,6,"test","neg","pej","AO","C","IPN6","Italian","L2"
"2637",6674,160,"expletive_test",69,4,"test","neg","pej","NEU","C","IPN4","Italian","L2"
"2638",6675,160,"expletive_test",56,7,"test","pos","adj","NEU","C","IAP7","Italian","L2"
"2639",6678,160,"expletive_test",95,5,"test","pos","pej","TO","C","IPP5","Italian","L2"
"2640",6679,160,"expletive_test",99,9,"test","pos","pej","AO","C","IPP9","Italian","L2"
"2641",6680,160,"expletive_test",39,1,"test","neg","pej","NEU","C","IPN1","Italian","L2"
"2642",6683,160,"expletive_test",82,2,"test","pos","pej","TO","C","IPP2","Italian","L2"
"2643",6684,160,"expletive_test",73,3,"test","neg","adj","AO","C","IAN3","Italian","L2"
"2644",6686,160,"expletive_test",98,2,"test","neg","pej","TO","C","IPN2","Italian","L2"
"2645",6688,160,"expletive_test",71,5,"test","pos","adj","TO","C","IAP5","Italian","L2"
"2646",6689,160,"expletive_test",38,2,"test","neg","adj","TO","C","IAN2","Italian","L2"
"2647",6690,160,"expletive_test",40,4,"test","neg","adj","NEU","C","IAN4","Italian","L2"
"2648",6691,160,"expletive_test",85,3,"test","pos","adj","AO","C","IAP3","Italian","L2"
"2649",6697,160,"expletive_test",90,1,"test","pos","adj","NEU","C","IAP1","Italian","L2"
"2650",6699,160,"expletive_test",44,9,"test","pos","adj","AO","C","IAP9","Italian","L2"
"2651",6700,160,"expletive_test",63,1,"test","pos","pej","NEU","C","IPP1","Italian","L2"
"2652",6702,160,"expletive_test",93,8,"test","neg","pej","TO","C","IPN8","Italian","L2"
"2653",6704,160,"expletive_test",44,4,"test","pos","adj","NEU","C","IAP4","Italian","L2"
"2654",6706,160,"expletive_test",34,7,"test","neg","adj","NEU","C","IAN7","Italian","L2"
"2655",6707,160,"expletive_test",99,8,"test","pos","pej","TO","C","IPP8","Italian","L2"
"2656",6708,160,"expletive_test",99,5,"test","neg","pej","TO","C","IPN5","Italian","L2"
"2657",6709,160,"expletive_test",99,3,"test","pos","pej","AO","C","IPP3","Italian","L2"
"2658",6710,160,"expletive_test",69,4,"test","pos","pej","NEU","C","IPP4","Italian","L2"
"2659",6711,160,"expletive_test",86,2,"test","pos","adj","TO","C","IAP2","Italian","L2"
"2660",6713,160,"expletive_test",35,8,"test","pos","adj","TO","C","IAP8","Italian","L2"
"2661",6716,160,"expletive_test",77,5,"test","neg","adj","TO","C","IAN5","Italian","L2"
"2662",6717,160,"expletive_test",99,3,"test","neg","pej","AO","C","IPN3","Italian","L2"
"2663",6718,160,"expletive_test",85,6,"test","pos","adj","AO","C","IAP6","Italian","L2"
"2664",6719,160,"expletive_test",39,1,"test","neg","adj","NEU","C","IAN1","Italian","L2"
"2665",6722,66,"expletive_test",13,8,"test","pos","adj","TO","A","IAP8","Italian","L2"
"2666",6723,66,"expletive_test",61,9,"test","neg","pej","AO","A","IPN9","Italian","L2"
"2667",6725,66,"expletive_test",73,6,"test","pos","pej","AO","A","IPP6","Italian","L2"
"2668",6727,66,"expletive_test",0,5,"test","neg","adj","TO","A","IAN5","Italian","L2"
"2669",6728,66,"expletive_test",31,4,"test","neg","pej","NEU","A","IPN4","Italian","L2"
"2670",6729,66,"expletive_test",67,4,"test","pos","adj","NEU","A","IAP4","Italian","L2"
"2671",6730,66,"expletive_test",64,1,"test","neg","pej","NEU","A","IPN1","Italian","L2"
"2672",6732,66,"expletive_test",99,7,"test","pos","pej","NEU","A","IPP7","Italian","L2"
"2673",6733,66,"expletive_test",83,4,"test","neg","adj","NEU","A","IAN4","Italian","L2"
"2674",6737,66,"expletive_test",92,3,"test","pos","pej","AO","A","IPP3","Italian","L2"
"2675",6738,66,"expletive_test",80,9,"test","neg","adj","AO","A","IAN9","Italian","L2"
"2676",6739,66,"expletive_test",98,9,"test","pos","pej","AO","A","IPP9","Italian","L2"
"2677",6743,66,"expletive_test",83,5,"test","pos","adj","TO","A","IAP5","Italian","L2"
"2678",6744,66,"expletive_test",32,7,"test","neg","pej","NEU","A","IPN7","Italian","L2"
"2679",6745,66,"expletive_test",99,8,"test","neg","pej","TO","A","IPN8","Italian","L2"
"2680",6746,66,"expletive_test",76,3,"test","neg","adj","AO","A","IAN3","Italian","L2"
"2681",6747,66,"expletive_test",69,1,"test","pos","adj","NEU","A","IAP1","Italian","L2"
"2682",6748,66,"expletive_test",85,5,"test","pos","pej","TO","A","IPP5","Italian","L2"
"2683",6749,66,"expletive_test",7,3,"test","pos","adj","AO","A","IAP3","Italian","L2"
"2684",6751,66,"expletive_test",70,4,"test","pos","pej","NEU","A","IPP4","Italian","L2"
"2685",6753,66,"expletive_test",23,7,"test","pos","adj","NEU","A","IAP7","Italian","L2"
"2686",6755,66,"expletive_test",63,9,"test","pos","adj","AO","A","IAP9","Italian","L2"
"2687",6757,66,"expletive_test",81,5,"test","neg","pej","TO","A","IPN5","Italian","L2"
"2688",6758,66,"expletive_test",75,2,"test","pos","adj","TO","A","IAP2","Italian","L2"
"2689",6759,66,"expletive_test",85,3,"test","neg","pej","AO","A","IPN3","Italian","L2"
"2690",6760,66,"expletive_test",72,6,"test","neg","pej","AO","A","IPN6","Italian","L2"
"2691",6763,66,"expletive_test",76,8,"test","pos","pej","TO","A","IPP8","Italian","L2"
"2692",6766,66,"expletive_test",63,1,"test","neg","adj","NEU","A","IAN1","Italian","L2"
"2693",6767,66,"expletive_test",77,2,"test","neg","adj","TO","A","IAN2","Italian","L2"
"2694",6769,66,"expletive_test",86,2,"test","neg","pej","TO","A","IPN2","Italian","L2"
"2695",6771,66,"expletive_test",75,1,"test","pos","pej","NEU","A","IPP1","Italian","L2"
"2696",6774,66,"expletive_test",71,7,"test","neg","adj","NEU","A","IAN7","Italian","L2"
"2697",6775,66,"expletive_test",89,8,"test","neg","adj","TO","A","IAN8","Italian","L2"
"2698",6777,66,"expletive_test",66,6,"test","pos","adj","AO","A","IAP6","Italian","L2"
"2699",6778,66,"expletive_test",75,6,"test","neg","adj","AO","A","IAN6","Italian","L2"
"2700",6780,66,"expletive_test",91,2,"test","pos","pej","TO","A","IPP2","Italian","L2"
"2701",6781,118,"expletive_test",14,8,"test","neg","pej","AO","C","IPN8","Italian","L2"
"2702",6782,118,"expletive_test",0,9,"test","neg","adj","NEU","C","IAN9","Italian","L2"
"2703",6784,118,"expletive_test",0,3,"test","neg","pej","NEU","C","IPN3","Italian","L2"
"2704",6785,118,"expletive_test",74,1,"test","neg","pej","TO","C","IPN1","Italian","L2"
"2705",6786,118,"expletive_test",79,4,"test","neg","adj","TO","C","IAN4","Italian","L2"
"2706",6787,118,"expletive_test",99,2,"test","pos","adj","AO","C","IAP2","Italian","L2"
"2707",6788,118,"expletive_test",0,8,"test","pos","adj","AO","C","IAP8","Italian","L2"
"2708",6789,118,"expletive_test",99,1,"test","pos","pej","TO","C","IPP1","Italian","L2"
"2709",6795,118,"expletive_test",61,2,"test","neg","pej","AO","C","IPN2","Italian","L2"
"2710",6796,118,"expletive_test",2,9,"test","neg","pej","NEU","C","IPN9","Italian","L2"
"2711",6797,118,"expletive_test",92,6,"test","pos","pej","NEU","C","IPP6","Italian","L2"
"2712",6798,118,"expletive_test",99,4,"test","pos","pej","TO","C","IPP4","Italian","L2"
"2713",6799,118,"expletive_test",71,9,"test","pos","pej","NEU","C","IPP9","Italian","L2"
"2714",6801,118,"expletive_test",0,4,"test","pos","adj","TO","C","IAP4","Italian","L2"
"2715",6803,118,"expletive_test",77,7,"test","pos","pej","TO","C","IPP7","Italian","L2"
"2716",6804,118,"expletive_test",69,4,"test","neg","pej","TO","C","IPN4","Italian","L2"
"2717",6805,118,"expletive_test",81,3,"test","pos","pej","NEU","C","IPP3","Italian","L2"
"2718",6807,118,"expletive_test",60,7,"test","neg","pej","TO","C","IPN7","Italian","L2"
"2719",6808,118,"expletive_test",98,9,"test","pos","adj","NEU","C","IAP9","Italian","L2"
"2720",6809,118,"expletive_test",73,3,"test","pos","adj","NEU","C","IAP3","Italian","L2"
"2721",6810,118,"expletive_test",15,6,"test","neg","adj","NEU","C","IAN6","Italian","L2"
"2722",6812,118,"expletive_test",62,1,"test","neg","adj","TO","C","IAN1","Italian","L2"
"2723",6814,118,"expletive_test",99,8,"test","pos","pej","AO","C","IPP8","Italian","L2"
"2724",6818,118,"expletive_test",56,6,"test","pos","adj","NEU","C","IAP6","Italian","L2"
"2725",6819,118,"expletive_test",63,5,"test","neg","adj","AO","C","IAN5","Italian","L2"
"2726",6821,118,"expletive_test",62,8,"test","neg","adj","AO","C","IAN8","Italian","L2"
"2727",6823,118,"expletive_test",77,7,"test","pos","adj","TO","C","IAP7","Italian","L2"
"2728",6824,118,"expletive_test",79,2,"test","pos","pej","AO","C","IPP2","Italian","L2"
"2729",6825,118,"expletive_test",72,7,"test","neg","adj","TO","C","IAN7","Italian","L2"
"2730",6826,118,"expletive_test",0,6,"test","neg","pej","NEU","C","IPN6","Italian","L2"
"2731",6827,118,"expletive_test",99,5,"test","pos","pej","AO","C","IPP5","Italian","L2"
"2732",6828,118,"expletive_test",99,1,"test","pos","adj","TO","C","IAP1","Italian","L2"
"2733",6829,118,"expletive_test",83,5,"test","pos","adj","AO","C","IAP5","Italian","L2"
"2734",6830,118,"expletive_test",16,5,"test","neg","pej","AO","C","IPN5","Italian","L2"
"2735",6835,118,"expletive_test",58,3,"test","neg","adj","NEU","C","IAN3","Italian","L2"
"2736",6838,118,"expletive_test",37,2,"test","neg","adj","AO","C","IAN2","Italian","L2"
"2737",6842,49,"expletive_test",34,6,"test","neg","adj","NEU","B","IAN6","Italian","L2"
"2738",6843,49,"expletive_test",16,4,"test","neg","pej","TO","B","IPN4","Italian","L2"
"2739",6845,49,"expletive_test",35,1,"test","neg","adj","TO","B","IAN1","Italian","L2"
"2740",6847,49,"expletive_test",59,4,"test","neg","adj","TO","B","IAN4","Italian","L2"
"2741",6848,49,"expletive_test",68,9,"test","pos","pej","NEU","B","IPP9","Italian","L2"
"2742",6850,49,"expletive_test",65,7,"test","pos","adj","TO","B","IAP7","Italian","L2"
"2743",6852,49,"expletive_test",42,9,"test","neg","adj","NEU","B","IAN9","Italian","L2"
"2744",6854,49,"expletive_test",81,5,"test","pos","pej","AO","B","IPP5","Italian","L2"
"2745",6858,49,"expletive_test",30,8,"test","neg","pej","AO","B","IPN8","Italian","L2"
"2746",6860,49,"expletive_test",69,3,"test","pos","adj","NEU","B","IAP3","Italian","L2"
"2747",6862,49,"expletive_test",65,7,"test","neg","adj","TO","B","IAN7","Italian","L2"
"2748",6863,49,"expletive_test",87,1,"test","pos","pej","TO","B","IPP1","Italian","L2"
"2749",6864,49,"expletive_test",64,6,"test","pos","adj","NEU","B","IAP6","Italian","L2"
"2750",6865,49,"expletive_test",69,9,"test","pos","adj","NEU","B","IAP9","Italian","L2"
"2751",6866,49,"expletive_test",27,6,"test","neg","pej","NEU","B","IPN6","Italian","L2"
"2752",6867,49,"expletive_test",61,2,"test","pos","adj","AO","B","IAP2","Italian","L2"
"2753",6868,49,"expletive_test",40,2,"test","neg","adj","AO","B","IAN2","Italian","L2"
"2754",6869,49,"expletive_test",70,7,"test","pos","pej","TO","B","IPP7","Italian","L2"
"2755",6870,49,"expletive_test",39,4,"test","pos","adj","TO","B","IAP4","Italian","L2"
"2756",6871,49,"expletive_test",80,4,"test","pos","pej","TO","B","IPP4","Italian","L2"
"2757",6873,49,"expletive_test",40,8,"test","neg","adj","AO","B","IAN8","Italian","L2"
"2758",6874,49,"expletive_test",60,8,"test","pos","adj","AO","B","IAP8","Italian","L2"
"2759",6875,49,"expletive_test",69,5,"test","pos","adj","AO","B","IAP5","Italian","L2"
"2760",6878,49,"expletive_test",40,2,"test","neg","pej","AO","B","IPN2","Italian","L2"
"2761",6879,49,"expletive_test",36,3,"test","neg","adj","NEU","B","IAN3","Italian","L2"
"2762",6881,49,"expletive_test",40,5,"test","neg","adj","AO","B","IAN5","Italian","L2"
"2763",6885,49,"expletive_test",37,3,"test","neg","pej","NEU","B","IPN3","Italian","L2"
"2764",6886,49,"expletive_test",39,7,"test","neg","pej","TO","B","IPN7","Italian","L2"
"2765",6887,49,"expletive_test",40,5,"test","neg","pej","AO","B","IPN5","Italian","L2"
"2766",6889,49,"expletive_test",76,8,"test","pos","pej","AO","B","IPP8","Italian","L2"
"2767",6893,49,"expletive_test",28,9,"test","neg","pej","NEU","B","IPN9","Italian","L2"
"2768",6894,49,"expletive_test",76,2,"test","pos","pej","AO","B","IPP2","Italian","L2"
"2769",6897,49,"expletive_test",37,1,"test","neg","pej","TO","B","IPN1","Italian","L2"
"2770",6898,49,"expletive_test",86,1,"test","pos","adj","TO","B","IAP1","Italian","L2"
"2771",6899,49,"expletive_test",67,3,"test","pos","pej","NEU","B","IPP3","Italian","L2"
"2772",6900,49,"expletive_test",57,6,"test","pos","pej","NEU","B","IPP6","Italian","L2"
"2773",6901,144,"expletive_test",62,5,"test","pos","adj","NEU","A","IAP5","Italian","L2"
"2774",6902,144,"expletive_test",32,7,"test","neg","pej","AO","A","IPN7","Italian","L2"
"2775",6903,144,"expletive_test",69,7,"test","pos","adj","AO","A","IAP7","Italian","L2"
"2776",6904,144,"expletive_test",26,6,"test","neg","adj","TO","A","IAN6","Italian","L2"
"2777",6905,144,"expletive_test",73,2,"test","neg","adj","NEU","A","IAN2","Italian","L2"
"2778",6906,144,"expletive_test",15,2,"test","pos","adj","NEU","A","IAP2","Italian","L2"
"2779",6908,144,"expletive_test",17,7,"test","neg","adj","AO","A","IAN7","Italian","L2"
"2780",6910,144,"expletive_test",17,9,"test","neg","adj","TO","A","IAN9","Italian","L2"
"2781",6911,144,"expletive_test",84,5,"test","neg","adj","NEU","A","IAN5","Italian","L2"
"2782",6912,144,"expletive_test",9,1,"test","pos","adj","AO","A","IAP1","Italian","L2"
"2783",6918,144,"expletive_test",59,4,"test","pos","pej","AO","A","IPP4","Italian","L2"
"2784",6920,144,"expletive_test",66,3,"test","pos","adj","TO","A","IAP3","Italian","L2"
"2785",6923,144,"expletive_test",64,9,"test","pos","adj","TO","A","IAP9","Italian","L2"
"2786",6924,144,"expletive_test",74,5,"test","pos","pej","NEU","A","IPP5","Italian","L2"
"2787",6925,144,"expletive_test",83,1,"test","pos","pej","AO","A","IPP1","Italian","L2"
"2788",6926,144,"expletive_test",21,3,"test","neg","adj","TO","A","IAN3","Italian","L2"
"2789",6927,144,"expletive_test",16,5,"test","neg","pej","NEU","A","IPN5","Italian","L2"
"2790",6928,144,"expletive_test",79,2,"test","neg","pej","NEU","A","IPN2","Italian","L2"
"2791",6930,144,"expletive_test",27,9,"test","neg","pej","TO","A","IPN9","Italian","L2"
"2792",6932,144,"expletive_test",20,8,"test","pos","pej","NEU","A","IPP8","Italian","L2"
"2793",6933,144,"expletive_test",77,2,"test","pos","pej","NEU","A","IPP2","Italian","L2"
"2794",6936,144,"expletive_test",35,8,"test","pos","adj","NEU","A","IAP8","Italian","L2"
"2795",6938,144,"expletive_test",84,1,"test","neg","adj","AO","A","IAN1","Italian","L2"
"2796",6939,144,"expletive_test",10,6,"test","pos","adj","TO","A","IAP6","Italian","L2"
"2797",6942,144,"expletive_test",86,4,"test","neg","adj","AO","A","IAN4","Italian","L2"
"2798",6944,144,"expletive_test",35,9,"test","pos","pej","TO","A","IPP9","Italian","L2"
"2799",6946,144,"expletive_test",8,8,"test","neg","adj","NEU","A","IAN8","Italian","L2"
"2800",6947,144,"expletive_test",79,1,"test","neg","pej","AO","A","IPN1","Italian","L2"
"2801",6949,144,"expletive_test",16,8,"test","neg","pej","NEU","A","IPN8","Italian","L2"
"2802",6950,144,"expletive_test",85,3,"test","neg","pej","TO","A","IPN3","Italian","L2"
"2803",6951,144,"expletive_test",80,6,"test","neg","pej","TO","A","IPN6","Italian","L2"
"2804",6952,144,"expletive_test",79,3,"test","pos","pej","TO","A","IPP3","Italian","L2"
"2805",6955,144,"expletive_test",87,6,"test","pos","pej","TO","A","IPP6","Italian","L2"
"2806",6956,144,"expletive_test",75,4,"test","neg","pej","AO","A","IPN4","Italian","L2"
"2807",6958,144,"expletive_test",16,7,"test","pos","pej","AO","A","IPP7","Italian","L2"
"2808",6960,144,"expletive_test",27,4,"test","pos","adj","AO","A","IAP4","Italian","L2"
"2809",6962,127,"expletive_test",0,2,"test","neg","pej","NEU","C","IPN2","Italian","L2"
"2810",6965,127,"expletive_test",99,3,"test","pos","pej","TO","C","IPP3","Italian","L2"
"2811",6966,127,"expletive_test",64,7,"test","neg","adj","AO","C","IAN7","Italian","L2"
"2812",6967,127,"expletive_test",99,1,"test","pos","pej","AO","C","IPP1","Italian","L2"
"2813",6969,127,"expletive_test",22,8,"test","neg","adj","NEU","C","IAN8","Italian","L2"
"2814",6970,127,"expletive_test",99,1,"test","pos","adj","AO","C","IAP1","Italian","L2"
"2815",6973,127,"expletive_test",88,4,"test","pos","pej","AO","C","IPP4","Italian","L2"
"2816",6977,127,"expletive_test",60,7,"test","neg","pej","AO","C","IPN7","Italian","L2"
"2817",6979,127,"expletive_test",35,8,"test","pos","adj","NEU","C","IAP8","Italian","L2"
"2818",6980,127,"expletive_test",86,7,"test","pos","adj","AO","C","IAP7","Italian","L2"
"2819",6981,127,"expletive_test",33,1,"test","neg","pej","AO","C","IPN1","Italian","L2"
"2820",6982,127,"expletive_test",66,3,"test","neg","adj","TO","C","IAN3","Italian","L2"
"2821",6983,127,"expletive_test",14,2,"test","neg","adj","NEU","C","IAN2","Italian","L2"
"2822",6984,127,"expletive_test",75,6,"test","pos","adj","TO","C","IAP6","Italian","L2"
"2823",6986,127,"expletive_test",75,6,"test","pos","pej","TO","C","IPP6","Italian","L2"
"2824",6988,127,"expletive_test",62,9,"test","pos","adj","TO","C","IAP9","Italian","L2"
"2825",6990,127,"expletive_test",64,3,"test","pos","adj","TO","C","IAP3","Italian","L2"
"2826",6993,127,"expletive_test",9,9,"test","neg","adj","TO","C","IAN9","Italian","L2"
"2827",6996,127,"expletive_test",10,5,"test","neg","pej","NEU","C","IPN5","Italian","L2"
"2828",6997,127,"expletive_test",39,1,"test","neg","adj","AO","C","IAN1","Italian","L2"
"2829",6998,127,"expletive_test",61,8,"test","pos","pej","NEU","C","IPP8","Italian","L2"
"2830",7000,127,"expletive_test",66,3,"test","neg","pej","TO","C","IPN3","Italian","L2"
"2831",7003,127,"expletive_test",63,6,"test","neg","pej","TO","C","IPN6","Italian","L2"
"2832",7004,127,"expletive_test",72,2,"test","pos","pej","NEU","C","IPP2","Italian","L2"
"2833",7005,127,"expletive_test",13,6,"test","neg","adj","TO","C","IAN6","Italian","L2"
"2834",7006,127,"expletive_test",79,4,"test","pos","adj","AO","C","IAP4","Italian","L2"
"2835",7007,127,"expletive_test",16,8,"test","neg","pej","NEU","C","IPN8","Italian","L2"
"2836",7008,127,"expletive_test",62,5,"test","pos","pej","NEU","C","IPP5","Italian","L2"
"2837",7011,127,"expletive_test",70,9,"test","pos","pej","TO","C","IPP9","Italian","L2"
"2838",7012,127,"expletive_test",54,2,"test","pos","adj","NEU","C","IAP2","Italian","L2"
"2839",7014,127,"expletive_test",28,5,"test","neg","adj","NEU","C","IAN5","Italian","L2"
"2840",7015,127,"expletive_test",15,4,"test","neg","adj","AO","C","IAN4","Italian","L2"
"2841",7016,127,"expletive_test",4,4,"test","neg","pej","AO","C","IPN4","Italian","L2"
"2842",7017,127,"expletive_test",65,5,"test","pos","adj","NEU","C","IAP5","Italian","L2"
"2843",7019,127,"expletive_test",9,9,"test","neg","pej","TO","C","IPN9","Italian","L2"
"2844",7020,127,"expletive_test",72,7,"test","pos","pej","AO","C","IPP7","Italian","L2"
"2845",7021,20,"expletive_test",0,1,"test","neg","pej","NEU","B","IPN1","Italian","L2"
"2846",7022,20,"expletive_test",76,2,"test","neg","adj","TO","B","IAN2","Italian","L2"
"2847",7023,20,"expletive_test",92,2,"test","pos","pej","TO","B","IPP2","Italian","L2"
"2848",7024,20,"expletive_test",68,4,"test","pos","adj","NEU","B","IAP4","Italian","L2"
"2849",7025,20,"expletive_test",55,7,"test","neg","adj","NEU","B","IAN7","Italian","L2"
"2850",7027,20,"expletive_test",32,6,"test","neg","pej","AO","B","IPN6","Italian","L2"
"2851",7028,20,"expletive_test",92,6,"test","pos","pej","AO","B","IPP6","Italian","L2"
"2852",7029,20,"expletive_test",85,7,"test","pos","pej","NEU","B","IPP7","Italian","L2"
"2853",7030,20,"expletive_test",39,4,"test","neg","adj","NEU","B","IAN4","Italian","L2"
"2854",7032,20,"expletive_test",94,1,"test","pos","adj","NEU","B","IAP1","Italian","L2"
"2855",7033,20,"expletive_test",75,9,"test","neg","adj","AO","B","IAN9","Italian","L2"
"2856",7036,20,"expletive_test",72,3,"test","pos","adj","AO","B","IAP3","Italian","L2"
"2857",7037,20,"expletive_test",88,9,"test","pos","adj","AO","B","IAP9","Italian","L2"
"2858",7039,20,"expletive_test",26,9,"test","neg","pej","AO","B","IPN9","Italian","L2"
"2859",7041,20,"expletive_test",37,3,"test","pos","pej","AO","B","IPP3","Italian","L2"
"2860",7043,20,"expletive_test",99,2,"test","neg","pej","TO","B","IPN2","Italian","L2"
"2861",7044,20,"expletive_test",99,8,"test","neg","adj","TO","B","IAN8","Italian","L2"
"2862",7045,20,"expletive_test",7,4,"test","neg","pej","NEU","B","IPN4","Italian","L2"
"2863",7046,20,"expletive_test",81,8,"test","neg","pej","TO","B","IPN8","Italian","L2"
"2864",7047,20,"expletive_test",86,5,"test","pos","pej","TO","B","IPP5","Italian","L2"
"2865",7051,20,"expletive_test",80,2,"test","pos","adj","TO","B","IAP2","Italian","L2"
"2866",7055,20,"expletive_test",73,6,"test","pos","adj","AO","B","IAP6","Italian","L2"
"2867",7056,20,"expletive_test",75,8,"test","pos","adj","TO","B","IAP8","Italian","L2"
"2868",7057,20,"expletive_test",75,5,"test","neg","adj","TO","B","IAN5","Italian","L2"
"2869",7058,20,"expletive_test",0,7,"test","neg","pej","NEU","B","IPN7","Italian","L2"
"2870",7059,20,"expletive_test",67,3,"test","neg","adj","AO","B","IAN3","Italian","L2"
"2871",7060,20,"expletive_test",82,6,"test","neg","adj","AO","B","IAN6","Italian","L2"
"2872",7063,20,"expletive_test",99,5,"test","neg","pej","TO","B","IPN5","Italian","L2"
"2873",7068,20,"expletive_test",75,3,"test","neg","pej","AO","B","IPN3","Italian","L2"
"2874",7069,20,"expletive_test",76,9,"test","pos","pej","AO","B","IPP9","Italian","L2"
"2875",7073,20,"expletive_test",69,8,"test","pos","pej","TO","B","IPP8","Italian","L2"
"2876",7074,20,"expletive_test",60,1,"test","pos","pej","NEU","B","IPP1","Italian","L2"
"2877",7075,20,"expletive_test",65,7,"test","pos","adj","NEU","B","IAP7","Italian","L2"
"2878",7076,20,"expletive_test",67,4,"test","pos","pej","NEU","B","IPP4","Italian","L2"
"2879",7077,20,"expletive_test",65,5,"test","pos","adj","TO","B","IAP5","Italian","L2"
"2880",7078,20,"expletive_test",26,1,"test","neg","adj","NEU","B","IAN1","Italian","L2"
"2881",7081,188,"expletive_test",88,1,"test","pos","pej","TO","B","EPP1","English","L1"
"2882",7082,188,"expletive_test",0,3,"test","neg","pej","NEU","B","EPN3","English","L1"
"2883",7085,188,"expletive_test",58,5,"test","pos","pej","AO","B","EPP5","English","L1"
"2884",7089,188,"expletive_test",0,4,"test","neg","adj","TO","B","EAN4","English","L1"
"2885",7090,188,"expletive_test",99,7,"test","pos","pej","TO","B","EPP7","English","L1"
"2886",7092,188,"expletive_test",0,1,"test","neg","adj","TO","B","EAN1","English","L1"
"2887",7093,188,"expletive_test",72,2,"test","pos","adj","AO","B","EAP2","English","L1"
"2888",7094,188,"expletive_test",78,7,"test","pos","adj","TO","B","EAP7","English","L1"
"2889",7095,188,"expletive_test",33,3,"test","neg","adj","NEU","B","EAN3","English","L1"
"2890",7096,188,"expletive_test",26,1,"test","neg","pej","TO","B","EPN1","English","L1"
"2891",7098,188,"expletive_test",0,6,"test","neg","pej","NEU","B","EPN6","English","L1"
"2892",7099,188,"expletive_test",39,5,"test","neg","adj","AO","B","EAN5","English","L1"
"2893",7104,188,"expletive_test",30,7,"test","neg","pej","TO","B","EPN7","English","L1"
"2894",7105,188,"expletive_test",29,8,"test","neg","pej","AO","B","EPN8","English","L1"
"2895",7107,188,"expletive_test",85,2,"test","pos","pej","AO","B","EPP2","English","L1"
"2896",7108,188,"expletive_test",48,4,"test","pos","adj","TO","B","EAP4","English","L1"
"2897",7110,188,"expletive_test",67,3,"test","pos","adj","NEU","B","EAP3","English","L1"
"2898",7111,188,"expletive_test",39,8,"test","pos","adj","AO","B","EAP8","English","L1"
"2899",7113,188,"expletive_test",52,9,"test","neg","adj","NEU","B","EAN9","English","L1"
"2900",7114,188,"expletive_test",56,4,"test","neg","pej","TO","B","EPN4","English","L1"
"2901",7115,188,"expletive_test",68,8,"test","pos","pej","AO","B","EPP8","English","L1"
"2902",7116,188,"expletive_test",56,9,"test","pos","adj","NEU","B","EAP9","English","L1"
"2903",7118,188,"expletive_test",57,2,"test","neg","pej","AO","B","EPN2","English","L1"
"2904",7119,188,"expletive_test",56,6,"test","neg","adj","NEU","B","EAN6","English","L1"
"2905",7124,188,"expletive_test",23,3,"test","pos","pej","NEU","B","EPP3","English","L1"
"2906",7126,188,"expletive_test",74,6,"test","pos","adj","NEU","B","EAP6","English","L1"
"2907",7129,188,"expletive_test",75,7,"test","neg","adj","TO","B","EAN7","English","L1"
"2908",7130,188,"expletive_test",72,1,"test","pos","adj","TO","B","EAP1","English","L1"
"2909",7131,188,"expletive_test",79,8,"test","neg","adj","AO","B","EAN8","English","L1"
"2910",7132,188,"expletive_test",67,9,"test","pos","pej","NEU","B","EPP9","English","L1"
"2911",7134,188,"expletive_test",71,4,"test","pos","pej","TO","B","EPP4","English","L1"
"2912",7135,188,"expletive_test",83,9,"test","neg","pej","NEU","B","EPN9","English","L1"
"2913",7136,188,"expletive_test",72,5,"test","pos","adj","AO","B","EAP5","English","L1"
"2914",7138,188,"expletive_test",78,2,"test","neg","adj","AO","B","EAN2","English","L1"
"2915",7139,188,"expletive_test",79,5,"test","neg","pej","AO","B","EPN5","English","L1"
"2916",7140,188,"expletive_test",73,6,"test","pos","pej","NEU","B","EPP6","English","L1"
"2917",7201,184,"expletive_test",65,2,"test","pos","pej","AO","C","EPP2","English","L1"
"2918",7202,184,"expletive_test",61,9,"test","pos","adj","NEU","C","EAP9","English","L1"
"2919",7203,184,"expletive_test",79,3,"test","pos","pej","NEU","C","EPP3","English","L1"
"2920",7204,184,"expletive_test",20,1,"test","neg","adj","TO","C","EAN1","English","L1"
"2921",7205,184,"expletive_test",74,1,"test","pos","pej","TO","C","EPP1","English","L1"
"2922",7208,184,"expletive_test",3,9,"test","neg","adj","NEU","C","EAN9","English","L1"
"2923",7209,184,"expletive_test",69,6,"test","pos","adj","NEU","C","EAP6","English","L1"
"2924",7210,184,"expletive_test",0,1,"test","neg","pej","TO","C","EPN1","English","L1"
"2925",7212,184,"expletive_test",74,4,"test","pos","pej","TO","C","EPP4","English","L1"
"2926",7215,184,"expletive_test",0,2,"test","neg","pej","AO","C","EPN2","English","L1"
"2927",7216,184,"expletive_test",3,5,"test","neg","pej","AO","C","EPN5","English","L1"
"2928",7218,184,"expletive_test",0,6,"test","neg","pej","NEU","C","EPN6","English","L1"
"2929",7219,184,"expletive_test",3,2,"test","neg","adj","AO","C","EAN2","English","L1"
"2930",7220,184,"expletive_test",74,8,"test","pos","pej","AO","C","EPP8","English","L1"
"2931",7222,184,"expletive_test",16,3,"test","neg","adj","NEU","C","EAN3","English","L1"
"2932",7226,184,"expletive_test",3,7,"test","neg","pej","TO","C","EPN7","English","L1"
"2933",7227,184,"expletive_test",69,4,"test","pos","adj","TO","C","EAP4","English","L1"
"2934",7230,184,"expletive_test",3,8,"test","neg","pej","AO","C","EPN8","English","L1"
"2935",7231,184,"expletive_test",56,7,"test","neg","adj","TO","C","EAN7","English","L1"
"2936",7232,184,"expletive_test",0,4,"test","neg","pej","TO","C","EPN4","English","L1"
"2937",7233,184,"expletive_test",38,2,"test","pos","adj","AO","C","EAP2","English","L1"
"2938",7235,184,"expletive_test",12,8,"test","neg","adj","AO","C","EAN8","English","L1"
"2939",7236,184,"expletive_test",3,9,"test","neg","pej","NEU","C","EPN9","English","L1"
"2940",7238,184,"expletive_test",30,4,"test","neg","adj","TO","C","EAN4","English","L1"
"2941",7243,184,"expletive_test",3,3,"test","neg","pej","NEU","C","EPN3","English","L1"
"2942",7244,184,"expletive_test",74,6,"test","pos","pej","NEU","C","EPP6","English","L1"
"2943",7245,184,"expletive_test",74,1,"test","pos","adj","TO","C","EAP1","English","L1"
"2944",7246,184,"expletive_test",72,7,"test","pos","pej","TO","C","EPP7","English","L1"
"2945",7249,184,"expletive_test",74,7,"test","pos","adj","TO","C","EAP7","English","L1"
"2946",7250,184,"expletive_test",74,5,"test","pos","adj","AO","C","EAP5","English","L1"
"2947",7251,184,"expletive_test",74,3,"test","pos","adj","NEU","C","EAP3","English","L1"
"2948",7252,184,"expletive_test",74,9,"test","pos","pej","NEU","C","EPP9","English","L1"
"2949",7253,184,"expletive_test",74,5,"test","pos","pej","AO","C","EPP5","English","L1"
"2950",7255,184,"expletive_test",20,6,"test","neg","adj","NEU","C","EAN6","English","L1"
"2951",7258,184,"expletive_test",12,5,"test","neg","adj","AO","C","EAN5","English","L1"
"2952",7260,184,"expletive_test",56,8,"test","pos","adj","AO","C","EAP8","English","L1"
"2953",7321,158,"expletive_test",99,4,"test","neg","pej","TO","A","EPN4","English","L1"
"2954",7322,158,"expletive_test",56,9,"test","pos","pej","NEU","A","EPP9","English","L1"
"2955",7323,158,"expletive_test",54,9,"test","neg","adj","NEU","A","EAN9","English","L1"
"2956",7324,158,"expletive_test",53,3,"test","neg","pej","NEU","A","EPN3","English","L1"
"2957",7325,158,"expletive_test",59,7,"test","pos","adj","TO","A","EAP7","English","L1"
"2958",7326,158,"expletive_test",60,4,"test","neg","adj","TO","A","EAN4","English","L1"
"2959",7327,158,"expletive_test",71,7,"test","neg","pej","TO","A","EPN7","English","L1"
"2960",7328,158,"expletive_test",54,8,"test","pos","adj","AO","A","EAP8","English","L1"
"2961",7329,158,"expletive_test",68,6,"test","pos","adj","NEU","A","EAP6","English","L1"
"2962",7330,158,"expletive_test",52,6,"test","neg","pej","NEU","A","EPN6","English","L1"
"2963",7331,158,"expletive_test",71,8,"test","neg","adj","AO","A","EAN8","English","L1"
"2964",7333,158,"expletive_test",72,1,"test","pos","adj","TO","A","EAP1","English","L1"
"2965",7335,158,"expletive_test",76,2,"test","pos","pej","AO","A","EPP2","English","L1"
"2966",7338,158,"expletive_test",68,1,"test","neg","adj","TO","A","EAN1","English","L1"
"2967",7339,158,"expletive_test",68,9,"test","pos","adj","NEU","A","EAP9","English","L1"
"2968",7341,158,"expletive_test",75,2,"test","pos","adj","AO","A","EAP2","English","L1"
"2969",7344,158,"expletive_test",76,8,"test","pos","pej","AO","A","EPP8","English","L1"
"2970",7346,158,"expletive_test",71,1,"test","neg","pej","TO","A","EPN1","English","L1"
"2971",7347,158,"expletive_test",66,9,"test","neg","pej","NEU","A","EPN9","English","L1"
"2972",7349,158,"expletive_test",70,7,"test","pos","pej","TO","A","EPP7","English","L1"
"2973",7350,158,"expletive_test",68,7,"test","neg","adj","TO","A","EAN7","English","L1"
"2974",7354,158,"expletive_test",68,4,"test","pos","adj","TO","A","EAP4","English","L1"
"2975",7355,158,"expletive_test",81,3,"test","pos","adj","NEU","A","EAP3","English","L1"
"2976",7357,158,"expletive_test",67,8,"test","neg","pej","AO","A","EPN8","English","L1"
"2977",7360,158,"expletive_test",70,2,"test","neg","pej","AO","A","EPN2","English","L1"
"2978",7363,158,"expletive_test",66,2,"test","neg","adj","AO","A","EAN2","English","L1"
"2979",7366,158,"expletive_test",53,6,"test","pos","pej","NEU","A","EPP6","English","L1"
"2980",7368,158,"expletive_test",71,4,"test","pos","pej","TO","A","EPP4","English","L1"
"2981",7370,158,"expletive_test",75,5,"test","neg","pej","AO","A","EPN5","English","L1"
"2982",7372,158,"expletive_test",76,1,"test","pos","pej","TO","A","EPP1","English","L1"
"2983",7374,158,"expletive_test",75,5,"test","pos","pej","AO","A","EPP5","English","L1"
"2984",7375,158,"expletive_test",59,6,"test","neg","adj","NEU","A","EAN6","English","L1"
"2985",7376,158,"expletive_test",52,3,"test","pos","pej","NEU","A","EPP3","English","L1"
"2986",7377,158,"expletive_test",77,5,"test","pos","adj","AO","A","EAP5","English","L1"
"2987",7378,158,"expletive_test",52,3,"test","neg","adj","NEU","A","EAN3","English","L1"
"2988",7380,158,"expletive_test",67,5,"test","neg","adj","AO","A","EAN5","English","L1"
"2989",7441,169,"expletive_test",72,3,"test","pos","pej","NEU","C","EPP3","English","L1"
"2990",7442,169,"expletive_test",69,6,"test","pos","pej","NEU","C","EPP6","English","L1"
"2991",7443,169,"expletive_test",15,2,"test","neg","adj","AO","C","EAN2","English","L1"
"2992",7444,169,"expletive_test",40,9,"test","pos","pej","NEU","C","EPP9","English","L1"
"2993",7445,169,"expletive_test",37,9,"test","pos","adj","NEU","C","EAP9","English","L1"
"2994",7446,169,"expletive_test",86,2,"test","pos","pej","AO","C","EPP2","English","L1"
"2995",7447,169,"expletive_test",67,3,"test","pos","adj","NEU","C","EAP3","English","L1"
"2996",7448,169,"expletive_test",12,8,"test","neg","pej","AO","C","EPN8","English","L1"
"2997",7449,169,"expletive_test",17,5,"test","neg","pej","AO","C","EPN5","English","L1"
"2998",7451,169,"expletive_test",74,4,"test","neg","adj","TO","C","EAN4","English","L1"
"2999",7454,169,"expletive_test",30,4,"test","neg","pej","TO","C","EPN4","English","L1"
"3000",7457,169,"expletive_test",82,4,"test","pos","pej","TO","C","EPP4","English","L1"
"3001",7458,169,"expletive_test",73,4,"test","pos","adj","TO","C","EAP4","English","L1"
"3002",7462,169,"expletive_test",23,7,"test","neg","adj","TO","C","EAN7","English","L1"
"3003",7463,169,"expletive_test",87,2,"test","pos","adj","AO","C","EAP2","English","L1"
"3004",7464,169,"expletive_test",82,8,"test","pos","pej","AO","C","EPP8","English","L1"
"3005",7465,169,"expletive_test",26,3,"test","neg","pej","NEU","C","EPN3","English","L1"
"3006",7466,169,"expletive_test",26,6,"test","neg","adj","NEU","C","EAN6","English","L1"
"3007",7467,169,"expletive_test",19,1,"test","neg","pej","TO","C","EPN1","English","L1"
"3008",7475,169,"expletive_test",92,7,"test","pos","adj","TO","C","EAP7","English","L1"
"3009",7476,169,"expletive_test",78,6,"test","pos","adj","NEU","C","EAP6","English","L1"
"3010",7478,169,"expletive_test",18,2,"test","neg","pej","AO","C","EPN2","English","L1"
"3011",7480,169,"expletive_test",32,8,"test","neg","adj","AO","C","EAN8","English","L1"
"3012",7481,169,"expletive_test",86,1,"test","pos","pej","TO","C","EPP1","English","L1"
"3013",7484,169,"expletive_test",13,5,"test","neg","adj","AO","C","EAN5","English","L1"
"3014",7485,169,"expletive_test",26,9,"test","neg","adj","NEU","C","EAN9","English","L1"
"3015",7486,169,"expletive_test",17,9,"test","neg","pej","NEU","C","EPN9","English","L1"
"3016",7488,169,"expletive_test",25,6,"test","neg","pej","NEU","C","EPN6","English","L1"
"3017",7489,169,"expletive_test",65,7,"test","neg","pej","TO","C","EPN7","English","L1"
"3018",7490,169,"expletive_test",60,1,"test","neg","adj","TO","C","EAN1","English","L1"
"3019",7492,169,"expletive_test",73,8,"test","pos","adj","AO","C","EAP8","English","L1"
"3020",7493,169,"expletive_test",24,3,"test","neg","adj","NEU","C","EAN3","English","L1"
"3021",7496,169,"expletive_test",77,7,"test","pos","pej","TO","C","EPP7","English","L1"
"3022",7497,169,"expletive_test",70,5,"test","pos","pej","AO","C","EPP5","English","L1"
"3023",7499,169,"expletive_test",96,1,"test","pos","adj","TO","C","EAP1","English","L1"
"3024",7500,169,"expletive_test",86,5,"test","pos","adj","AO","C","EAP5","English","L1"
"3025",7682,112,"expletive_test",0,6,"test","neg","pej","NEU","C","EPN6","English","L1"
"3026",7684,112,"expletive_test",24,5,"test","neg","adj","AO","C","EAN5","English","L1"
"3027",7685,112,"expletive_test",24,1,"test","neg","pej","TO","C","EPN1","English","L1"
"3028",7686,112,"expletive_test",32,4,"test","neg","adj","TO","C","EAN4","English","L1"
"3029",7687,112,"expletive_test",8,5,"test","neg","pej","AO","C","EPN5","English","L1"
"3030",7688,112,"expletive_test",9,7,"test","neg","pej","TO","C","EPN7","English","L1"
"3031",7690,112,"expletive_test",99,5,"test","pos","pej","AO","C","EPP5","English","L1"
"3032",7691,112,"expletive_test",99,1,"test","pos","pej","TO","C","EPP1","English","L1"
"3033",7692,112,"expletive_test",73,2,"test","pos","adj","AO","C","EAP2","English","L1"
"3034",7693,112,"expletive_test",99,6,"test","pos","adj","NEU","C","EAP6","English","L1"
"3035",7696,112,"expletive_test",70,3,"test","pos","adj","NEU","C","EAP3","English","L1"
"3036",7697,112,"expletive_test",14,9,"test","neg","pej","NEU","C","EPN9","English","L1"
"3037",7698,112,"expletive_test",78,4,"test","pos","pej","TO","C","EPP4","English","L1"
"3038",7699,112,"expletive_test",71,3,"test","pos","pej","NEU","C","EPP3","English","L1"
"3039",7701,112,"expletive_test",77,7,"test","pos","adj","TO","C","EAP7","English","L1"
"3040",7702,112,"expletive_test",99,8,"test","pos","pej","AO","C","EPP8","English","L1"
"3041",7703,112,"expletive_test",9,4,"test","neg","pej","TO","C","EPN4","English","L1"
"3042",7707,112,"expletive_test",0,2,"test","neg","pej","AO","C","EPN2","English","L1"
"3043",7708,112,"expletive_test",22,8,"test","neg","adj","AO","C","EAN8","English","L1"
"3044",7711,112,"expletive_test",68,8,"test","pos","adj","AO","C","EAP8","English","L1"
"3045",7712,112,"expletive_test",6,2,"test","neg","adj","AO","C","EAN2","English","L1"
"3046",7714,112,"expletive_test",10,3,"test","neg","adj","NEU","C","EAN3","English","L1"
"3047",7715,112,"expletive_test",6,1,"test","neg","adj","TO","C","EAN1","English","L1"
"3048",7718,112,"expletive_test",84,7,"test","pos","pej","TO","C","EPP7","English","L1"
"3049",7720,112,"expletive_test",99,5,"test","pos","adj","AO","C","EAP5","English","L1"
"3050",7722,112,"expletive_test",13,8,"test","neg","pej","AO","C","EPN8","English","L1"
"3051",7724,112,"expletive_test",59,9,"test","pos","adj","NEU","C","EAP9","English","L1"
"3052",7727,112,"expletive_test",93,6,"test","pos","pej","NEU","C","EPP6","English","L1"
"3053",7730,112,"expletive_test",99,2,"test","pos","pej","AO","C","EPP2","English","L1"
"3054",7731,112,"expletive_test",26,9,"test","neg","adj","NEU","C","EAN9","English","L1"
"3055",7733,112,"expletive_test",14,3,"test","neg","pej","NEU","C","EPN3","English","L1"
"3056",7734,112,"expletive_test",11,6,"test","neg","adj","NEU","C","EAN6","English","L1"
"3057",7735,112,"expletive_test",99,1,"test","pos","adj","TO","C","EAP1","English","L1"
"3058",7737,112,"expletive_test",99,9,"test","pos","pej","NEU","C","EPP9","English","L1"
"3059",7738,112,"expletive_test",28,7,"test","neg","adj","TO","C","EAN7","English","L1"
"3060",7739,112,"expletive_test",80,4,"test","pos","adj","TO","C","EAP4","English","L1"
"3061",8161,125,"expletive_test",2,9,"test","neg","adj","NEU","A","EAN9","English","L1"
"3062",8162,125,"expletive_test",99,1,"test","pos","adj","TO","A","EAP1","English","L1"
"3063",8163,125,"expletive_test",15,3,"test","neg","adj","NEU","A","EAN3","English","L1"
"3064",8165,125,"expletive_test",36,8,"test","pos","adj","AO","A","EAP8","English","L1"
"3065",8167,125,"expletive_test",99,3,"test","pos","pej","NEU","A","EPP3","English","L1"
"3066",8169,125,"expletive_test",53,7,"test","neg","pej","TO","A","EPN7","English","L1"
"3067",8170,125,"expletive_test",0,5,"test","neg","pej","AO","A","EPN5","English","L1"
"3068",8171,125,"expletive_test",0,9,"test","neg","pej","NEU","A","EPN9","English","L1"
"3069",8172,125,"expletive_test",34,4,"test","pos","adj","TO","A","EAP4","English","L1"
"3070",8173,125,"expletive_test",6,6,"test","neg","pej","NEU","A","EPN6","English","L1"
"3071",8174,125,"expletive_test",76,7,"test","neg","adj","TO","A","EAN7","English","L1"
"3072",8175,125,"expletive_test",29,2,"test","neg","adj","AO","A","EAN2","English","L1"
"3073",8176,125,"expletive_test",90,5,"test","pos","adj","AO","A","EAP5","English","L1"
"3074",8178,125,"expletive_test",99,2,"test","pos","pej","AO","A","EPP2","English","L1"
"3075",8179,125,"expletive_test",99,1,"test","pos","pej","TO","A","EPP1","English","L1"
"3076",8181,125,"expletive_test",65,2,"test","neg","pej","AO","A","EPN2","English","L1"
"3077",8185,125,"expletive_test",99,2,"test","pos","adj","AO","A","EAP2","English","L1"
"3078",8186,125,"expletive_test",17,6,"test","neg","adj","NEU","A","EAN6","English","L1"
"3079",8188,125,"expletive_test",99,4,"test","pos","pej","TO","A","EPP4","English","L1"
"3080",8189,125,"expletive_test",99,5,"test","pos","pej","AO","A","EPP5","English","L1"
"3081",8193,125,"expletive_test",60,8,"test","neg","adj","AO","A","EAN8","English","L1"
"3082",8195,125,"expletive_test",86,1,"test","neg","adj","TO","A","EAN1","English","L1"
"3083",8196,125,"expletive_test",99,3,"test","pos","adj","NEU","A","EAP3","English","L1"
"3084",8197,125,"expletive_test",88,8,"test","pos","pej","AO","A","EPP8","English","L1"
"3085",8199,125,"expletive_test",69,4,"test","neg","pej","TO","A","EPN4","English","L1"
"3086",8202,125,"expletive_test",65,4,"test","neg","adj","TO","A","EAN4","English","L1"
"3087",8203,125,"expletive_test",99,6,"test","pos","adj","NEU","A","EAP6","English","L1"
"3088",8204,125,"expletive_test",1,3,"test","neg","pej","NEU","A","EPN3","English","L1"
"3089",8207,125,"expletive_test",99,6,"test","pos","pej","NEU","A","EPP6","English","L1"
"3090",8211,125,"expletive_test",99,7,"test","pos","pej","TO","A","EPP7","English","L1"
"3091",8212,125,"expletive_test",80,9,"test","pos","adj","NEU","A","EAP9","English","L1"
"3092",8213,125,"expletive_test",66,8,"test","neg","pej","AO","A","EPN8","English","L1"
"3093",8215,125,"expletive_test",99,9,"test","pos","pej","NEU","A","EPP9","English","L1"
"3094",8216,125,"expletive_test",99,7,"test","pos","adj","TO","A","EAP7","English","L1"
"3095",8217,125,"expletive_test",66,1,"test","neg","pej","TO","A","EPN1","English","L1"
"3096",8218,125,"expletive_test",28,5,"test","neg","adj","AO","A","EAN5","English","L1"
"3097",8221,15,"expletive_test",5,3,"test","neg","adj","NEU","A","EAN3","English","L1"
"3098",8222,15,"expletive_test",0,5,"test","neg","adj","AO","A","EAN5","English","L1"
"3099",8225,15,"expletive_test",89,8,"test","pos","pej","AO","A","EPP8","English","L1"
"3100",8227,15,"expletive_test",61,6,"test","pos","pej","NEU","A","EPP6","English","L1"
"3101",8228,15,"expletive_test",40,5,"test","pos","adj","AO","A","EAP5","English","L1"
"3102",8229,15,"expletive_test",26,9,"test","neg","pej","NEU","A","EPN9","English","L1"
"3103",8230,15,"expletive_test",57,9,"test","pos","adj","NEU","A","EAP9","English","L1"
"3104",8231,15,"expletive_test",86,5,"test","pos","pej","AO","A","EPP5","English","L1"
"3105",8234,15,"expletive_test",44,5,"test","neg","pej","AO","A","EPN5","English","L1"
"3106",8236,15,"expletive_test",3,9,"test","neg","adj","NEU","A","EAN9","English","L1"
"3107",8238,15,"expletive_test",40,3,"test","neg","pej","NEU","A","EPN3","English","L1"
"3108",8239,15,"expletive_test",40,3,"test","pos","pej","NEU","A","EPP3","English","L1"
"3109",8240,15,"expletive_test",23,6,"test","pos","adj","NEU","A","EAP6","English","L1"
"3110",8242,15,"expletive_test",78,2,"test","pos","adj","AO","A","EAP2","English","L1"
"3111",8245,15,"expletive_test",69,7,"test","neg","adj","TO","A","EAN7","English","L1"
"3112",8248,15,"expletive_test",86,9,"test","pos","pej","NEU","A","EPP9","English","L1"
"3113",8250,15,"expletive_test",64,6,"test","neg","pej","NEU","A","EPN6","English","L1"
"3114",8251,15,"expletive_test",19,8,"test","pos","adj","AO","A","EAP8","English","L1"
"3115",8252,15,"expletive_test",71,2,"test","neg","adj","AO","A","EAN2","English","L1"
"3116",8253,15,"expletive_test",68,8,"test","neg","adj","AO","A","EAN8","English","L1"
"3117",8255,15,"expletive_test",71,8,"test","neg","pej","AO","A","EPN8","English","L1"
"3118",8256,15,"expletive_test",58,7,"test","pos","adj","TO","A","EAP7","English","L1"
"3119",8257,15,"expletive_test",85,4,"test","pos","pej","TO","A","EPP4","English","L1"
"3120",8258,15,"expletive_test",86,7,"test","neg","pej","TO","A","EPN7","English","L1"
"3121",8262,15,"expletive_test",80,4,"test","neg","adj","TO","A","EAN4","English","L1"
"3122",8264,15,"expletive_test",86,1,"test","neg","pej","TO","A","EPN1","English","L1"
"3123",8265,15,"expletive_test",63,3,"test","pos","adj","NEU","A","EAP3","English","L1"
"3124",8267,15,"expletive_test",86,2,"test","pos","pej","AO","A","EPP2","English","L1"
"3125",8269,15,"expletive_test",82,1,"test","neg","adj","TO","A","EAN1","English","L1"
"3126",8270,15,"expletive_test",89,4,"test","neg","pej","TO","A","EPN4","English","L1"
"3127",8271,15,"expletive_test",86,7,"test","pos","pej","TO","A","EPP7","English","L1"
"3128",8272,15,"expletive_test",69,2,"test","neg","pej","AO","A","EPN2","English","L1"
"3129",8274,15,"expletive_test",0,6,"test","neg","adj","NEU","A","EAN6","English","L1"
"3130",8277,15,"expletive_test",76,4,"test","pos","adj","TO","A","EAP4","English","L1"
"3131",8278,15,"expletive_test",90,1,"test","pos","pej","TO","A","EPP1","English","L1"
"3132",8279,15,"expletive_test",80,1,"test","pos","adj","TO","A","EAP1","English","L1"
"3133",8404,214,"expletive_test",1,3,"test","pos","pej","NEU","A","EPP3","English","L1"
"3134",8405,214,"expletive_test",34,3,"test","pos","adj","NEU","A","EAP3","English","L1"
"3135",8411,214,"expletive_test",76,4,"test","pos","adj","TO","A","EAP4","English","L1"
"3136",8412,214,"expletive_test",32,2,"test","neg","pej","AO","A","EPN2","English","L1"
"3137",8414,214,"expletive_test",11,6,"test","neg","pej","NEU","A","EPN6","English","L1"
"3138",8415,214,"expletive_test",74,2,"test","pos","adj","AO","A","EAP2","English","L1"
"3139",8416,214,"expletive_test",42,9,"test","neg","adj","NEU","A","EAN9","English","L1"
"3140",8417,214,"expletive_test",27,5,"test","neg","adj","AO","A","EAN5","English","L1"
"3141",8419,214,"expletive_test",81,4,"test","neg","pej","TO","A","EPN4","English","L1"
"3142",8420,214,"expletive_test",70,5,"test","pos","pej","AO","A","EPP5","English","L1"
"3143",8421,214,"expletive_test",32,7,"test","neg","adj","TO","A","EAN7","English","L1"
"3144",8423,214,"expletive_test",76,6,"test","pos","pej","NEU","A","EPP6","English","L1"
"3145",8426,214,"expletive_test",75,1,"test","neg","adj","TO","A","EAN1","English","L1"
"3146",8427,214,"expletive_test",77,2,"test","pos","pej","AO","A","EPP2","English","L1"
"3147",8428,214,"expletive_test",69,9,"test","pos","pej","NEU","A","EPP9","English","L1"
"3148",8429,214,"expletive_test",26,2,"test","neg","adj","AO","A","EAN2","English","L1"
"3149",8431,214,"expletive_test",27,5,"test","neg","pej","AO","A","EPN5","English","L1"
"3150",8432,214,"expletive_test",78,1,"test","pos","pej","TO","A","EPP1","English","L1"
"3151",8433,214,"expletive_test",75,1,"test","neg","pej","TO","A","EPN1","English","L1"
"3152",8438,214,"expletive_test",40,3,"test","neg","adj","NEU","A","EAN3","English","L1"
"3153",8439,214,"expletive_test",37,6,"test","neg","adj","NEU","A","EAN6","English","L1"
"3154",8441,214,"expletive_test",63,9,"test","pos","adj","NEU","A","EAP9","English","L1"
"3155",8442,214,"expletive_test",75,4,"test","neg","adj","TO","A","EAN4","English","L1"
"3156",8443,214,"expletive_test",73,1,"test","pos","adj","TO","A","EAP1","English","L1"
"3157",8444,214,"expletive_test",75,5,"test","pos","adj","AO","A","EAP5","English","L1"
"3158",8445,214,"expletive_test",45,8,"test","neg","adj","AO","A","EAN8","English","L1"
"3159",8449,214,"expletive_test",81,7,"test","pos","adj","TO","A","EAP7","English","L1"
"3160",8450,214,"expletive_test",26,9,"test","neg","pej","NEU","A","EPN9","English","L1"
"3161",8452,214,"expletive_test",85,8,"test","pos","pej","AO","A","EPP8","English","L1"
"3162",8453,214,"expletive_test",60,6,"test","pos","adj","NEU","A","EAP6","English","L1"
"3163",8454,214,"expletive_test",80,8,"test","pos","adj","AO","A","EAP8","English","L1"
"3164",8455,214,"expletive_test",90,7,"test","pos","pej","TO","A","EPP7","English","L1"
"3165",8457,214,"expletive_test",83,4,"test","pos","pej","TO","A","EPP4","English","L1"
"3166",8458,214,"expletive_test",37,8,"test","neg","pej","AO","A","EPN8","English","L1"
"3167",8459,214,"expletive_test",74,7,"test","neg","pej","TO","A","EPN7","English","L1"
"3168",8460,214,"expletive_test",28,3,"test","neg","pej","NEU","A","EPN3","English","L1"
"3169",8461,200,"expletive_test",90,7,"test","pos","pej","TO","B","EPP7","English","L1"
"3170",8462,200,"expletive_test",89,2,"test","pos","adj","AO","B","EAP2","English","L1"
"3171",8464,200,"expletive_test",8,7,"test","pos","adj","TO","B","EAP7","English","L1"
"3172",8465,200,"expletive_test",0,8,"test","neg","pej","AO","B","EPN8","English","L1"
"3173",8466,200,"expletive_test",0,3,"test","neg","adj","NEU","B","EAN3","English","L1"
"3174",8467,200,"expletive_test",12,6,"test","pos","adj","NEU","B","EAP6","English","L1"
"3175",8468,200,"expletive_test",98,5,"test","pos","adj","AO","B","EAP5","English","L1"
"3176",8471,200,"expletive_test",5,9,"test","neg","adj","NEU","B","EAN9","English","L1"
"3177",8472,200,"expletive_test",84,3,"test","pos","pej","NEU","B","EPP3","English","L1"
"3178",8473,200,"expletive_test",99,1,"test","pos","adj","TO","B","EAP1","English","L1"
"3179",8474,200,"expletive_test",0,9,"test","neg","pej","NEU","B","EPN9","English","L1"
"3180",8475,200,"expletive_test",0,3,"test","neg","pej","NEU","B","EPN3","English","L1"
"3181",8478,200,"expletive_test",99,6,"test","pos","pej","NEU","B","EPP6","English","L1"
"3182",8482,200,"expletive_test",3,2,"test","neg","pej","AO","B","EPN2","English","L1"
"3183",8483,200,"expletive_test",56,8,"test","pos","adj","AO","B","EAP8","English","L1"
"3184",8488,200,"expletive_test",71,4,"test","neg","adj","TO","B","EAN4","English","L1"
"3185",8490,200,"expletive_test",70,4,"test","pos","adj","TO","B","EAP4","English","L1"
"3186",8491,200,"expletive_test",99,4,"test","neg","pej","TO","B","EPN4","English","L1"
"3187",8492,200,"expletive_test",37,7,"test","neg","adj","TO","B","EAN7","English","L1"
"3188",8496,200,"expletive_test",99,7,"test","neg","pej","TO","B","EPN7","English","L1"
"3189",8500,200,"expletive_test",0,6,"test","neg","adj","NEU","B","EAN6","English","L1"
"3190",8501,200,"expletive_test",99,1,"test","neg","pej","TO","B","EPN1","English","L1"
"3191",8502,200,"expletive_test",0,9,"test","pos","adj","NEU","B","EAP9","English","L1"
"3192",8503,200,"expletive_test",83,9,"test","pos","pej","NEU","B","EPP9","English","L1"
"3193",8504,200,"expletive_test",0,5,"test","neg","pej","AO","B","EPN5","English","L1"
"3194",8505,200,"expletive_test",0,6,"test","neg","pej","NEU","B","EPN6","English","L1"
"3195",8508,200,"expletive_test",55,3,"test","pos","adj","NEU","B","EAP3","English","L1"
"3196",8510,200,"expletive_test",71,5,"test","pos","pej","AO","B","EPP5","English","L1"
"3197",8511,200,"expletive_test",80,8,"test","pos","pej","AO","B","EPP8","English","L1"
"3198",8512,200,"expletive_test",76,1,"test","pos","pej","TO","B","EPP1","English","L1"
"3199",8515,200,"expletive_test",99,2,"test","pos","pej","AO","B","EPP2","English","L1"
"3200",8516,200,"expletive_test",99,4,"test","pos","pej","TO","B","EPP4","English","L1"
"3201",8517,200,"expletive_test",17,2,"test","neg","adj","AO","B","EAN2","English","L1"
"3202",8518,200,"expletive_test",9,8,"test","neg","adj","AO","B","EAN8","English","L1"
"3203",8519,200,"expletive_test",0,5,"test","neg","adj","AO","B","EAN5","English","L1"
"3204",8520,200,"expletive_test",99,1,"test","neg","adj","TO","B","EAN1","English","L1"
"3205",8521,30,"expletive_test",21,4,"test","pos","pej","NEU","C","EPP4","English","L1"
"3206",8523,30,"expletive_test",40,1,"test","pos","adj","NEU","C","EAP1","English","L1"
"3207",8527,30,"expletive_test",76,9,"test","pos","pej","AO","C","EPP9","English","L1"
"3208",8528,30,"expletive_test",40,7,"test","pos","adj","NEU","C","EAP7","English","L1"
"3209",8529,30,"expletive_test",99,8,"test","neg","adj","TO","C","EAN8","English","L1"
"3210",8534,30,"expletive_test",34,9,"test","neg","pej","AO","C","EPN9","English","L1"
"3211",8535,30,"expletive_test",97,2,"test","neg","pej","TO","C","EPN2","English","L1"
"3212",8536,30,"expletive_test",29,6,"test","neg","pej","AO","C","EPN6","English","L1"
"3213",8537,30,"expletive_test",61,7,"test","neg","adj","NEU","C","EAN7","English","L1"
"3214",8539,30,"expletive_test",67,2,"test","neg","adj","TO","C","EAN2","English","L1"
"3215",8542,30,"expletive_test",32,9,"test","neg","adj","AO","C","EAN9","English","L1"
"3216",8543,30,"expletive_test",58,4,"test","pos","adj","NEU","C","EAP4","English","L1"
"3217",8544,30,"expletive_test",62,9,"test","pos","adj","AO","C","EAP9","English","L1"
"3218",8546,30,"expletive_test",0,7,"test","neg","pej","NEU","C","EPN7","English","L1"
"3219",8548,30,"expletive_test",84,6,"test","pos","pej","AO","C","EPP6","English","L1"
"3220",8549,30,"expletive_test",34,3,"test","neg","adj","AO","C","EAN3","English","L1"
"3221",8550,30,"expletive_test",66,7,"test","pos","pej","NEU","C","EPP7","English","L1"
"3222",8551,30,"expletive_test",66,3,"test","pos","adj","AO","C","EAP3","English","L1"
"3223",8553,30,"expletive_test",0,4,"test","neg","pej","NEU","C","EPN4","English","L1"
"3224",8554,30,"expletive_test",97,5,"test","neg","pej","TO","C","EPN5","English","L1"
"3225",8557,30,"expletive_test",18,1,"test","neg","adj","NEU","C","EAN1","English","L1"
"3226",8558,30,"expletive_test",80,5,"test","pos","pej","TO","C","EPP5","English","L1"
"3227",8560,30,"expletive_test",0,1,"test","neg","pej","NEU","C","EPN1","English","L1"
"3228",8563,30,"expletive_test",72,5,"test","neg","adj","TO","C","EAN5","English","L1"
"3229",8564,30,"expletive_test",68,2,"test","pos","adj","TO","C","EAP2","English","L1"
"3230",8565,30,"expletive_test",93,6,"test","neg","adj","AO","C","EAN6","English","L1"
"3231",8566,30,"expletive_test",44,8,"test","pos","adj","TO","C","EAP8","English","L1"
"3232",8567,30,"expletive_test",62,1,"test","pos","pej","NEU","C","EPP1","English","L1"
"3233",8568,30,"expletive_test",82,2,"test","pos","pej","TO","C","EPP2","English","L1"
"3234",8569,30,"expletive_test",80,5,"test","pos","adj","TO","C","EAP5","English","L1"
"3235",8570,30,"expletive_test",99,8,"test","neg","pej","TO","C","EPN8","English","L1"
"3236",8575,30,"expletive_test",78,3,"test","pos","pej","AO","C","EPP3","English","L1"
"3237",8577,30,"expletive_test",2,4,"test","neg","adj","NEU","C","EAN4","English","L1"
"3238",8578,30,"expletive_test",30,3,"test","neg","pej","AO","C","EPN3","English","L1"
"3239",8579,30,"expletive_test",79,6,"test","pos","adj","AO","C","EAP6","English","L1"
"3240",8580,30,"expletive_test",90,8,"test","pos","pej","TO","C","EPP8","English","L1"
"3241",8701,193,"expletive_test",25,4,"test","neg","pej","NEU","C","EPN4","English","L1"
"3242",8702,193,"expletive_test",75,2,"test","neg","pej","TO","C","EPN2","English","L1"
"3243",8703,193,"expletive_test",66,5,"test","pos","adj","TO","C","EAP5","English","L1"
"3244",8704,193,"expletive_test",62,6,"test","pos","adj","AO","C","EAP6","English","L1"
"3245",8705,193,"expletive_test",58,4,"test","pos","pej","NEU","C","EPP4","English","L1"
"3246",8706,193,"expletive_test",96,9,"test","neg","pej","AO","C","EPN9","English","L1"
"3247",8707,193,"expletive_test",59,8,"test","neg","adj","TO","C","EAN8","English","L1"
"3248",8708,193,"expletive_test",41,4,"test","pos","adj","NEU","C","EAP4","English","L1"
"3249",8709,193,"expletive_test",67,6,"test","pos","pej","AO","C","EPP6","English","L1"
"3250",8712,193,"expletive_test",62,8,"test","pos","pej","TO","C","EPP8","English","L1"
"3251",8713,193,"expletive_test",73,3,"test","neg","pej","AO","C","EPN3","English","L1"
"3252",8714,193,"expletive_test",25,2,"test","neg","adj","TO","C","EAN2","English","L1"
"3253",8715,193,"expletive_test",18,5,"test","neg","adj","TO","C","EAN5","English","L1"
"3254",8716,193,"expletive_test",3,7,"test","neg","pej","NEU","C","EPN7","English","L1"
"3255",8720,193,"expletive_test",72,6,"test","neg","adj","AO","C","EAN6","English","L1"
"3256",8723,193,"expletive_test",28,7,"test","neg","adj","NEU","C","EAN7","English","L1"
"3257",8724,193,"expletive_test",15,1,"test","neg","adj","NEU","C","EAN1","English","L1"
"3258",8725,193,"expletive_test",77,3,"test","pos","pej","AO","C","EPP3","English","L1"
"3259",8728,193,"expletive_test",9,9,"test","pos","adj","AO","C","EAP9","English","L1"
"3260",8731,193,"expletive_test",77,3,"test","pos","adj","AO","C","EAP3","English","L1"
"3261",8733,193,"expletive_test",68,8,"test","neg","pej","TO","C","EPN8","English","L1"
"3262",8736,193,"expletive_test",79,5,"test","neg","pej","TO","C","EPN5","English","L1"
"3263",8737,193,"expletive_test",23,1,"test","pos","pej","NEU","C","EPP1","English","L1"
"3264",8738,193,"expletive_test",77,2,"test","pos","pej","TO","C","EPP2","English","L1"
"3265",8740,193,"expletive_test",12,1,"test","pos","adj","NEU","C","EAP1","English","L1"
"3266",8741,193,"expletive_test",72,5,"test","pos","pej","TO","C","EPP5","English","L1"
"3267",8746,193,"expletive_test",71,6,"test","neg","pej","AO","C","EPN6","English","L1"
"3268",8747,193,"expletive_test",14,7,"test","pos","pej","NEU","C","EPP7","English","L1"
"3269",8748,193,"expletive_test",20,7,"test","pos","adj","NEU","C","EAP7","English","L1"
"3270",8750,193,"expletive_test",97,3,"test","neg","adj","AO","C","EAN3","English","L1"
"3271",8752,193,"expletive_test",76,9,"test","neg","adj","AO","C","EAN9","English","L1"
"3272",8753,193,"expletive_test",80,9,"test","pos","pej","AO","C","EPP9","English","L1"
"3273",8754,193,"expletive_test",16,1,"test","neg","pej","NEU","C","EPN1","English","L1"
"3274",8755,193,"expletive_test",70,8,"test","pos","adj","TO","C","EAP8","English","L1"
"3275",8756,193,"expletive_test",99,2,"test","pos","adj","TO","C","EAP2","English","L1"
"3276",8757,193,"expletive_test",0,4,"test","neg","adj","NEU","C","EAN4","English","L1"
"3277",8762,174,"expletive_test",99,1,"test","pos","adj","TO","B","EAP1","English","L1"
"3278",8764,174,"expletive_test",21,3,"test","neg","adj","NEU","B","EAN3","English","L1"
"3279",8765,174,"expletive_test",23,9,"test","pos","adj","NEU","B","EAP9","English","L1"
"3280",8767,174,"expletive_test",85,7,"test","pos","pej","TO","B","EPP7","English","L1"
"3281",8769,174,"expletive_test",56,5,"test","pos","adj","AO","B","EAP5","English","L1"
"3282",8770,174,"expletive_test",73,5,"test","pos","pej","AO","B","EPP5","English","L1"
"3283",8772,174,"expletive_test",63,3,"test","pos","pej","NEU","B","EPP3","English","L1"
"3284",8775,174,"expletive_test",27,6,"test","neg","adj","NEU","B","EAN6","English","L1"
"3285",8776,174,"expletive_test",35,8,"test","pos","adj","AO","B","EAP8","English","L1"
"3286",8778,174,"expletive_test",33,2,"test","neg","adj","AO","B","EAN2","English","L1"
"3287",8780,174,"expletive_test",38,9,"test","pos","pej","NEU","B","EPP9","English","L1"
"3288",8781,174,"expletive_test",32,2,"test","neg","pej","AO","B","EPN2","English","L1"
"3289",8787,174,"expletive_test",66,6,"test","pos","adj","NEU","B","EAP6","English","L1"
"3290",8791,174,"expletive_test",74,8,"test","pos","pej","AO","B","EPP8","English","L1"
"3291",8792,174,"expletive_test",11,9,"test","neg","pej","NEU","B","EPN9","English","L1"
"3292",8793,174,"expletive_test",37,5,"test","neg","pej","AO","B","EPN5","English","L1"
"3293",8794,174,"expletive_test",19,6,"test","neg","pej","NEU","B","EPN6","English","L1"
"3294",8795,174,"expletive_test",64,4,"test","pos","adj","TO","B","EAP4","English","L1"
"3295",8798,174,"expletive_test",56,4,"test","neg","pej","TO","B","EPN4","English","L1"
"3296",8799,174,"expletive_test",76,6,"test","pos","pej","NEU","B","EPP6","English","L1"
"3297",8801,174,"expletive_test",99,1,"test","pos","pej","TO","B","EPP1","English","L1"
"3298",8804,174,"expletive_test",69,7,"test","pos","adj","TO","B","EAP7","English","L1"
"3299",8805,174,"expletive_test",73,1,"test","neg","pej","TO","B","EPN1","English","L1"
"3300",8806,174,"expletive_test",73,8,"test","neg","pej","AO","B","EPN8","English","L1"
"3301",8807,174,"expletive_test",47,4,"test","neg","adj","TO","B","EAN4","English","L1"
"3302",8808,174,"expletive_test",68,3,"test","pos","adj","NEU","B","EAP3","English","L1"
"3303",8809,174,"expletive_test",82,7,"test","neg","pej","TO","B","EPN7","English","L1"
"3304",8810,174,"expletive_test",79,2,"test","pos","pej","AO","B","EPP2","English","L1"
"3305",8811,174,"expletive_test",23,9,"test","neg","adj","NEU","B","EAN9","English","L1"
"3306",8812,174,"expletive_test",35,5,"test","neg","adj","AO","B","EAN5","English","L1"
"3307",8813,174,"expletive_test",28,3,"test","neg","pej","NEU","B","EPN3","English","L1"
"3308",8814,174,"expletive_test",19,8,"test","neg","adj","AO","B","EAN8","English","L1"
"3309",8815,174,"expletive_test",69,1,"test","neg","adj","TO","B","EAN1","English","L1"
"3310",8817,174,"expletive_test",44,7,"test","neg","adj","TO","B","EAN7","English","L1"
"3311",8818,174,"expletive_test",75,4,"test","pos","pej","TO","B","EPP4","English","L1"
"3312",8820,174,"expletive_test",83,2,"test","pos","adj","AO","B","EAP2","English","L1"
"3313",8881,166,"expletive_test",64,8,"test","pos","pej","NEU","B","EPP8","English","L1"
"3314",8883,166,"expletive_test",85,3,"test","pos","pej","TO","B","EPP3","English","L1"
"3315",8884,166,"expletive_test",29,5,"test","neg","adj","NEU","B","EAN5","English","L1"
"3316",8885,166,"expletive_test",58,7,"test","neg","adj","AO","B","EAN7","English","L1"
"3317",8886,166,"expletive_test",37,1,"test","neg","pej","AO","B","EPN1","English","L1"
"3318",8889,166,"expletive_test",58,3,"test","neg","pej","TO","B","EPN3","English","L1"
"3319",8892,166,"expletive_test",52,5,"test","pos","adj","NEU","B","EAP5","English","L1"
"3320",8893,166,"expletive_test",37,4,"test","neg","pej","AO","B","EPN4","English","L1"
"3321",8896,166,"expletive_test",91,6,"test","neg","pej","TO","B","EPN6","English","L1"
"3322",8897,166,"expletive_test",87,7,"test","pos","pej","AO","B","EPP7","English","L1"
"3323",8899,166,"expletive_test",38,1,"test","neg","adj","AO","B","EAN1","English","L1"
"3324",8900,166,"expletive_test",44,7,"test","neg","pej","AO","B","EPN7","English","L1"
"3325",8901,166,"expletive_test",70,2,"test","pos","adj","NEU","B","EAP2","English","L1"
"3326",8902,166,"expletive_test",81,6,"test","pos","adj","TO","B","EAP6","English","L1"
"3327",8903,166,"expletive_test",68,6,"test","neg","adj","TO","B","EAN6","English","L1"
"3328",8906,166,"expletive_test",61,5,"test","pos","pej","NEU","B","EPP5","English","L1"
"3329",8908,166,"expletive_test",39,8,"test","neg","pej","NEU","B","EPN8","English","L1"
"3330",8909,166,"expletive_test",81,1,"test","pos","adj","AO","B","EAP1","English","L1"
"3331",8910,166,"expletive_test",85,3,"test","pos","pej","AO","B","EPP4","English","L1"
"3332",8911,166,"expletive_test",86,9,"test","pos","pej","TO","B","EPP9","English","L1"
"3333",8912,166,"expletive_test",23,5,"test","neg","pej","NEU","B","EPN5","English","L1"
"3334",8914,166,"expletive_test",74,9,"test","neg","adj","TO","B","EAN9","English","L1"
"3335",8919,166,"expletive_test",57,9,"test","neg","pej","TO","B","EPN9","English","L1"
"3336",8920,166,"expletive_test",25,8,"test","pos","adj","NEU","B","EAP8","English","L1"
"3337",8923,166,"expletive_test",80,2,"test","pos","pej","NEU","B","EPP2","English","L1"
"3338",8924,166,"expletive_test",9,2,"test","neg","adj","NEU","B","EAN2","English","L1"
"3339",8927,166,"expletive_test",38,2,"test","neg","pej","NEU","B","EPN2","English","L1"
"3340",8929,166,"expletive_test",94,6,"test","pos","pej","TO","B","EPP6","English","L1"
"3341",8930,166,"expletive_test",59,3,"test","neg","adj","AO","B","EAN4","English","L1"
"3342",8932,166,"expletive_test",60,3,"test","pos","adj","AO","B","EAP4","English","L1"
"3343",8933,166,"expletive_test",6,8,"test","neg","adj","NEU","B","EAN8","English","L1"
"3344",8934,166,"expletive_test",36,9,"test","pos","adj","TO","B","EAP9","English","L1"
"3345",8935,166,"expletive_test",81,3,"test","pos","adj","TO","B","EAP3","English","L1"
"3346",8936,166,"expletive_test",89,7,"test","pos","adj","AO","B","EAP7","English","L1"
"3347",8939,166,"expletive_test",69,3,"test","neg","adj","TO","B","EAN3","English","L1"
"3348",8940,166,"expletive_test",94,1,"test","pos","pej","AO","B","EPP1","English","L1"
"3349",8941,22,"expletive_test",0,5,"test","neg","adj","NEU","C","EAN5","English","L1"
"3350",8943,22,"expletive_test",99,6,"test","pos","pej","TO","C","EPP6","English","L1"
"3351",8944,22,"expletive_test",99,3,"test","neg","pej","TO","C","EPN3","English","L1"
"3352",8946,22,"expletive_test",99,3,"test","pos","pej","TO","C","EPP3","English","L1"
"3353",8947,22,"expletive_test",57,5,"test","pos","pej","NEU","C","EPP5","English","L1"
"3354",8948,22,"expletive_test",99,8,"test","pos","pej","NEU","C","EPP8","English","L1"
"3355",8949,22,"expletive_test",62,5,"test","pos","adj","NEU","C","EAP5","English","L1"
"3356",8950,22,"expletive_test",99,6,"test","neg","pej","TO","C","EPN6","English","L1"
"3357",8954,22,"expletive_test",81,3,"test","pos","adj","AO","C","EAP4","English","L1"
"3358",8955,22,"expletive_test",82,7,"test","pos","adj","AO","C","EAP7","English","L1"
"3359",8957,22,"expletive_test",99,6,"test","neg","adj","TO","C","EAN6","English","L1"
"3360",8959,22,"expletive_test",99,3,"test","neg","adj","TO","C","EAN3","English","L1"
"3361",8960,22,"expletive_test",79,2,"test","pos","pej","NEU","C","EPP2","English","L1"
"3362",8962,22,"expletive_test",0,8,"test","neg","pej","NEU","C","EPN8","English","L1"
"3363",8963,22,"expletive_test",99,1,"test","pos","adj","AO","C","EAP1","English","L1"
"3364",8964,22,"expletive_test",99,3,"test","pos","adj","TO","C","EAP3","English","L1"
"3365",8965,22,"expletive_test",99,9,"test","pos","adj","TO","C","EAP9","English","L1"
"3366",8966,22,"expletive_test",0,2,"test","neg","adj","NEU","C","EAN2","English","L1"
"3367",8967,22,"expletive_test",99,6,"test","pos","adj","TO","C","EAP6","English","L1"
"3368",8970,22,"expletive_test",0,2,"test","neg","pej","NEU","C","EPN2","English","L1"
"3369",8971,22,"expletive_test",0,1,"test","neg","pej","AO","C","EPN1","English","L1"
"3370",8972,22,"expletive_test",99,7,"test","pos","pej","AO","C","EPP7","English","L1"
"3371",8973,22,"expletive_test",0,1,"test","neg","adj","AO","C","EAN1","English","L1"
"3372",8976,22,"expletive_test",99,8,"test","pos","adj","NEU","C","EAP8","English","L1"
"3373",8978,22,"expletive_test",99,9,"test","neg","pej","TO","C","EPN9","English","L1"
"3374",8980,22,"expletive_test",0,7,"test","neg","adj","AO","C","EAN7","English","L1"
"3375",8987,22,"expletive_test",0,8,"test","neg","adj","NEU","C","EAN8","English","L1"
"3376",8989,22,"expletive_test",99,9,"test","pos","pej","TO","C","EPP9","English","L1"
"3377",8990,22,"expletive_test",99,3,"test","pos","pej","AO","C","EPP4","English","L1"
"3378",8991,22,"expletive_test",0,3,"test","neg","adj","AO","C","EAN4","English","L1"
"3379",8992,22,"expletive_test",0,4,"test","neg","pej","AO","C","EPN4","English","L1"
"3380",8993,22,"expletive_test",99,9,"test","neg","adj","TO","C","EAN9","English","L1"
"3381",8994,22,"expletive_test",99,2,"test","pos","adj","NEU","C","EAP2","English","L1"
"3382",8995,22,"expletive_test",0,7,"test","neg","pej","AO","C","EPN7","English","L1"
"3383",8997,22,"expletive_test",99,1,"test","pos","pej","AO","C","EPP1","English","L1"
"3384",9000,22,"expletive_test",0,5,"test","neg","pej","NEU","C","EPN5","English","L1"
"3385",9001,117,"expletive_test",20,9,"test","pos","adj","AO","B","EAP9","English","L1"
"3386",9002,117,"expletive_test",99,2,"test","pos","adj","TO","B","EAP2","English","L1"
"3387",9007,117,"expletive_test",0,7,"test","neg","pej","NEU","B","EPN7","English","L1"
"3388",9008,117,"expletive_test",99,7,"test","neg","adj","NEU","B","EAN7","English","L1"
"3389",9009,117,"expletive_test",99,5,"test","pos","pej","TO","B","EPP5","English","L1"
"3390",9010,117,"expletive_test",82,3,"test","neg","adj","AO","B","EAN3","English","L1"
"3391",9012,117,"expletive_test",0,4,"test","neg","pej","NEU","B","EPN4","English","L1"
"3392",9013,117,"expletive_test",83,4,"test","neg","adj","NEU","B","EAN4","English","L1"
"3393",9015,117,"expletive_test",99,4,"test","pos","adj","NEU","B","EAP4","English","L1"
"3394",9019,117,"expletive_test",0,2,"test","neg","pej","TO","B","EPN2","English","L1"
"3395",9022,117,"expletive_test",99,3,"test","pos","pej","AO","B","EPP3","English","L1"
"3396",9023,117,"expletive_test",93,4,"test","pos","pej","NEU","B","EPP4","English","L1"
"3397",9024,117,"expletive_test",23,5,"test","neg","adj","TO","B","EAN5","English","L1"
"3398",9025,117,"expletive_test",0,8,"test","neg","pej","TO","B","EPN8","English","L1"
"3399",9026,117,"expletive_test",9,2,"test","neg","adj","TO","B","EAN2","English","L1"
"3400",9027,117,"expletive_test",50,9,"test","neg","adj","AO","B","EAN9","English","L1"
"3401",9030,117,"expletive_test",99,1,"test","pos","adj","NEU","B","EAP1","English","L1"
"3402",9032,117,"expletive_test",65,3,"test","pos","adj","AO","B","EAP3","English","L1"
"3403",9033,117,"expletive_test",82,5,"test","pos","adj","TO","B","EAP5","English","L1"
"3404",9034,117,"expletive_test",70,8,"test","pos","adj","TO","B","EAP8","English","L1"
"3405",9035,117,"expletive_test",38,1,"test","pos","pej","NEU","B","EPP1","English","L1"
"3406",9036,117,"expletive_test",23,2,"test","pos","pej","TO","B","EPP2","English","L1"
"3407",9037,117,"expletive_test",26,1,"test","neg","adj","NEU","B","EAN1","English","L1"
"3408",9040,117,"expletive_test",34,6,"test","neg","adj","AO","B","EAN6","English","L1"
"3409",9042,117,"expletive_test",6,1,"test","neg","pej","NEU","B","EPN1","English","L1"
"3410",9043,117,"expletive_test",29,7,"test","pos","pej","NEU","B","EPP7","English","L1"
"3411",9044,117,"expletive_test",23,6,"test","pos","pej","AO","B","EPP6","English","L1"
"3412",9045,117,"expletive_test",8,3,"test","neg","pej","AO","B","EPN3","English","L1"
"3413",9047,117,"expletive_test",81,8,"test","pos","pej","TO","B","EPP8","English","L1"
"3414",9048,117,"expletive_test",6,6,"test","neg","pej","AO","B","EPN6","English","L1"
"3415",9050,117,"expletive_test",74,9,"test","pos","pej","AO","B","EPP9","English","L1"
"3416",9051,117,"expletive_test",14,9,"test","neg","pej","AO","B","EPN9","English","L1"
"3417",9054,117,"expletive_test",15,5,"test","neg","pej","TO","B","EPN5","English","L1"
"3418",9055,117,"expletive_test",65,6,"test","pos","adj","AO","B","EAP6","English","L1"
"3419",9058,117,"expletive_test",73,7,"test","pos","adj","NEU","B","EAP7","English","L1"
"3420",9060,117,"expletive_test",21,8,"test","neg","adj","TO","B","EAN8","English","L1"
"3421",9363,119,"expletive_test",67,5,"test","pos","adj","NEU","B","EAP5","English","L1"
"3422",9365,119,"expletive_test",96,2,"test","pos","pej","NEU","B","EPP2","English","L1"
"3423",9366,119,"expletive_test",83,3,"test","pos","pej","AO","B","EPP4","English","L1"
"3424",9368,119,"expletive_test",13,2,"test","neg","adj","NEU","B","EAN2","English","L1"
"3425",9369,119,"expletive_test",81,3,"test","pos","pej","TO","B","EPP3","English","L1"
"3426",9371,119,"expletive_test",0,9,"test","neg","pej","TO","B","EPN9","English","L1"
"3427",9372,119,"expletive_test",74,9,"test","pos","adj","TO","B","EAP9","English","L1"
"3428",9376,119,"expletive_test",74,5,"test","pos","pej","NEU","B","EPP5","English","L1"
"3429",9377,119,"expletive_test",0,3,"test","neg","pej","TO","B","EPN3","English","L1"
"3430",9378,119,"expletive_test",0,6,"test","neg","pej","TO","B","EPN6","English","L1"
"3431",9379,119,"expletive_test",65,1,"test","pos","adj","AO","B","EAP1","English","L1"
"3432",9381,119,"expletive_test",84,6,"test","pos","pej","TO","B","EPP6","English","L1"
"3433",9386,119,"expletive_test",51,5,"test","neg","adj","NEU","B","EAN5","English","L1"
"3434",9387,119,"expletive_test",51,9,"test","neg","adj","TO","B","EAN9","English","L1"
"3435",9391,119,"expletive_test",51,3,"test","pos","adj","TO","B","EAP3","English","L1"
"3436",9392,119,"expletive_test",51,6,"test","pos","adj","TO","B","EAP6","English","L1"
"3437",9393,119,"expletive_test",49,2,"test","neg","pej","NEU","B","EPN2","English","L1"
"3438",9394,119,"expletive_test",51,8,"test","neg","adj","NEU","B","EAN8","English","L1"
"3439",9397,119,"expletive_test",0,7,"test","neg","pej","AO","B","EPN7","English","L1"
"3440",9399,119,"expletive_test",42,7,"test","neg","adj","AO","B","EAN7","English","L1"
"3441",9400,119,"expletive_test",16,1,"test","neg","adj","AO","B","EAN1","English","L1"
"3442",9402,119,"expletive_test",99,8,"test","pos","pej","NEU","B","EPP8","English","L1"
"3443",9403,119,"expletive_test",51,1,"test","pos","pej","AO","B","EPP1","English","L1"
"3444",9404,119,"expletive_test",51,3,"test","neg","adj","AO","B","EAN4","English","L1"
"3445",9405,119,"expletive_test",51,1,"test","neg","pej","AO","B","EPN1","English","L1"
"3446",9406,119,"expletive_test",51,2,"test","pos","adj","NEU","B","EAP2","English","L1"
"3447",9407,119,"expletive_test",51,6,"test","neg","adj","TO","B","EAN6","English","L1"
"3448",9408,119,"expletive_test",49,3,"test","pos","adj","AO","B","EAP4","English","L1"
"3449",9409,119,"expletive_test",51,5,"test","neg","pej","NEU","B","EPN5","English","L1"
"3450",9410,119,"expletive_test",51,8,"test","pos","adj","NEU","B","EAP8","English","L1"
"3451",9411,119,"expletive_test",49,9,"test","pos","pej","TO","B","EPP9","English","L1"
"3452",9412,119,"expletive_test",51,7,"test","pos","adj","AO","B","EAP7","English","L1"
"3453",9416,119,"expletive_test",17,3,"test","neg","adj","TO","B","EAN3","English","L1"
"3454",9417,119,"expletive_test",99,7,"test","pos","pej","AO","B","EPP7","English","L1"
"3455",9418,119,"expletive_test",0,4,"test","neg","pej","AO","B","EPN4","English","L1"
"3456",9420,119,"expletive_test",0,8,"test","neg","pej","NEU","B","EPN8","English","L1"
"3457",9422,152,"expletive_test",65,9,"test","neg","adj","TO","A","EAN9","English","L1"
"3458",9423,152,"expletive_test",70,5,"test","pos","pej","NEU","A","EPP5","English","L1"
"3459",9424,152,"expletive_test",84,9,"test","neg","pej","TO","A","EPN9","English","L1"
"3460",9425,152,"expletive_test",73,3,"test","pos","adj","TO","A","EAP3","English","L1"
"3461",9427,152,"expletive_test",99,3,"test","pos","pej","TO","A","EPP3","English","L1"
"3462",9428,152,"expletive_test",35,4,"test","neg","pej","AO","A","EPN4","English","L1"
"3463",9429,152,"expletive_test",77,3,"test","pos","adj","AO","A","EAP4","English","L1"
"3464",9430,152,"expletive_test",66,7,"test","neg","adj","AO","A","EAN7","English","L1"
"3465",9433,152,"expletive_test",38,2,"test","pos","adj","NEU","A","EAP2","English","L1"
"3466",9434,152,"expletive_test",99,1,"test","pos","pej","AO","A","EPP1","English","L1"
"3467",9437,152,"expletive_test",12,5,"test","neg","adj","NEU","A","EAN5","English","L1"
"3468",9439,152,"expletive_test",74,7,"test","pos","adj","AO","A","EAP7","English","L1"
"3469",9441,152,"expletive_test",11,1,"test","neg","adj","AO","A","EAN1","English","L1"
"3470",9442,152,"expletive_test",0,2,"test","neg","adj","NEU","A","EAN2","English","L1"
"3471",9443,152,"expletive_test",94,9,"test","pos","pej","TO","A","EPP9","English","L1"
"3472",9444,152,"expletive_test",19,8,"test","neg","pej","NEU","A","EPN8","English","L1"
"3473",9445,152,"expletive_test",69,8,"test","pos","pej","NEU","A","EPP8","English","L1"
"3474",9446,152,"expletive_test",82,5,"test","pos","adj","NEU","A","EAP5","English","L1"
"3475",9450,152,"expletive_test",31,2,"test","pos","pej","NEU","A","EPP2","English","L1"
"3476",9451,152,"expletive_test",76,3,"test","pos","pej","AO","A","EPP4","English","L1"
"3477",9452,152,"expletive_test",93,7,"test","pos","pej","AO","A","EPP7","English","L1"
"3478",9457,152,"expletive_test",22,5,"test","neg","pej","NEU","A","EPN5","English","L1"
"3479",9459,152,"expletive_test",78,7,"test","neg","pej","AO","A","EPN7","English","L1"
"3480",9460,152,"expletive_test",71,1,"test","neg","pej","AO","A","EPN1","English","L1"
"3481",9461,152,"expletive_test",41,8,"test","neg","adj","NEU","A","EAN8","English","L1"
"3482",9463,152,"expletive_test",97,6,"test","pos","adj","TO","A","EAP6","English","L1"
"3483",9464,152,"expletive_test",65,9,"test","pos","adj","TO","A","EAP9","English","L1"
"3484",9465,152,"expletive_test",94,6,"test","neg","adj","TO","A","EAN6","English","L1"
"3485",9466,152,"expletive_test",14,8,"test","pos","adj","NEU","A","EAP8","English","L1"
"3486",9468,152,"expletive_test",86,6,"test","neg","pej","TO","A","EPN6","English","L1"
"3487",9470,152,"expletive_test",97,3,"test","neg","pej","TO","A","EPN3","English","L1"
"3488",9472,152,"expletive_test",68,3,"test","neg","adj","AO","A","EAN4","English","L1"
"3489",9473,152,"expletive_test",76,3,"test","neg","adj","TO","A","EAN3","English","L1"
"3490",9474,152,"expletive_test",89,1,"test","pos","adj","AO","A","EAP1","English","L1"
"3491",9475,152,"expletive_test",81,6,"test","pos","pej","TO","A","EPP6","English","L1"
"3492",9480,152,"expletive_test",10,2,"test","neg","pej","NEU","A","EPN2","English","L1"
"3493",9602,16,"expletive_test",35,6,"test","neg","adj","AO","C","EAN6","English","L1"
"3494",9603,16,"expletive_test",99,7,"test","pos","pej","NEU","C","EPP7","English","L1"
"3495",9605,16,"expletive_test",82,6,"test","pos","pej","AO","C","EPP6","English","L1"
"3496",9609,16,"expletive_test",25,7,"test","neg","adj","NEU","C","EAN7","English","L1"
"3497",9610,16,"expletive_test",63,2,"test","neg","adj","TO","C","EAN2","English","L1"
"3498",9611,16,"expletive_test",92,5,"test","pos","pej","TO","C","EPP5","English","L1"
"3499",9613,16,"expletive_test",35,8,"test","pos","adj","TO","C","EAP8","English","L1"
"3500",9615,16,"expletive_test",40,5,"test","neg","adj","TO","C","EAN5","English","L1"
"3501",9617,16,"expletive_test",47,2,"test","neg","pej","TO","C","EPN2","English","L1"
"3502",9620,16,"expletive_test",99,4,"test","pos","pej","NEU","C","EPP4","English","L1"
"3503",9622,16,"expletive_test",26,1,"test","neg","pej","NEU","C","EPN1","English","L1"
"3504",9623,16,"expletive_test",31,1,"test","neg","adj","NEU","C","EAN1","English","L1"
"3505",9624,16,"expletive_test",27,9,"test","neg","adj","AO","C","EAN9","English","L1"
"3506",9625,16,"expletive_test",50,8,"test","neg","pej","TO","C","EPN8","English","L1"
"3507",9626,16,"expletive_test",25,7,"test","pos","adj","NEU","C","EAP7","English","L1"
"3508",9628,16,"expletive_test",25,3,"test","neg","pej","AO","C","EPN3","English","L1"
"3509",9629,16,"expletive_test",32,7,"test","neg","pej","NEU","C","EPN7","English","L1"
"3510",9631,16,"expletive_test",93,2,"test","pos","adj","TO","C","EAP2","English","L1"
"3511",9634,16,"expletive_test",76,3,"test","pos","pej","AO","C","EPP3","English","L1"
"3512",9637,16,"expletive_test",23,4,"test","neg","adj","NEU","C","EAN4","English","L1"
"3513",9638,16,"expletive_test",74,4,"test","pos","adj","NEU","C","EAP4","English","L1"
"3514",9639,16,"expletive_test",63,8,"test","neg","adj","TO","C","EAN8","English","L1"
"3515",9640,16,"expletive_test",94,1,"test","pos","adj","NEU","C","EAP1","English","L1"
"3516",9641,16,"expletive_test",34,6,"test","neg","pej","AO","C","EPN6","English","L1"
"3517",9642,16,"expletive_test",34,9,"test","neg","pej","AO","C","EPN9","English","L1"
"3518",9643,16,"expletive_test",97,2,"test","pos","pej","TO","C","EPP2","English","L1"
"3519",9644,16,"expletive_test",33,9,"test","pos","adj","AO","C","EAP9","English","L1"
"3520",9645,16,"expletive_test",99,9,"test","pos","pej","AO","C","EPP9","English","L1"
"3521",9647,16,"expletive_test",5,4,"test","neg","pej","NEU","C","EPN4","English","L1"
"3522",9648,16,"expletive_test",88,1,"test","pos","pej","NEU","C","EPP1","English","L1"
"3523",9651,16,"expletive_test",93,3,"test","pos","adj","AO","C","EAP3","English","L1"
"3524",9653,16,"expletive_test",34,3,"test","neg","adj","AO","C","EAN3","English","L1"
"3525",9657,16,"expletive_test",96,6,"test","pos","adj","AO","C","EAP6","English","L1"
"3526",9658,16,"expletive_test",99,8,"test","pos","pej","TO","C","EPP8","English","L1"
"3527",9659,16,"expletive_test",48,5,"test","neg","pej","TO","C","EPN5","English","L1"
"3528",9660,16,"expletive_test",83,5,"test","pos","adj","TO","C","EAP5","English","L1"
"3529",9663,39,"expletive_test",51,9,"test","pos","adj","AO","C","EAP9","English","L1"
"3530",9664,39,"expletive_test",11,1,"test","pos","pej","NEU","C","EPP1","English","L1"
"3531",9665,39,"expletive_test",24,3,"test","pos","pej","AO","C","EPP3","English","L1"
"3532",9666,39,"expletive_test",67,8,"test","pos","adj","TO","C","EAP8","English","L1"
"3533",9667,39,"expletive_test",0,7,"test","neg","pej","NEU","C","EPN7","English","L1"
"3534",9671,39,"expletive_test",80,6,"test","pos","adj","AO","C","EAP6","English","L1"
"3535",9672,39,"expletive_test",0,3,"test","neg","adj","AO","C","EAN3","English","L1"
"3536",9673,39,"expletive_test",0,1,"test","neg","adj","NEU","C","EAN1","English","L1"
"3537",9674,39,"expletive_test",80,4,"test","pos","adj","NEU","C","EAP4","English","L1"
"3538",9675,39,"expletive_test",71,1,"test","pos","adj","NEU","C","EAP1","English","L1"
"3539",9676,39,"expletive_test",68,7,"test","pos","adj","NEU","C","EAP7","English","L1"
"3540",9677,39,"expletive_test",6,7,"test","pos","pej","NEU","C","EPP7","English","L1"
"3541",9678,39,"expletive_test",8,7,"test","neg","adj","NEU","C","EAN7","English","L1"
"3542",9679,39,"expletive_test",25,6,"test","neg","adj","AO","C","EAN6","English","L1"
"3543",9680,39,"expletive_test",0,3,"test","neg","pej","AO","C","EPN3","English","L1"
"3544",9683,39,"expletive_test",5,6,"test","pos","pej","AO","C","EPP6","English","L1"
"3545",9685,39,"expletive_test",5,4,"test","neg","pej","NEU","C","EPN4","English","L1"
"3546",9686,39,"expletive_test",0,5,"test","neg","pej","TO","C","EPN5","English","L1"
"3547",9688,39,"expletive_test",0,1,"test","neg","pej","NEU","C","EPN1","English","L1"
"3548",9690,39,"expletive_test",0,9,"test","neg","pej","AO","C","EPN9","English","L1"
"3549",9695,39,"expletive_test",6,2,"test","neg","adj","TO","C","EAN2","English","L1"
"3550",9696,39,"expletive_test",4,9,"test","neg","adj","AO","C","EAN9","English","L1"
"3551",9697,39,"expletive_test",8,4,"test","pos","pej","NEU","C","EPP4","English","L1"
"3552",9698,39,"expletive_test",83,5,"test","pos","adj","TO","C","EAP5","English","L1"
"3553",9700,39,"expletive_test",10,5,"test","pos","pej","TO","C","EPP5","English","L1"
"3554",9701,39,"expletive_test",7,5,"test","neg","adj","TO","C","EAN5","English","L1"
"3555",9702,39,"expletive_test",1,8,"test","neg","pej","TO","C","EPN8","English","L1"
"3556",9703,39,"expletive_test",64,3,"test","pos","adj","AO","C","EAP3","English","L1"
"3557",9707,39,"expletive_test",71,2,"test","pos","adj","TO","C","EAP2","English","L1"
"3558",9710,39,"expletive_test",7,8,"test","pos","pej","TO","C","EPP8","English","L1"
"3559",9711,39,"expletive_test",18,9,"test","pos","pej","AO","C","EPP9","English","L1"
"3560",9712,39,"expletive_test",6,2,"test","pos","pej","TO","C","EPP2","English","L1"
"3561",9713,39,"expletive_test",0,6,"test","neg","pej","AO","C","EPN6","English","L1"
"3562",9716,39,"expletive_test",12,8,"test","neg","adj","TO","C","EAN8","English","L1"
"3563",9717,39,"expletive_test",12,4,"test","neg","adj","NEU","C","EAN4","English","L1"
"3564",9718,39,"expletive_test",21,2,"test","neg","pej","TO","C","EPN2","English","L1"
"3565",9781,137,"expletive_test",99,3,"test","pos","pej","AO","A","EPP4","English","L1"
"3566",9783,137,"expletive_test",3,8,"test","neg","pej","NEU","A","EPN8","English","L1"
"3567",9784,137,"expletive_test",99,3,"test","pos","adj","AO","A","EAP4","English","L1"
"3568",9785,137,"expletive_test",99,8,"test","pos","pej","NEU","A","EPP8","English","L1"
"3569",9786,137,"expletive_test",99,3,"test","pos","adj","TO","A","EAP3","English","L1"
"3570",9787,137,"expletive_test",0,3,"test","neg","adj","TO","A","EAN3","English","L1"
"3571",9788,137,"expletive_test",0,2,"test","neg","adj","NEU","A","EAN2","English","L1"
"3572",9789,137,"expletive_test",7,4,"test","neg","pej","AO","A","EPN4","English","L1"
"3573",9791,137,"expletive_test",99,2,"test","pos","adj","NEU","A","EAP2","English","L1"
"3574",9792,137,"expletive_test",0,9,"test","neg","adj","TO","A","EAN9","English","L1"
"3575",9796,137,"expletive_test",99,9,"test","pos","pej","TO","A","EPP9","English","L1"
"3576",9797,137,"expletive_test",99,7,"test","pos","pej","AO","A","EPP7","English","L1"
"3577",9798,137,"expletive_test",99,3,"test","pos","pej","TO","A","EPP3","English","L1"
"3578",9800,137,"expletive_test",0,6,"test","neg","pej","TO","A","EPN6","English","L1"
"3579",9801,137,"expletive_test",0,2,"test","neg","pej","NEU","A","EPN2","English","L1"
"3580",9803,137,"expletive_test",99,1,"test","pos","pej","AO","A","EPP1","English","L1"
"3581",9806,137,"expletive_test",99,2,"test","pos","pej","NEU","A","EPP2","English","L1"
"3582",9807,137,"expletive_test",1,9,"test","neg","pej","TO","A","EPN9","English","L1"
"3583",9808,137,"expletive_test",0,7,"test","neg","pej","AO","A","EPN7","English","L1"
"3584",9809,137,"expletive_test",98,9,"test","pos","adj","TO","A","EAP9","English","L1"
"3585",9812,137,"expletive_test",99,5,"test","pos","pej","NEU","A","EPP5","English","L1"
"3586",9815,137,"expletive_test",85,1,"test","pos","adj","AO","A","EAP1","English","L1"
"3587",9820,137,"expletive_test",99,6,"test","pos","adj","TO","A","EAP6","English","L1"
"3588",9821,137,"expletive_test",0,7,"test","neg","adj","AO","A","EAN7","English","L1"
"3589",9822,137,"expletive_test",7,3,"test","neg","pej","TO","A","EPN3","English","L1"
"3590",9824,137,"expletive_test",0,5,"test","neg","pej","NEU","A","EPN5","English","L1"
"3591",9825,137,"expletive_test",99,7,"test","pos","adj","AO","A","EAP7","English","L1"
"3592",9826,137,"expletive_test",0,8,"test","neg","adj","NEU","A","EAN8","English","L1"
"3593",9827,137,"expletive_test",0,1,"test","neg","pej","AO","A","EPN1","English","L1"
"3594",9828,137,"expletive_test",0,1,"test","neg","adj","AO","A","EAN1","English","L1"
"3595",9832,137,"expletive_test",2,3,"test","neg","adj","AO","A","EAN4","English","L1"
"3596",9834,137,"expletive_test",99,5,"test","pos","adj","NEU","A","EAP5","English","L1"
"3597",9836,137,"expletive_test",99,6,"test","pos","pej","TO","A","EPP6","English","L1"
"3598",9837,137,"expletive_test",11,6,"test","neg","adj","TO","A","EAN6","English","L1"
"3599",9838,137,"expletive_test",3,5,"test","neg","adj","NEU","A","EAN5","English","L1"
"3600",9839,137,"expletive_test",4,8,"test","pos","adj","NEU","A","EAP8","English","L1"
"3601",9841,206,"expletive_test",84,3,"test","pos","pej","AO","A","EPP3","English","L1"
"3602",9844,206,"expletive_test",64,8,"test","neg","adj","TO","A","EAN8","English","L1"
"3603",9846,206,"expletive_test",23,5,"test","neg","adj","TO","A","EAN5","English","L1"
"3604",9847,206,"expletive_test",88,5,"test","pos","adj","TO","A","EAP5","English","L1"
"3605",9848,206,"expletive_test",0,4,"test","neg","pej","NEU","A","EPN4","English","L1"
"3606",9849,206,"expletive_test",99,6,"test","pos","pej","AO","A","EPP6","English","L1"
"3607",9852,206,"expletive_test",2,1,"test","neg","adj","NEU","A","EAN1","English","L1"
"3608",9853,206,"expletive_test",67,1,"test","pos","adj","NEU","A","EAP1","English","L1"
"3609",9854,206,"expletive_test",93,8,"test","pos","pej","TO","A","EPP8","English","L1"
"3610",9858,206,"expletive_test",53,1,"test","pos","pej","NEU","A","EPP1","English","L1"
"3611",9861,206,"expletive_test",86,5,"test","neg","pej","TO","A","EPN5","English","L1"
"3612",9862,206,"expletive_test",85,6,"test","neg","pej","AO","A","EPN6","English","L1"
"3613",9865,206,"expletive_test",15,7,"test","neg","pej","NEU","A","EPN7","English","L1"
"3614",9866,206,"expletive_test",71,3,"test","neg","pej","AO","A","EPN3","English","L1"
"3615",9871,206,"expletive_test",75,2,"test","neg","pej","TO","A","EPN2","English","L1"
"3616",9873,206,"expletive_test",74,9,"test","neg","adj","AO","A","EAN9","English","L1"
"3617",9874,206,"expletive_test",74,2,"test","neg","adj","TO","A","EAN2","English","L1"
"3618",9875,206,"expletive_test",8,4,"test","neg","adj","NEU","A","EAN4","English","L1"
"3619",9876,206,"expletive_test",26,7,"test","pos","adj","NEU","A","EAP7","English","L1"
"3620",9877,206,"expletive_test",94,5,"test","pos","pej","TO","A","EPP5","English","L1"
"3621",9878,206,"expletive_test",91,2,"test","pos","pej","TO","A","EPP2","English","L1"
"3622",9879,206,"expletive_test",88,2,"test","pos","adj","TO","A","EAP2","English","L1"
"3623",9881,206,"expletive_test",82,3,"test","neg","adj","AO","A","EAN3","English","L1"
"3624",9883,206,"expletive_test",14,7,"test","neg","adj","NEU","A","EAN7","English","L1"
"3625",9884,206,"expletive_test",88,3,"test","pos","adj","AO","A","EAP3","English","L1"
"3626",9885,206,"expletive_test",92,9,"test","pos","pej","AO","A","EPP9","English","L1"
"3627",9886,206,"expletive_test",80,8,"test","neg","pej","TO","A","EPN8","English","L1"
"3628",9887,206,"expletive_test",76,9,"test","neg","pej","AO","A","EPN9","English","L1"
"3629",9890,206,"expletive_test",20,8,"test","pos","adj","TO","A","EAP8","English","L1"
"3630",9891,206,"expletive_test",8,1,"test","neg","pej","NEU","A","EPN1","English","L1"
"3631",9892,206,"expletive_test",75,6,"test","pos","adj","AO","A","EAP6","English","L1"
"3632",9893,206,"expletive_test",71,6,"test","neg","adj","AO","A","EAN6","English","L1"
"3633",9894,206,"expletive_test",25,9,"test","pos","adj","AO","A","EAP9","English","L1"
"3634",9895,206,"expletive_test",61,4,"test","pos","pej","NEU","A","EPP4","English","L1"
"3635",9896,206,"expletive_test",59,4,"test","pos","adj","NEU","A","EAP4","English","L1"
"3636",9899,206,"expletive_test",62,7,"test","pos","pej","NEU","A","EPP7","English","L1"
"3637",9901,149,"expletive_test",68,2,"test","pos","adj","TO","C","EAP2","English","L1"
"3638",9903,149,"expletive_test",32,8,"test","pos","adj","TO","C","EAP8","English","L1"
"3639",9904,149,"expletive_test",23,9,"test","pos","adj","AO","C","EAP9","English","L1"
"3640",9905,149,"expletive_test",8,9,"test","pos","pej","AO","C","EPP9","English","L1"
"3641",9908,149,"expletive_test",0,4,"test","pos","adj","NEU","C","EAP4","English","L1"
"3642",9909,149,"expletive_test",67,5,"test","pos","pej","TO","C","EPP5","English","L1"
"3643",9911,149,"expletive_test",66,7,"test","pos","pej","NEU","C","EPP7","English","L1"
"3644",9912,149,"expletive_test",34,4,"test","neg","pej","NEU","C","EPN4","English","L1"
"3645",9914,149,"expletive_test",40,3,"test","pos","adj","AO","C","EAP3","English","L1"
"3646",9915,149,"expletive_test",65,8,"test","pos","pej","TO","C","EPP8","English","L1"
"3647",9919,149,"expletive_test",14,1,"test","neg","adj","NEU","C","EAN1","English","L1"
"3648",9921,149,"expletive_test",34,9,"test","neg","pej","AO","C","EPN9","English","L1"
"3649",9922,149,"expletive_test",27,2,"test","pos","pej","TO","C","EPP2","English","L1"
"3650",9923,149,"expletive_test",40,1,"test","pos","adj","NEU","C","EAP1","English","L1"
"3651",9924,149,"expletive_test",58,5,"test","pos","adj","TO","C","EAP5","English","L1"
"3652",9926,149,"expletive_test",65,4,"test","neg","adj","NEU","C","EAN4","English","L1"
"3653",9927,149,"expletive_test",27,3,"test","pos","pej","AO","C","EPP3","English","L1"
"3654",9928,149,"expletive_test",99,8,"test","neg","adj","TO","C","EAN8","English","L1"
"3655",9930,149,"expletive_test",27,8,"test","neg","pej","TO","C","EPN8","English","L1"
"3656",9931,149,"expletive_test",36,3,"test","neg","adj","AO","C","EAN3","English","L1"
"3657",9932,149,"expletive_test",74,2,"test","neg","pej","TO","C","EPN2","English","L1"
"3658",9933,149,"expletive_test",25,9,"test","neg","adj","AO","C","EAN9","English","L1"
"3659",9935,149,"expletive_test",61,6,"test","pos","pej","AO","C","EPP6","English","L1"
"3660",9937,149,"expletive_test",32,6,"test","neg","pej","AO","C","EPN6","English","L1"
"3661",9940,149,"expletive_test",19,2,"test","neg","adj","TO","C","EAN2","English","L1"
"3662",9942,149,"expletive_test",83,3,"test","neg","pej","AO","C","EPN3","English","L1"
"3663",9943,149,"expletive_test",23,7,"test","neg","pej","NEU","C","EPN7","English","L1"
"3664",9945,149,"expletive_test",13,7,"test","pos","adj","NEU","C","EAP7","English","L1"
"3665",9946,149,"expletive_test",98,6,"test","pos","adj","AO","C","EAP6","English","L1"
"3666",9949,149,"expletive_test",67,6,"test","neg","adj","AO","C","EAN6","English","L1"
"3667",9950,149,"expletive_test",76,4,"test","pos","pej","NEU","C","EPP4","English","L1"
"3668",9954,149,"expletive_test",23,7,"test","neg","adj","NEU","C","EAN7","English","L1"
"3669",9956,149,"expletive_test",17,1,"test","neg","pej","NEU","C","EPN1","English","L1"
"3670",9958,149,"expletive_test",48,1,"test","pos","pej","NEU","C","EPP1","English","L1"
"3671",9959,149,"expletive_test",61,5,"test","neg","pej","TO","C","EPN5","English","L1"
"3672",9960,149,"expletive_test",52,5,"test","neg","adj","TO","C","EAN5","English","L1"
"3673",10141,65,"expletive_test",0,8,"test","pos","adj","AO","C","EAP8","English","L1"
"3674",10143,65,"expletive_test",53,9,"test","pos","adj","NEU","C","EAP9","English","L1"
"3675",10144,65,"expletive_test",99,4,"test","neg","adj","TO","C","EAN4","English","L1"
"3676",10145,65,"expletive_test",0,2,"test","neg","pej","AO","C","EPN2","English","L1"
"3677",10146,65,"expletive_test",0,7,"test","pos","adj","TO","C","EAP7","English","L1"
"3678",10149,65,"expletive_test",16,4,"test","neg","pej","TO","C","EPN4","English","L1"
"3679",10150,65,"expletive_test",36,6,"test","pos","adj","NEU","C","EAP6","English","L1"
"3680",10155,65,"expletive_test",22,7,"test","pos","pej","TO","C","EPP7","English","L1"
"3681",10156,65,"expletive_test",82,8,"test","neg","pej","AO","C","EPN8","English","L1"
"3682",10157,65,"expletive_test",36,7,"test","neg","pej","TO","C","EPN7","English","L1"
"3683",10158,65,"expletive_test",86,8,"test","pos","pej","AO","C","EPP8","English","L1"
"3684",10160,65,"expletive_test",0,6,"test","neg","pej","NEU","C","EPN6","English","L1"
"3685",10161,65,"expletive_test",78,1,"test","neg","adj","TO","C","EAN1","English","L1"
"3686",10164,65,"expletive_test",20,9,"test","pos","pej","NEU","C","EPP9","English","L1"
"3687",10166,65,"expletive_test",0,9,"test","neg","pej","NEU","C","EPN9","English","L1"
"3688",10167,65,"expletive_test",94,1,"test","pos","pej","TO","C","EPP1","English","L1"
"3689",10172,65,"expletive_test",4,9,"test","neg","adj","NEU","C","EAN9","English","L1"
"3690",10174,65,"expletive_test",97,2,"test","pos","adj","AO","C","EAP2","English","L1"
"3691",10175,65,"expletive_test",74,5,"test","neg","adj","AO","C","EAN5","English","L1"
"3692",10177,65,"expletive_test",84,2,"test","pos","pej","AO","C","EPP2","English","L1"
"3693",10178,65,"expletive_test",0,3,"test","neg","pej","NEU","C","EPN3","English","L1"
"3694",10179,65,"expletive_test",0,2,"test","neg","adj","AO","C","EAN2","English","L1"
"3695",10180,65,"expletive_test",75,5,"test","pos","adj","AO","C","EAP5","English","L1"
"3696",10181,65,"expletive_test",77,3,"test","pos","pej","NEU","C","EPP3","English","L1"
"3697",10182,65,"expletive_test",85,7,"test","neg","adj","TO","C","EAN7","English","L1"
"3698",10183,65,"expletive_test",78,1,"test","neg","pej","TO","C","EPN1","English","L1"
"3699",10184,65,"expletive_test",81,4,"test","pos","pej","TO","C","EPP4","English","L1"
"3700",10185,65,"expletive_test",25,6,"test","pos","pej","NEU","C","EPP6","English","L1"
"3701",10186,65,"expletive_test",5,3,"test","neg","adj","NEU","C","EAN3","English","L1"
"3702",10187,65,"expletive_test",71,8,"test","neg","adj","AO","C","EAN8","English","L1"
"3703",10189,65,"expletive_test",86,5,"test","pos","pej","AO","C","EPP5","English","L1"
"3704",10191,65,"expletive_test",98,5,"test","neg","pej","AO","C","EPN5","English","L1"
"3705",10193,65,"expletive_test",79,1,"test","pos","adj","TO","C","EAP1","English","L1"
"3706",10194,65,"expletive_test",14,4,"test","pos","adj","TO","C","EAP4","English","L1"
"3707",10195,65,"expletive_test",0,3,"test","pos","adj","NEU","C","EAP3","English","L1"
"3708",10200,65,"expletive_test",0,6,"test","neg","adj","NEU","C","EAN6","English","L1"
"3709",10381,34,"expletive_test",11,9,"test","pos","adj","AO","C","EAP9","English","L1"
"3710",10382,34,"expletive_test",12,4,"test","neg","adj","NEU","C","EAN4","English","L1"
"3711",10383,34,"expletive_test",99,3,"test","pos","pej","AO","C","EPP3","English","L1"
"3712",10385,34,"expletive_test",15,2,"test","neg","adj","TO","C","EAN2","English","L1"
"3713",10386,34,"expletive_test",87,7,"test","neg","pej","NEU","C","EPN7","English","L1"
"3714",10387,34,"expletive_test",84,9,"test","neg","pej","AO","C","EPN9","English","L1"
"3715",10388,34,"expletive_test",90,4,"test","pos","pej","NEU","C","EPP4","English","L1"
"3716",10390,34,"expletive_test",86,2,"test","pos","adj","TO","C","EAP2","English","L1"
"3717",10392,34,"expletive_test",79,6,"test","pos","pej","AO","C","EPP6","English","L1"
"3718",10393,34,"expletive_test",99,5,"test","neg","pej","TO","C","EPN5","English","L1"
"3719",10394,34,"expletive_test",99,3,"test","neg","adj","AO","C","EAN3","English","L1"
"3720",10395,34,"expletive_test",99,2,"test","pos","pej","TO","C","EPP2","English","L1"
"3721",10397,34,"expletive_test",94,1,"test","neg","pej","NEU","C","EPN1","English","L1"
"3722",10398,34,"expletive_test",86,5,"test","neg","adj","TO","C","EAN5","English","L1"
"3723",10399,34,"expletive_test",92,2,"test","neg","pej","TO","C","EPN2","English","L1"
"3724",10400,34,"expletive_test",98,1,"test","pos","adj","NEU","C","EAP1","English","L1"
"3725",10401,34,"expletive_test",96,9,"test","pos","pej","AO","C","EPP9","English","L1"
"3726",10402,34,"expletive_test",74,7,"test","pos","adj","NEU","C","EAP7","English","L1"
"3727",10407,34,"expletive_test",92,6,"test","neg","pej","AO","C","EPN6","English","L1"
"3728",10408,34,"expletive_test",95,8,"test","pos","pej","TO","C","EPP8","English","L1"
"3729",10410,34,"expletive_test",92,5,"test","pos","adj","TO","C","EAP5","English","L1"
"3730",10411,34,"expletive_test",75,4,"test","neg","pej","NEU","C","EPN4","English","L1"
"3731",10412,34,"expletive_test",73,9,"test","neg","adj","AO","C","EAN9","English","L1"
"3732",10415,34,"expletive_test",25,8,"test","pos","adj","TO","C","EAP8","English","L1"
"3733",10417,34,"expletive_test",92,3,"test","pos","adj","AO","C","EAP3","English","L1"
"3734",10418,34,"expletive_test",23,4,"test","pos","adj","NEU","C","EAP4","English","L1"
"3735",10419,34,"expletive_test",99,5,"test","pos","pej","TO","C","EPP5","English","L1"
"3736",10421,34,"expletive_test",90,8,"test","neg","pej","TO","C","EPN8","English","L1"
"3737",10425,34,"expletive_test",88,6,"test","neg","adj","AO","C","EAN6","English","L1"
"3738",10426,34,"expletive_test",82,7,"test","pos","pej","NEU","C","EPP7","English","L1"
"3739",10428,34,"expletive_test",99,3,"test","neg","pej","AO","C","EPN3","English","L1"
"3740",10432,34,"expletive_test",80,8,"test","neg","adj","TO","C","EAN8","English","L1"
"3741",10435,34,"expletive_test",80,6,"test","pos","adj","AO","C","EAP6","English","L1"
"3742",10436,34,"expletive_test",70,1,"test","neg","adj","NEU","C","EAN1","English","L1"
"3743",10437,34,"expletive_test",86,1,"test","pos","pej","NEU","C","EPP1","English","L1"
"3744",10440,34,"expletive_test",71,7,"test","neg","adj","NEU","C","EAN7","English","L1"
"3745",10441,179,"expletive_test",8,5,"test","neg","adj","NEU","B","EAN5","English","L1"
"3746",10442,179,"expletive_test",0,9,"test","neg","adj","TO","B","EAN9","English","L1"
"3747",10444,179,"expletive_test",8,7,"test","neg","adj","AO","B","EAN7","English","L1"
"3748",10448,179,"expletive_test",99,3,"test","pos","adj","TO","B","EAP3","English","L1"
"3749",10449,179,"expletive_test",99,3,"test","pos","pej","AO","B","EPP4","English","L1"
"3750",10450,179,"expletive_test",0,8,"test","neg","pej","NEU","B","EPN8","English","L1"
"3751",10451,179,"expletive_test",99,9,"test","pos","pej","TO","B","EPP9","English","L1"
"3752",10452,179,"expletive_test",77,3,"test","neg","pej","TO","B","EPN3","English","L1"
"3753",10453,179,"expletive_test",99,1,"test","pos","adj","AO","B","EAP1","English","L1"
"3754",10454,179,"expletive_test",0,1,"test","neg","adj","AO","B","EAN1","English","L1"
"3755",10455,179,"expletive_test",99,3,"test","pos","adj","AO","B","EAP4","English","L1"
"3756",10458,179,"expletive_test",90,5,"test","pos","adj","NEU","B","EAP5","English","L1"
"3757",10460,179,"expletive_test",80,1,"test","pos","pej","AO","B","EPP1","English","L1"
"3758",10462,179,"expletive_test",99,6,"test","pos","pej","TO","B","EPP6","English","L1"
"3759",10463,179,"expletive_test",10,8,"test","pos","adj","NEU","B","EAP8","English","L1"
"3760",10465,179,"expletive_test",69,5,"test","pos","pej","NEU","B","EPP5","English","L1"
"3761",10467,179,"expletive_test",99,9,"test","neg","pej","TO","B","EPN9","English","L1"
"3762",10470,179,"expletive_test",99,3,"test","pos","pej","TO","B","EPP3","English","L1"
"3763",10471,179,"expletive_test",79,3,"test","neg","adj","AO","B","EAN4","English","L1"
"3764",10473,179,"expletive_test",99,7,"test","pos","adj","AO","B","EAP7","English","L1"
"3765",10474,179,"expletive_test",99,6,"test","neg","pej","TO","B","EPN6","English","L1"
"3766",10475,179,"expletive_test",66,4,"test","neg","pej","AO","B","EPN4","English","L1"
"3767",10476,179,"expletive_test",23,2,"test","neg","pej","NEU","B","EPN2","English","L1"
"3768",10478,179,"expletive_test",72,2,"test","pos","adj","NEU","B","EAP2","English","L1"
"3769",10481,179,"expletive_test",68,7,"test","neg","pej","AO","B","EPN7","English","L1"
"3770",10482,179,"expletive_test",77,1,"test","neg","pej","AO","B","EPN1","English","L1"
"3771",10483,179,"expletive_test",99,3,"test","neg","adj","TO","B","EAN3","English","L1"
"3772",10484,179,"expletive_test",99,7,"test","pos","pej","AO","B","EPP7","English","L1"
"3773",10485,179,"expletive_test",6,2,"test","neg","adj","NEU","B","EAN2","English","L1"
"3774",10487,179,"expletive_test",0,8,"test","neg","adj","NEU","B","EAN8","English","L1"
"3775",10488,179,"expletive_test",89,8,"test","pos","pej","NEU","B","EPP8","English","L1"
"3776",10489,179,"expletive_test",0,9,"test","pos","adj","TO","B","EAP9","English","L1"
"3777",10491,179,"expletive_test",99,6,"test","neg","adj","TO","B","EAN6","English","L1"
"3778",10493,179,"expletive_test",76,2,"test","pos","pej","NEU","B","EPP2","English","L1"
"3779",10497,179,"expletive_test",8,5,"test","neg","pej","NEU","B","EPN5","English","L1"
"3780",10499,179,"expletive_test",99,6,"test","pos","adj","TO","B","EAP6","English","L1"
"3781",10561,136,"expletive_test",86,6,"test","neg","pej","TO","A","EPN6","English","L1"
"3782",10563,136,"expletive_test",42,3,"test","neg","adj","AO","A","EAN4","English","L1"
"3783",10564,136,"expletive_test",97,3,"test","pos","pej","TO","A","EPP3","English","L1"
"3784",10566,136,"expletive_test",0,8,"test","neg","pej","NEU","A","EPN8","English","L1"
"3785",10568,136,"expletive_test",73,9,"test","pos","adj","TO","A","EAP9","English","L1"
"3786",10571,136,"expletive_test",62,7,"test","neg","adj","AO","A","EAN7","English","L1"
"3787",10573,136,"expletive_test",46,8,"test","neg","adj","NEU","A","EAN8","English","L1"
"3788",10574,136,"expletive_test",77,5,"test","pos","pej","NEU","A","EPP5","English","L1"
"3789",10577,136,"expletive_test",84,8,"test","pos","adj","NEU","A","EAP8","English","L1"
"3790",10578,136,"expletive_test",84,2,"test","pos","pej","NEU","A","EPP2","English","L1"
"3791",10579,136,"expletive_test",99,3,"test","pos","adj","TO","A","EAP3","English","L1"
"3792",10581,136,"expletive_test",93,9,"test","pos","pej","TO","A","EPP9","English","L1"
"3793",10582,136,"expletive_test",65,1,"test","neg","pej","AO","A","EPN1","English","L1"
"3794",10583,136,"expletive_test",99,9,"test","neg","pej","TO","A","EPN9","English","L1"
"3795",10585,136,"expletive_test",92,3,"test","neg","pej","TO","A","EPN3","English","L1"
"3796",10586,136,"expletive_test",78,3,"test","neg","adj","TO","A","EAN3","English","L1"
"3797",10587,136,"expletive_test",10,5,"test","neg","pej","NEU","A","EPN5","English","L1"
"3798",10588,136,"expletive_test",89,6,"test","pos","adj","TO","A","EAP6","English","L1"
"3799",10590,136,"expletive_test",96,6,"test","pos","pej","TO","A","EPP6","English","L1"
"3800",10591,136,"expletive_test",49,2,"test","neg","adj","NEU","A","EAN2","English","L1"
"3801",10592,136,"expletive_test",90,3,"test","pos","pej","AO","A","EPP4","English","L1"
"3802",10595,136,"expletive_test",79,1,"test","pos","pej","AO","A","EPP1","English","L1"
"3803",10596,136,"expletive_test",86,7,"test","pos","adj","AO","A","EAP7","English","L1"
"3804",10597,136,"expletive_test",83,2,"test","pos","adj","NEU","A","EAP2","English","L1"
"3805",10599,136,"expletive_test",87,7,"test","pos","pej","AO","A","EPP7","English","L1"
"3806",10603,136,"expletive_test",88,8,"test","pos","pej","NEU","A","EPP8","English","L1"
"3807",10604,136,"expletive_test",69,7,"test","neg","pej","AO","A","EPN7","English","L1"
"3808",10605,136,"expletive_test",60,3,"test","pos","adj","AO","A","EAP4","English","L1"
"3809",10606,136,"expletive_test",93,1,"test","pos","adj","AO","A","EAP1","English","L1"
"3810",10610,136,"expletive_test",22,4,"test","neg","pej","AO","A","EPN4","English","L1"
"3811",10612,136,"expletive_test",76,1,"test","neg","adj","AO","A","EAN1","English","L1"
"3812",10613,136,"expletive_test",77,9,"test","neg","adj","TO","A","EAN9","English","L1"
"3813",10615,136,"expletive_test",86,5,"test","neg","adj","NEU","A","EAN5","English","L1"
"3814",10616,136,"expletive_test",63,2,"test","neg","pej","NEU","A","EPN2","English","L1"
"3815",10617,136,"expletive_test",81,5,"test","pos","adj","NEU","A","EAP5","English","L1"
"3816",10619,136,"expletive_test",83,6,"test","neg","adj","TO","A","EAN6","English","L1"
"3817",10681,77,"expletive_test",79,3,"test","pos","pej","AO","A","EPP4","English","L1"
"3818",10683,77,"expletive_test",35,9,"test","pos","adj","TO","A","EAP9","English","L1"
"3819",10684,77,"expletive_test",47,5,"test","pos","adj","NEU","A","EAP5","English","L1"
"3820",10685,77,"expletive_test",41,9,"test","neg","adj","TO","A","EAN9","English","L1"
"3821",10688,77,"expletive_test",79,6,"test","pos","adj","TO","A","EAP6","English","L1"
"3822",10689,77,"expletive_test",74,2,"test","pos","pej","NEU","A","EPP2","English","L1"
"3823",10691,77,"expletive_test",9,5,"test","neg","pej","NEU","A","EPN5","English","L1"
"3824",10694,77,"expletive_test",0,4,"test","neg","pej","AO","A","EPN4","English","L1"
"3825",10695,77,"expletive_test",41,7,"test","pos","adj","AO","A","EAP7","English","L1"
"3826",10696,77,"expletive_test",0,1,"test","neg","pej","AO","A","EPN1","English","L1"
"3827",10697,77,"expletive_test",84,1,"test","pos","pej","AO","A","EPP1","English","L1"
"3828",10698,77,"expletive_test",60,6,"test","pos","pej","TO","A","EPP6","English","L1"
"3829",10699,77,"expletive_test",15,3,"test","pos","adj","AO","A","EAP4","English","L1"
"3830",10700,77,"expletive_test",88,1,"test","pos","adj","AO","A","EAP1","English","L1"
"3831",10703,77,"expletive_test",76,9,"test","pos","pej","TO","A","EPP9","English","L1"
"3832",10708,77,"expletive_test",79,3,"test","pos","pej","TO","A","EPP3","English","L1"
"3833",10709,77,"expletive_test",17,8,"test","neg","adj","NEU","A","EAN8","English","L1"
"3834",10710,77,"expletive_test",60,2,"test","pos","adj","NEU","A","EAP2","English","L1"
"3835",10711,77,"expletive_test",60,9,"test","neg","pej","TO","A","EPN9","English","L1"
"3836",10712,77,"expletive_test",40,7,"test","neg","pej","AO","A","EPN7","English","L1"
"3837",10713,77,"expletive_test",75,5,"test","pos","pej","NEU","A","EPP5","English","L1"
"3838",10716,77,"expletive_test",26,8,"test","neg","pej","NEU","A","EPN8","English","L1"
"3839",10718,77,"expletive_test",39,2,"test","neg","adj","NEU","A","EAN2","English","L1"
"3840",10719,77,"expletive_test",77,7,"test","pos","pej","AO","A","EPP7","English","L1"
"3841",10720,77,"expletive_test",45,2,"test","neg","pej","NEU","A","EPN2","English","L1"
"3842",10721,77,"expletive_test",48,3,"test","neg","adj","TO","A","EAN3","English","L1"
"3843",10722,77,"expletive_test",54,6,"test","neg","pej","TO","A","EPN6","English","L1"
"3844",10724,77,"expletive_test",47,3,"test","neg","adj","AO","A","EAN4","English","L1"
"3845",10725,77,"expletive_test",71,8,"test","pos","pej","NEU","A","EPP8","English","L1"
"3846",10729,77,"expletive_test",26,1,"test","neg","adj","AO","A","EAN1","English","L1"
"3847",10731,77,"expletive_test",43,8,"test","pos","adj","NEU","A","EAP8","English","L1"
"3848",10732,77,"expletive_test",64,6,"test","neg","adj","TO","A","EAN6","English","L1"
"3849",10734,77,"expletive_test",29,5,"test","neg","adj","NEU","A","EAN5","English","L1"
"3850",10735,77,"expletive_test",34,3,"test","neg","pej","TO","A","EPN3","English","L1"
"3851",10737,77,"expletive_test",51,3,"test","pos","adj","TO","A","EAP3","English","L1"
"3852",10739,77,"expletive_test",21,7,"test","neg","adj","AO","A","EAN7","English","L1"
"3853",10743,12,"expletive_test",13,8,"test","neg","adj","NEU","C","EAN8","English","L1"
"3854",10747,12,"expletive_test",78,5,"test","neg","adj","NEU","C","EAN5","English","L1"
"3855",10748,12,"expletive_test",99,6,"test","neg","adj","TO","C","EAN6","English","L1"
"3856",10749,12,"expletive_test",95,1,"test","pos","pej","AO","C","EPP1","English","L1"
"3857",10751,12,"expletive_test",57,4,"test","neg","pej","AO","C","EPN4","English","L1"
"3858",10752,12,"expletive_test",85,1,"test","neg","pej","AO","C","EPN1","English","L1"
"3859",10754,12,"expletive_test",3,9,"test","pos","adj","TO","C","EAP9","English","L1"
"3860",10756,12,"expletive_test",96,7,"test","pos","adj","AO","C","EAP7","English","L1"
"3861",10759,12,"expletive_test",69,9,"test","neg","pej","TO","C","EPN9","English","L1"
"3862",10760,12,"expletive_test",0,7,"test","neg","pej","AO","C","EPN7","English","L1"
"3863",10762,12,"expletive_test",82,3,"test","neg","adj","AO","C","EAN4","English","L1"
"3864",10764,12,"expletive_test",97,6,"test","neg","pej","TO","C","EPN6","English","L1"
"3865",10765,12,"expletive_test",99,3,"test","pos","pej","TO","C","EPP3","English","L1"
"3866",10766,12,"expletive_test",86,8,"test","pos","pej","NEU","C","EPP8","English","L1"
"3867",10769,12,"expletive_test",1,5,"test","neg","pej","NEU","C","EPN5","English","L1"
"3868",10770,12,"expletive_test",99,2,"test","pos","pej","NEU","C","EPP2","English","L1"
"3869",10774,12,"expletive_test",99,7,"test","neg","adj","AO","C","EAN7","English","L1"
"3870",10775,12,"expletive_test",99,5,"test","pos","pej","NEU","C","EPP5","English","L1"
"3871",10776,12,"expletive_test",96,3,"test","pos","adj","TO","C","EAP3","English","L1"
"3872",10777,12,"expletive_test",2,2,"test","neg","adj","NEU","C","EAN2","English","L1"
"3873",10778,12,"expletive_test",1,3,"test","pos","adj","AO","C","EAP4","English","L1"
"3874",10779,12,"expletive_test",85,3,"test","neg","pej","TO","C","EPN3","English","L1"
"3875",10780,12,"expletive_test",80,1,"test","neg","adj","AO","C","EAN1","English","L1"
"3876",10781,12,"expletive_test",99,9,"test","neg","adj","TO","C","EAN9","English","L1"
"3877",10782,12,"expletive_test",99,6,"test","pos","pej","TO","C","EPP6","English","L1"
"3878",10783,12,"expletive_test",99,3,"test","pos","pej","AO","C","EPP4","English","L1"
"3879",10785,12,"expletive_test",19,8,"test","pos","adj","NEU","C","EAP8","English","L1"
"3880",10786,12,"expletive_test",0,2,"test","neg","pej","NEU","C","EPN2","English","L1"
"3881",10789,12,"expletive_test",95,2,"test","pos","adj","NEU","C","EAP2","English","L1"
"3882",10790,12,"expletive_test",16,3,"test","neg","adj","TO","C","EAN3","English","L1"
"3883",10791,12,"expletive_test",99,9,"test","pos","pej","TO","C","EPP9","English","L1"
"3884",10794,12,"expletive_test",90,5,"test","pos","adj","NEU","C","EAP5","English","L1"
"3885",10796,12,"expletive_test",0,8,"test","neg","pej","NEU","C","EPN8","English","L1"
"3886",10797,12,"expletive_test",96,7,"test","pos","pej","AO","C","EPP7","English","L1"
"3887",10798,12,"expletive_test",98,6,"test","pos","adj","TO","C","EAP6","English","L1"
"3888",10799,12,"expletive_test",99,1,"test","pos","adj","AO","C","EAP1","English","L1"
"3889",11282,99,"expletive_test",0,4,"test","neg","pej","NEU","B","EPN4","English","L1"
"3890",11283,99,"expletive_test",14,7,"test","neg","adj","NEU","B","EAN7","English","L1"
"3891",11284,99,"expletive_test",27,4,"test","neg","adj","NEU","B","EAN4","English","L1"
"3892",11285,99,"expletive_test",92,6,"test","neg","adj","AO","B","EAN6","English","L1"
"3893",11290,99,"expletive_test",97,8,"test","neg","adj","TO","B","EAN8","English","L1"
"3894",11291,99,"expletive_test",9,7,"test","neg","pej","NEU","B","EPN7","English","L1"
"3895",11292,99,"expletive_test",80,8,"test","neg","pej","TO","B","EPN8","English","L1"
"3896",11293,99,"expletive_test",82,9,"test","pos","adj","AO","B","EAP9","English","L1"
"3897",11294,99,"expletive_test",52,7,"test","pos","pej","NEU","B","EPP7","English","L1"
"3898",11297,99,"expletive_test",42,2,"test","neg","adj","TO","B","EAN2","English","L1"
"3899",11298,99,"expletive_test",55,5,"test","neg","adj","TO","B","EAN5","English","L1"
"3900",11299,99,"expletive_test",82,6,"test","neg","pej","AO","B","EPN6","English","L1"
"3901",11300,99,"expletive_test",68,1,"test","pos","pej","NEU","B","EPP1","English","L1"
"3902",11302,99,"expletive_test",80,9,"test","neg","pej","AO","B","EPN9","English","L1"
"3903",11303,99,"expletive_test",55,7,"test","pos","adj","NEU","B","EAP7","English","L1"
"3904",11304,99,"expletive_test",89,2,"test","neg","pej","TO","B","EPN2","English","L1"
"3905",11305,99,"expletive_test",77,5,"test","neg","pej","TO","B","EPN5","English","L1"
"3906",11306,99,"expletive_test",72,5,"test","pos","adj","TO","B","EAP5","English","L1"
"3907",11308,99,"expletive_test",90,2,"test","pos","adj","TO","B","EAP2","English","L1"
"3908",11311,99,"expletive_test",81,8,"test","pos","pej","TO","B","EPP8","English","L1"
"3909",11312,99,"expletive_test",13,1,"test","neg","adj","NEU","B","EAN1","English","L1"
"3910",11315,99,"expletive_test",99,5,"test","pos","pej","TO","B","EPP5","English","L1"
"3911",11316,99,"expletive_test",15,1,"test","neg","pej","NEU","B","EPN1","English","L1"
"3912",11318,99,"expletive_test",77,4,"test","pos","pej","NEU","B","EPP4","English","L1"
"3913",11319,99,"expletive_test",79,3,"test","neg","pej","AO","B","EPN3","English","L1"
"3914",11320,99,"expletive_test",82,9,"test","pos","pej","AO","B","EPP9","English","L1"
"3915",11323,99,"expletive_test",81,6,"test","pos","pej","AO","B","EPP6","English","L1"
"3916",11324,99,"expletive_test",12,8,"test","pos","adj","TO","B","EAP8","English","L1"
"3917",11325,99,"expletive_test",99,6,"test","pos","adj","AO","B","EAP6","English","L1"
"3918",11327,99,"expletive_test",99,3,"test","pos","pej","AO","B","EPP3","English","L1"
"3919",11330,99,"expletive_test",86,2,"test","pos","pej","TO","B","EPP2","English","L1"
"3920",11331,99,"expletive_test",93,3,"test","pos","adj","AO","B","EAP3","English","L1"
"3921",11332,99,"expletive_test",42,4,"test","pos","adj","NEU","B","EAP4","English","L1"
"3922",11333,99,"expletive_test",88,9,"test","neg","adj","AO","B","EAN9","English","L1"
"3923",11339,99,"expletive_test",71,1,"test","pos","adj","NEU","B","EAP1","English","L1"
"3924",11340,99,"expletive_test",85,3,"test","neg","adj","AO","B","EAN3","English","L1"
"3925",11345,82,"expletive_test",88,1,"test","pos","pej","NEU","A","EPP1","English","L1"
"3926",11346,82,"expletive_test",66,2,"test","neg","pej","TO","A","EPN2","English","L1"
"3927",11347,82,"expletive_test",70,1,"test","neg","adj","NEU","A","EAN1","English","L1"
"3928",11348,82,"expletive_test",99,7,"test","neg","adj","NEU","A","EAN7","English","L1"
"3929",11352,82,"expletive_test",90,9,"test","pos","adj","AO","A","EAP9","English","L1"
"3930",11354,82,"expletive_test",88,3,"test","pos","adj","AO","A","EAP3","English","L1"
"3931",11355,82,"expletive_test",88,8,"test","neg","pej","TO","A","EPN8","English","L1"
"3932",11356,82,"expletive_test",86,8,"test","neg","adj","TO","A","EAN8","English","L1"
"3933",11358,82,"expletive_test",1,4,"test","neg","pej","NEU","A","EPN4","English","L1"
"3934",11360,82,"expletive_test",0,2,"test","neg","adj","TO","A","EAN2","English","L1"
"3935",11364,82,"expletive_test",20,6,"test","neg","pej","AO","A","EPN6","English","L1"
"3936",11365,82,"expletive_test",96,1,"test","pos","adj","NEU","A","EAP1","English","L1"
"3937",11366,82,"expletive_test",93,2,"test","pos","adj","TO","A","EAP2","English","L1"
"3938",11367,82,"expletive_test",73,5,"test","neg","pej","TO","A","EPN5","English","L1"
"3939",11370,82,"expletive_test",90,8,"test","pos","adj","TO","A","EAP8","English","L1"
"3940",11371,82,"expletive_test",86,9,"test","neg","adj","AO","A","EAN9","English","L1"
"3941",11372,82,"expletive_test",99,7,"test","pos","pej","NEU","A","EPP7","English","L1"
"3942",11373,82,"expletive_test",0,1,"test","neg","pej","NEU","A","EPN1","English","L1"
"3943",11374,82,"expletive_test",99,3,"test","pos","pej","AO","A","EPP3","English","L1"
"3944",11375,82,"expletive_test",99,9,"test","pos","pej","AO","A","EPP9","English","L1"
"3945",11376,82,"expletive_test",93,5,"test","pos","adj","TO","A","EAP5","English","L1"
"3946",11377,82,"expletive_test",10,4,"test","neg","adj","NEU","A","EAN4","English","L1"
"3947",11378,82,"expletive_test",73,4,"test","pos","adj","NEU","A","EAP4","English","L1"
"3948",11379,82,"expletive_test",88,5,"test","neg","adj","TO","A","EAN5","English","L1"
"3949",11383,82,"expletive_test",57,4,"test","pos","pej","NEU","A","EPP4","English","L1"
"3950",11384,82,"expletive_test",67,6,"test","pos","adj","AO","A","EAP6","English","L1"
"3951",11385,82,"expletive_test",93,5,"test","pos","pej","TO","A","EPP5","English","L1"
"3952",11386,82,"expletive_test",94,6,"test","pos","pej","AO","A","EPP6","English","L1"
"3953",11387,82,"expletive_test",89,3,"test","neg","adj","AO","A","EAN3","English","L1"
"3954",11388,82,"expletive_test",0,7,"test","neg","pej","NEU","A","EPN7","English","L1"
"3955",11390,82,"expletive_test",79,6,"test","neg","adj","AO","A","EAN6","English","L1"
"3956",11391,82,"expletive_test",12,3,"test","neg","pej","AO","A","EPN3","English","L1"
"3957",11392,82,"expletive_test",99,7,"test","pos","adj","NEU","A","EAP7","English","L1"
"3958",11396,82,"expletive_test",12,9,"test","neg","pej","AO","A","EPN9","English","L1"
"3959",11399,82,"expletive_test",96,2,"test","pos","pej","TO","A","EPP2","English","L1"
"3960",11400,82,"expletive_test",95,8,"test","pos","pej","TO","A","EPP8","English","L1"
"3961",11401,196,"expletive_test",0,2,"test","neg","pej","AO","C","EPN2","English","L1"
"3962",11402,196,"expletive_test",3,9,"test","neg","adj","NEU","C","EAN9","English","L1"
"3963",11405,196,"expletive_test",0,5,"test","neg","pej","AO","C","EPN5","English","L1"
"3964",11406,196,"expletive_test",25,8,"test","neg","adj","AO","C","EAN8","English","L1"
"3965",11407,196,"expletive_test",13,5,"test","neg","adj","AO","C","EAN5","English","L1"
"3966",11408,196,"expletive_test",20,3,"test","neg","adj","NEU","C","EAN3","English","L1"
"3967",11409,196,"expletive_test",94,4,"test","pos","adj","TO","C","EAP4","English","L1"
"3968",11410,196,"expletive_test",81,8,"test","pos","adj","AO","C","EAP8","English","L1"
"3969",11411,196,"expletive_test",99,1,"test","pos","adj","TO","C","EAP1","English","L1"
"3970",11412,196,"expletive_test",99,4,"test","pos","pej","TO","C","EPP4","English","L1"
"3971",11414,196,"expletive_test",73,7,"test","neg","adj","TO","C","EAN7","English","L1"
"3972",11415,196,"expletive_test",17,2,"test","neg","adj","AO","C","EAN2","English","L1"
"3973",11416,196,"expletive_test",0,3,"test","neg","pej","NEU","C","EPN3","English","L1"
"3974",11417,196,"expletive_test",92,7,"test","pos","adj","TO","C","EAP7","English","L1"
"3975",11418,196,"expletive_test",80,1,"test","neg","adj","TO","C","EAN1","English","L1"
"3976",11419,196,"expletive_test",99,7,"test","pos","pej","TO","C","EPP7","English","L1"
"3977",11423,196,"expletive_test",0,8,"test","neg","pej","AO","C","EPN8","English","L1"
"3978",11425,196,"expletive_test",99,8,"test","pos","pej","AO","C","EPP8","English","L1"
"3979",11426,196,"expletive_test",99,5,"test","pos","adj","AO","C","EAP5","English","L1"
"3980",11428,196,"expletive_test",99,6,"test","pos","adj","NEU","C","EAP6","English","L1"
"3981",11429,196,"expletive_test",99,2,"test","pos","pej","AO","C","EPP2","English","L1"
"3982",11431,196,"expletive_test",0,6,"test","neg","adj","NEU","C","EAN6","English","L1"
"3983",11434,196,"expletive_test",99,1,"test","pos","pej","TO","C","EPP1","English","L1"
"3984",11435,196,"expletive_test",99,2,"test","pos","adj","AO","C","EAP2","English","L1"
"3985",11437,196,"expletive_test",0,6,"test","neg","pej","NEU","C","EPN6","English","L1"
"3986",11439,196,"expletive_test",99,9,"test","pos","adj","NEU","C","EAP9","English","L1"
"3987",11445,196,"expletive_test",2,4,"test","neg","adj","TO","C","EAN4","English","L1"
"3988",11446,196,"expletive_test",99,3,"test","pos","adj","NEU","C","EAP3","English","L1"
"3989",11447,196,"expletive_test",0,4,"test","neg","pej","TO","C","EPN4","English","L1"
"3990",11448,196,"expletive_test",99,5,"test","pos","pej","AO","C","EPP5","English","L1"
"3991",11449,196,"expletive_test",99,3,"test","pos","pej","NEU","C","EPP3","English","L1"
"3992",11452,196,"expletive_test",0,1,"test","neg","pej","TO","C","EPN1","English","L1"
"3993",11453,196,"expletive_test",0,9,"test","neg","pej","NEU","C","EPN9","English","L1"
"3994",11454,196,"expletive_test",99,9,"test","pos","pej","NEU","C","EPP9","English","L1"
"3995",11457,196,"expletive_test",0,7,"test","neg","pej","TO","C","EPN7","English","L1"
"3996",11459,196,"expletive_test",99,6,"test","pos","pej","NEU","C","EPP6","English","L1"
"3997",11523,192,"expletive_test",97,2,"test","neg","adj","AO","A","EAN2","English","L1"
"3998",11524,192,"expletive_test",92,9,"test","pos","pej","NEU","A","EPP9","English","L1"
"3999",11525,192,"expletive_test",83,3,"test","pos","adj","NEU","A","EAP3","English","L1"
"4000",11527,192,"expletive_test",99,5,"test","neg","pej","AO","A","EPN5","English","L1"
"4001",11529,192,"expletive_test",99,4,"test","neg","adj","TO","A","EAN4","English","L1"
"4002",11530,192,"expletive_test",72,3,"test","pos","pej","NEU","A","EPP3","English","L1"
"4003",11531,192,"expletive_test",95,8,"test","pos","pej","AO","A","EPP8","English","L1"
"4004",11532,192,"expletive_test",96,7,"test","pos","adj","TO","A","EAP7","English","L1"
"4005",11533,192,"expletive_test",16,3,"test","neg","pej","NEU","A","EPN3","English","L1"
"4006",11535,192,"expletive_test",71,7,"test","neg","adj","TO","A","EAN7","English","L1"
"4007",11536,192,"expletive_test",6,6,"test","neg","pej","NEU","A","EPN6","English","L1"
"4008",11537,192,"expletive_test",99,5,"test","pos","adj","AO","A","EAP5","English","L1"
"4009",11540,192,"expletive_test",99,5,"test","neg","adj","AO","A","EAN5","English","L1"
"4010",11541,192,"expletive_test",99,1,"test","neg","pej","TO","A","EPN1","English","L1"
"4011",11542,192,"expletive_test",95,7,"test","neg","pej","TO","A","EPN7","English","L1"
"4012",11544,192,"expletive_test",2,6,"test","neg","adj","NEU","A","EAN6","English","L1"
"4013",11546,192,"expletive_test",77,6,"test","pos","pej","NEU","A","EPP6","English","L1"
"4014",11547,192,"expletive_test",96,1,"test","pos","pej","TO","A","EPP1","English","L1"
"4015",11548,192,"expletive_test",99,8,"test","neg","pej","AO","A","EPN8","English","L1"
"4016",11549,192,"expletive_test",94,2,"test","pos","pej","AO","A","EPP2","English","L1"
"4017",11550,192,"expletive_test",95,4,"test","neg","pej","TO","A","EPN4","English","L1"
"4018",11551,192,"expletive_test",42,8,"test","pos","adj","AO","A","EAP8","English","L1"
"4019",11552,192,"expletive_test",98,2,"test","pos","adj","AO","A","EAP2","English","L1"
"4020",11558,192,"expletive_test",13,9,"test","neg","pej","NEU","A","EPN9","English","L1"
"4021",11559,192,"expletive_test",2,9,"test","neg","adj","NEU","A","EAN9","English","L1"
"4022",11563,192,"expletive_test",99,4,"test","pos","pej","TO","A","EPP4","English","L1"
"4023",11566,192,"expletive_test",99,7,"test","pos","pej","TO","A","EPP7","English","L1"
"4024",11568,192,"expletive_test",87,6,"test","pos","adj","NEU","A","EAP6","English","L1"
"4025",11569,192,"expletive_test",95,2,"test","neg","pej","AO","A","EPN2","English","L1"
"4026",11570,192,"expletive_test",92,1,"test","pos","adj","TO","A","EAP1","English","L1"
"4027",11572,192,"expletive_test",91,8,"test","neg","adj","AO","A","EAN8","English","L1"
"4028",11573,192,"expletive_test",82,9,"test","pos","adj","NEU","A","EAP9","English","L1"
"4029",11575,192,"expletive_test",4,3,"test","neg","adj","NEU","A","EAN3","English","L1"
"4030",11577,192,"expletive_test",87,1,"test","neg","adj","TO","A","EAN1","English","L1"
"4031",11578,192,"expletive_test",95,5,"test","pos","pej","AO","A","EPP5","English","L1"
"4032",11580,192,"expletive_test",95,4,"test","pos","adj","TO","A","EAP4","English","L1"
"4033",11582,207,"expletive_test",26,8,"test","pos","adj","AO","B","EAP8","English","L1"
"4034",11583,207,"expletive_test",20,6,"test","neg","adj","NEU","B","EAN6","English","L1"
"4035",11587,207,"expletive_test",99,7,"test","pos","pej","TO","B","EPP7","English","L1"
"4036",11588,207,"expletive_test",83,5,"test","neg","pej","AO","B","EPN5","English","L1"
"4037",11591,207,"expletive_test",99,1,"test","neg","adj","TO","B","EAN1","English","L1"
"4038",11592,207,"expletive_test",20,7,"test","neg","adj","TO","B","EAN7","English","L1"
"4039",11594,207,"expletive_test",99,4,"test","neg","adj","TO","B","EAN4","English","L1"
"4040",11595,207,"expletive_test",22,9,"test","neg","pej","NEU","B","EPN9","English","L1"
"4041",11596,207,"expletive_test",81,6,"test","pos","pej","NEU","B","EPP6","English","L1"
"4042",11598,207,"expletive_test",99,7,"test","pos","adj","TO","B","EAP7","English","L1"
"4043",11599,207,"expletive_test",99,1,"test","pos","adj","TO","B","EAP1","English","L1"
"4044",11600,207,"expletive_test",99,8,"test","neg","pej","AO","B","EPN8","English","L1"
"4045",11601,207,"expletive_test",99,7,"test","neg","pej","TO","B","EPN7","English","L1"
"4046",11604,207,"expletive_test",99,4,"test","neg","pej","TO","B","EPN4","English","L1"
"4047",11605,207,"expletive_test",86,5,"test","neg","adj","AO","B","EAN5","English","L1"
"4048",11606,207,"expletive_test",0,3,"test","neg","pej","NEU","B","EPN3","English","L1"
"4049",11607,207,"expletive_test",99,5,"test","pos","pej","AO","B","EPP5","English","L1"
"4050",11611,207,"expletive_test",0,3,"test","neg","adj","NEU","B","EAN3","English","L1"
"4051",11612,207,"expletive_test",99,2,"test","neg","pej","AO","B","EPN2","English","L1"
"4052",11613,207,"expletive_test",0,6,"test","neg","pej","NEU","B","EPN6","English","L1"
"4053",11616,207,"expletive_test",99,5,"test","pos","adj","AO","B","EAP5","English","L1"
"4054",11617,207,"expletive_test",74,4,"test","pos","adj","TO","B","EAP4","English","L1"
"4055",11619,207,"expletive_test",99,2,"test","pos","adj","AO","B","EAP2","English","L1"
"4056",11623,207,"expletive_test",99,1,"test","pos","pej","TO","B","EPP1","English","L1"
"4057",11624,207,"expletive_test",19,6,"test","pos","adj","NEU","B","EAP6","English","L1"
"4058",11627,207,"expletive_test",0,9,"test","neg","adj","NEU","B","EAN9","English","L1"
"4059",11628,207,"expletive_test",76,2,"test","neg","adj","AO","B","EAN2","English","L1"
"4060",11629,207,"expletive_test",99,8,"test","neg","adj","AO","B","EAN8","English","L1"
"4061",11630,207,"expletive_test",34,3,"test","pos","adj","NEU","B","EAP3","English","L1"
"4062",11631,207,"expletive_test",34,3,"test","pos","pej","NEU","B","EPP3","English","L1"
"4063",11633,207,"expletive_test",99,8,"test","pos","pej","AO","B","EPP8","English","L1"
"4064",11634,207,"expletive_test",67,9,"test","pos","pej","NEU","B","EPP9","English","L1"
"4065",11635,207,"expletive_test",83,2,"test","pos","pej","AO","B","EPP2","English","L1"
"4066",11637,207,"expletive_test",86,4,"test","pos","pej","TO","B","EPP4","English","L1"
"4067",11638,207,"expletive_test",99,1,"test","neg","pej","TO","B","EPN1","English","L1"
"4068",11639,207,"expletive_test",83,9,"test","pos","adj","NEU","B","EAP9","English","L1"
"4069",11641,7,"expletive_test",0,3,"test","neg","pej","NEU","A","EPN3","English","L1"
"4070",11644,7,"expletive_test",6,2,"test","neg","adj","AO","A","EAN2","English","L1"
"4071",11645,7,"expletive_test",99,9,"test","pos","pej","NEU","A","EPP9","English","L1"
"4072",11646,7,"expletive_test",99,4,"test","pos","adj","TO","A","EAP4","English","L1"
"4073",11650,7,"expletive_test",42,3,"test","neg","adj","NEU","A","EAN3","English","L1"
"4074",11651,7,"expletive_test",76,1,"test","neg","pej","TO","A","EPN1","English","L1"
"4075",11653,7,"expletive_test",99,4,"test","pos","pej","TO","A","EPP4","English","L1"
"4076",11655,7,"expletive_test",99,8,"test","pos","pej","AO","A","EPP8","English","L1"
"4077",11656,7,"expletive_test",99,2,"test","pos","pej","AO","A","EPP2","English","L1"
"4078",11658,7,"expletive_test",42,6,"test","neg","adj","NEU","A","EAN6","English","L1"
"4079",11659,7,"expletive_test",53,5,"test","neg","pej","AO","A","EPN5","English","L1"
"4080",11661,7,"expletive_test",25,6,"test","neg","pej","NEU","A","EPN6","English","L1"
"4081",11666,7,"expletive_test",99,5,"test","pos","pej","AO","A","EPP5","English","L1"
"4082",11667,7,"expletive_test",87,6,"test","pos","adj","NEU","A","EAP6","English","L1"
"4083",11668,7,"expletive_test",83,4,"test","neg","adj","TO","A","EAN4","English","L1"
"4084",11670,7,"expletive_test",88,2,"test","neg","pej","AO","A","EPN2","English","L1"
"4085",11673,7,"expletive_test",99,6,"test","pos","pej","NEU","A","EPP6","English","L1"
"4086",11674,7,"expletive_test",65,8,"test","pos","adj","AO","A","EAP8","English","L1"
"4087",11676,7,"expletive_test",69,3,"test","pos","adj","NEU","A","EAP3","English","L1"
"4088",11677,7,"expletive_test",86,7,"test","neg","adj","TO","A","EAN7","English","L1"
"4089",11678,7,"expletive_test",66,7,"test","pos","adj","TO","A","EAP7","English","L1"
"4090",11679,7,"expletive_test",42,5,"test","neg","adj","AO","A","EAN5","English","L1"
"4091",11681,7,"expletive_test",65,8,"test","neg","pej","AO","A","EPN8","English","L1"
"4092",11682,7,"expletive_test",93,1,"test","pos","pej","TO","A","EPP1","English","L1"
"4093",11683,7,"expletive_test",84,3,"test","pos","pej","NEU","A","EPP3","English","L1"
"4094",11685,7,"expletive_test",79,4,"test","neg","pej","TO","A","EPN4","English","L1"
"4095",11686,7,"expletive_test",35,9,"test","neg","pej","NEU","A","EPN9","English","L1"
"4096",11688,7,"expletive_test",88,2,"test","pos","adj","AO","A","EAP2","English","L1"
"4097",11689,7,"expletive_test",85,8,"test","neg","adj","AO","A","EAN8","English","L1"
"4098",11690,7,"expletive_test",41,9,"test","neg","adj","NEU","A","EAN9","English","L1"
"4099",11693,7,"expletive_test",41,9,"test","pos","adj","NEU","A","EAP9","English","L1"
"4100",11694,7,"expletive_test",54,5,"test","pos","adj","AO","A","EAP5","English","L1"
"4101",11696,7,"expletive_test",85,1,"test","neg","adj","TO","A","EAN1","English","L1"
"4102",11698,7,"expletive_test",99,7,"test","pos","pej","TO","A","EPP7","English","L1"
"4103",11699,7,"expletive_test",94,7,"test","neg","pej","TO","A","EPN7","English","L1"
"4104",11700,7,"expletive_test",99,1,"test","pos","adj","TO","A","EAP1","English","L1"
"4105",11701,25,"expletive_test",99,2,"test","pos","pej","TO","B","EPP2","English","L1"
"4106",11705,25,"expletive_test",99,6,"test","pos","pej","AO","B","EPP6","English","L1"
"4107",11706,25,"expletive_test",8,6,"test","neg","pej","AO","B","EPN6","English","L1"
"4108",11708,25,"expletive_test",84,7,"test","pos","adj","NEU","B","EAP7","English","L1"
"4109",11710,25,"expletive_test",96,7,"test","pos","pej","NEU","B","EPP7","English","L1"
"4110",11711,25,"expletive_test",97,2,"test","pos","adj","TO","B","EAP2","English","L1"
"4111",11713,25,"expletive_test",99,3,"test","pos","pej","AO","B","EPP3","English","L1"
"4112",11715,25,"expletive_test",20,1,"test","neg","adj","NEU","B","EAN1","English","L1"
"4113",11716,25,"expletive_test",34,3,"test","neg","pej","AO","B","EPN3","English","L1"
"4114",11720,25,"expletive_test",20,7,"test","neg","adj","NEU","B","EAN7","English","L1"
"4115",11721,25,"expletive_test",89,8,"test","neg","pej","TO","B","EPN8","English","L1"
"4116",11722,25,"expletive_test",99,5,"test","pos","pej","TO","B","EPP5","English","L1"
"4117",11724,25,"expletive_test",17,4,"test","neg","adj","NEU","B","EAN4","English","L1"
"4118",11725,25,"expletive_test",99,2,"test","neg","adj","TO","B","EAN2","English","L1"
"4119",11727,25,"expletive_test",99,5,"test","neg","pej","TO","B","EPN5","English","L1"
"4120",11729,25,"expletive_test",29,7,"test","neg","pej","NEU","B","EPN7","English","L1"
"4121",11732,25,"expletive_test",74,5,"test","neg","adj","TO","B","EAN5","English","L1"
"4122",11733,25,"expletive_test",99,2,"test","neg","pej","TO","B","EPN2","English","L1"
"4123",11735,25,"expletive_test",99,4,"test","pos","pej","NEU","B","EPP4","English","L1"
"4124",11736,25,"expletive_test",99,9,"test","pos","pej","AO","B","EPP9","English","L1"
"4125",11737,25,"expletive_test",68,9,"test","pos","adj","AO","B","EAP9","English","L1"
"4126",11740,25,"expletive_test",99,6,"test","pos","adj","AO","B","EAP6","English","L1"
"4127",11741,25,"expletive_test",78,1,"test","pos","pej","NEU","B","EPP1","English","L1"
"4128",11744,25,"expletive_test",74,3,"test","neg","adj","AO","B","EAN3","English","L1"
"4129",11746,25,"expletive_test",99,8,"test","pos","pej","TO","B","EPP8","English","L1"
"4130",11747,25,"expletive_test",59,9,"test","neg","adj","AO","B","EAN9","English","L1"
"4131",11748,25,"expletive_test",48,8,"test","pos","adj","TO","B","EAP8","English","L1"
"4132",11749,25,"expletive_test",99,8,"test","neg","adj","TO","B","EAN8","English","L1"
"4133",11750,25,"expletive_test",73,5,"test","pos","adj","TO","B","EAP5","English","L1"
"4134",11752,25,"expletive_test",65,6,"test","neg","adj","AO","B","EAN6","English","L1"
"4135",11753,25,"expletive_test",66,4,"test","pos","adj","NEU","B","EAP4","English","L1"
"4136",11756,25,"expletive_test",22,4,"test","neg","pej","NEU","B","EPN4","English","L1"
"4137",11757,25,"expletive_test",74,9,"test","neg","pej","AO","B","EPN9","English","L1"
"4138",11758,25,"expletive_test",29,1,"test","neg","pej","NEU","B","EPN1","English","L1"
"4139",11759,25,"expletive_test",87,3,"test","pos","adj","AO","B","EAP3","English","L1"
"4140",11760,25,"expletive_test",92,1,"test","pos","adj","NEU","B","EAP1","English","L1"
"4141",11762,62,"expletive_test",70,1,"test","neg","pej","AO","C","EPN1","English","L1"
"4142",11765,62,"expletive_test",63,9,"test","pos","adj","TO","C","EAP9","English","L1"
"4143",11766,62,"expletive_test",65,7,"test","neg","adj","AO","C","EAN7","English","L1"
"4144",11771,62,"expletive_test",72,6,"test","pos","pej","TO","C","EPP6","English","L1"
"4145",11772,62,"expletive_test",31,2,"test","neg","adj","NEU","C","EAN2","English","L1"
"4146",11773,62,"expletive_test",74,3,"test","pos","adj","TO","C","EAP3","English","L1"
"4147",11775,62,"expletive_test",80,7,"test","neg","pej","AO","C","EPN7","English","L1"
"4148",11776,62,"expletive_test",71,9,"test","neg","adj","TO","C","EAN9","English","L1"
"4149",11778,62,"expletive_test",31,8,"test","neg","pej","NEU","C","EPN8","English","L1"
"4150",11779,62,"expletive_test",72,1,"test","neg","adj","AO","C","EAN1","English","L1"
"4151",11780,62,"expletive_test",70,8,"test","pos","pej","NEU","C","EPP8","English","L1"
"4152",11781,62,"expletive_test",73,3,"test","neg","adj","TO","C","EAN3","English","L1"
"4153",11783,62,"expletive_test",73,4,"test","neg","pej","AO","C","EPN4","English","L1"
"4154",11785,62,"expletive_test",91,1,"test","pos","pej","AO","C","EPP1","English","L1"
"4155",11787,62,"expletive_test",66,7,"test","pos","adj","AO","C","EAP7","English","L1"
"4156",11790,62,"expletive_test",67,3,"test","neg","pej","TO","C","EPN3","English","L1"
"4157",11791,62,"expletive_test",66,6,"test","neg","pej","TO","C","EPN6","English","L1"
"4158",11792,62,"expletive_test",80,3,"test","pos","pej","AO","C","EPP4","English","L1"
"4159",11793,62,"expletive_test",83,2,"test","pos","adj","NEU","C","EAP2","English","L1"
"4160",11794,62,"expletive_test",61,8,"test","pos","adj","NEU","C","EAP8","English","L1"
"4161",11796,62,"expletive_test",74,9,"test","pos","pej","TO","C","EPP9","English","L1"
"4162",11798,62,"expletive_test",69,9,"test","neg","pej","TO","C","EPN9","English","L1"
"4163",11801,62,"expletive_test",38,2,"test","neg","pej","NEU","C","EPN2","English","L1"
"4164",11802,62,"expletive_test",73,5,"test","pos","pej","NEU","C","EPP5","English","L1"
"4165",11803,62,"expletive_test",36,8,"test","neg","adj","NEU","C","EAN8","English","L1"
"4166",11805,62,"expletive_test",74,3,"test","pos","pej","TO","C","EPP3","English","L1"
"4167",11806,62,"expletive_test",72,3,"test","neg","adj","AO","C","EAN4","English","L1"
"4168",11808,62,"expletive_test",69,6,"test","pos","adj","TO","C","EAP6","English","L1"
"4169",11810,62,"expletive_test",78,7,"test","pos","pej","AO","C","EPP7","English","L1"
"4170",11811,62,"expletive_test",66,6,"test","neg","adj","TO","C","EAN6","English","L1"
"4171",11813,62,"expletive_test",86,1,"test","pos","adj","AO","C","EAP1","English","L1"
"4172",11815,62,"expletive_test",32,5,"test","neg","pej","NEU","C","EPN5","English","L1"
"4173",11816,62,"expletive_test",74,5,"test","pos","adj","NEU","C","EAP5","English","L1"
"4174",11817,62,"expletive_test",69,3,"test","pos","adj","AO","C","EAP4","English","L1"
"4175",11818,62,"expletive_test",37,5,"test","neg","adj","NEU","C","EAN5","English","L1"
"4176",11819,62,"expletive_test",72,2,"test","pos","pej","NEU","C","EPP2","English","L1"
"4177",11822,172,"expletive_test",99,8,"test","pos","pej","TO","B","EPP8","English","L1"
"4178",11824,172,"expletive_test",99,5,"test","neg","adj","TO","B","EAN5","English","L1"
"4179",11825,172,"expletive_test",99,7,"test","neg","adj","NEU","B","EAN7","English","L1"
"4180",11829,172,"expletive_test",99,6,"test","pos","pej","AO","B","EPP6","English","L1"
"4181",11832,172,"expletive_test",99,9,"test","neg","adj","AO","B","EAN9","English","L1"
"4182",11835,172,"expletive_test",90,1,"test","neg","adj","NEU","B","EAN1","English","L1"
"4183",11837,172,"expletive_test",99,8,"test","pos","adj","TO","B","EAP8","English","L1"
"4184",11841,172,"expletive_test",99,4,"test","pos","pej","NEU","B","EPP4","English","L1"
"4185",11842,172,"expletive_test",99,4,"test","neg","adj","NEU","B","EAN4","English","L1"
"4186",11844,172,"expletive_test",99,6,"test","pos","adj","AO","B","EAP6","English","L1"
"4187",11845,172,"expletive_test",99,6,"test","neg","adj","AO","B","EAN6","English","L1"
"4188",11847,172,"expletive_test",24,7,"test","neg","pej","NEU","B","EPN7","English","L1"
"4189",11848,172,"expletive_test",99,5,"test","pos","pej","TO","B","EPP5","English","L1"
"4190",11850,172,"expletive_test",99,2,"test","pos","adj","TO","B","EAP2","English","L1"
"4191",11851,172,"expletive_test",99,7,"test","pos","pej","NEU","B","EPP7","English","L1"
"4192",11852,172,"expletive_test",13,1,"test","neg","pej","NEU","B","EPN1","English","L1"
"4193",11853,172,"expletive_test",99,9,"test","pos","pej","AO","B","EPP9","English","L1"
"4194",11854,172,"expletive_test",99,1,"test","pos","pej","NEU","B","EPP1","English","L1"
"4195",11856,172,"expletive_test",66,8,"test","neg","pej","TO","B","EPN8","English","L1"
"4196",11857,172,"expletive_test",70,2,"test","neg","adj","TO","B","EAN2","English","L1"
"4197",11858,172,"expletive_test",69,7,"test","pos","adj","NEU","B","EAP7","English","L1"
"4198",11860,172,"expletive_test",65,2,"test","neg","pej","TO","B","EPN2","English","L1"
"4199",11861,172,"expletive_test",99,1,"test","pos","adj","NEU","B","EAP1","English","L1"
"4200",11862,172,"expletive_test",99,9,"test","pos","adj","AO","B","EAP9","English","L1"
"4201",11863,172,"expletive_test",99,3,"test","pos","adj","AO","B","EAP3","English","L1"
"4202",11864,172,"expletive_test",88,9,"test","neg","pej","AO","B","EPN9","English","L1"
"4203",11865,172,"expletive_test",99,3,"test","pos","pej","AO","B","EPP3","English","L1"
"4204",11868,172,"expletive_test",99,6,"test","neg","pej","AO","B","EPN6","English","L1"
"4205",11869,172,"expletive_test",99,2,"test","pos","pej","TO","B","EPP2","English","L1"
"4206",11870,172,"expletive_test",99,5,"test","neg","pej","TO","B","EPN5","English","L1"
"4207",11871,172,"expletive_test",99,5,"test","pos","adj","TO","B","EAP5","English","L1"
"4208",11872,172,"expletive_test",71,4,"test","pos","adj","NEU","B","EAP4","English","L1"
"4209",11874,172,"expletive_test",45,4,"test","neg","pej","NEU","B","EPN4","English","L1"
"4210",11875,172,"expletive_test",84,3,"test","neg","pej","AO","B","EPN3","English","L1"
"4211",11876,172,"expletive_test",99,8,"test","neg","adj","TO","B","EAN8","English","L1"
"4212",11880,172,"expletive_test",82,3,"test","neg","adj","AO","B","EAN3","English","L1"
"4213",11881,180,"expletive_test",91,6,"test","pos","pej","AO","C","EPP6","English","L1"
"4214",11882,180,"expletive_test",2,4,"test","neg","adj","NEU","C","EAN4","English","L1"
"4215",11884,180,"expletive_test",91,8,"test","pos","pej","TO","C","EPP8","English","L1"
"4216",11885,180,"expletive_test",0,7,"test","neg","adj","NEU","C","EAN7","English","L1"
"4217",11886,180,"expletive_test",96,5,"test","neg","pej","TO","C","EPN5","English","L1"
"4218",11890,180,"expletive_test",99,5,"test","pos","pej","TO","C","EPP5","English","L1"
"4219",11891,180,"expletive_test",4,4,"test","pos","adj","NEU","C","EAP4","English","L1"
"4220",11892,180,"expletive_test",16,3,"test","pos","adj","AO","C","EAP3","English","L1"
"4221",11893,180,"expletive_test",10,2,"test","neg","adj","TO","C","EAN2","English","L1"
"4222",11897,180,"expletive_test",2,8,"test","pos","adj","TO","C","EAP8","English","L1"
"4223",11899,180,"expletive_test",0,8,"test","neg","adj","TO","C","EAN8","English","L1"
"4224",11901,180,"expletive_test",0,6,"test","pos","adj","AO","C","EAP6","English","L1"
"4225",11902,180,"expletive_test",91,4,"test","pos","pej","NEU","C","EPP4","English","L1"
"4226",11903,180,"expletive_test",2,3,"test","neg","adj","AO","C","EAN3","English","L1"
"4227",11904,180,"expletive_test",13,5,"test","pos","adj","TO","C","EAP5","English","L1"
"4228",11905,180,"expletive_test",84,8,"test","neg","pej","TO","C","EPN8","English","L1"
"4229",11907,180,"expletive_test",0,1,"test","neg","pej","NEU","C","EPN1","English","L1"
"4230",11909,180,"expletive_test",76,7,"test","pos","adj","NEU","C","EAP7","English","L1"
"4231",11912,180,"expletive_test",27,7,"test","pos","pej","NEU","C","EPP7","English","L1"
"4232",11915,180,"expletive_test",80,2,"test","neg","pej","TO","C","EPN2","English","L1"
"4233",11918,180,"expletive_test",0,1,"test","pos","adj","NEU","C","EAP1","English","L1"
"4234",11919,180,"expletive_test",0,1,"test","neg","adj","NEU","C","EAN1","English","L1"
"4235",11921,180,"expletive_test",13,7,"test","neg","pej","NEU","C","EPN7","English","L1"
"4236",11922,180,"expletive_test",6,1,"test","pos","pej","NEU","C","EPP1","English","L1"
"4237",11924,180,"expletive_test",96,3,"test","neg","pej","AO","C","EPN3","English","L1"
"4238",11926,180,"expletive_test",7,9,"test","neg","adj","AO","C","EAN9","English","L1"
"4239",11927,180,"expletive_test",0,4,"test","neg","pej","NEU","C","EPN4","English","L1"
"4240",11928,180,"expletive_test",92,2,"test","pos","adj","TO","C","EAP2","English","L1"
"4241",11929,180,"expletive_test",98,3,"test","pos","pej","AO","C","EPP3","English","L1"
"4242",11930,180,"expletive_test",18,6,"test","neg","adj","AO","C","EAN6","English","L1"
"4243",11931,180,"expletive_test",70,9,"test","pos","pej","AO","C","EPP9","English","L1"
"4244",11934,180,"expletive_test",27,5,"test","neg","adj","TO","C","EAN5","English","L1"
"4245",11935,180,"expletive_test",95,2,"test","pos","pej","TO","C","EPP2","English","L1"
"4246",11936,180,"expletive_test",18,6,"test","neg","pej","AO","C","EPN6","English","L1"
"4247",11938,180,"expletive_test",13,9,"test","pos","adj","AO","C","EAP9","English","L1"
"4248",11939,180,"expletive_test",83,9,"test","neg","pej","AO","C","EPN9","English","L1"
"4249",11942,79,"expletive_test",12,8,"test","pos","adj","AO","A","EAP8","English","L1"
"4250",11943,79,"expletive_test",86,8,"test","neg","pej","AO","A","EPN8","English","L1"
"4251",11944,79,"expletive_test",93,1,"test","neg","pej","TO","A","EPN1","English","L1"
"4252",11946,79,"expletive_test",92,5,"test","neg","pej","AO","A","EPN5","English","L1"
"4253",11947,79,"expletive_test",20,3,"test","neg","adj","NEU","A","EAN3","English","L1"
"4254",11948,79,"expletive_test",90,2,"test","neg","pej","AO","A","EPN2","English","L1"
"4255",11951,79,"expletive_test",48,4,"test","neg","adj","TO","A","EAN4","English","L1"
"4256",11952,79,"expletive_test",49,9,"test","pos","pej","NEU","A","EPP9","English","L1"
"4257",11954,79,"expletive_test",17,9,"test","neg","pej","NEU","A","EPN9","English","L1"
"4258",11955,79,"expletive_test",67,8,"test","neg","adj","AO","A","EAN8","English","L1"
"4259",11956,79,"expletive_test",48,1,"test","neg","adj","TO","A","EAN1","English","L1"
"4260",11960,79,"expletive_test",78,4,"test","neg","pej","TO","A","EPN4","English","L1"
"4261",11964,79,"expletive_test",38,2,"test","neg","adj","AO","A","EAN2","English","L1"
"4262",11966,79,"expletive_test",48,6,"test","pos","adj","NEU","A","EAP6","English","L1"
"4263",11967,79,"expletive_test",10,9,"test","pos","adj","NEU","A","EAP9","English","L1"
"4264",11968,79,"expletive_test",71,2,"test","pos","adj","AO","A","EAP2","English","L1"
"4265",11969,79,"expletive_test",91,5,"test","pos","pej","AO","A","EPP5","English","L1"
"4266",11970,79,"expletive_test",26,3,"test","pos","adj","NEU","A","EAP3","English","L1"
"4267",11971,79,"expletive_test",53,5,"test","pos","adj","AO","A","EAP5","English","L1"
"4268",11972,79,"expletive_test",82,5,"test","neg","adj","AO","A","EAN5","English","L1"
"4269",11973,79,"expletive_test",86,7,"test","neg","pej","TO","A","EPN7","English","L1"
"4270",11977,79,"expletive_test",31,4,"test","pos","adj","TO","A","EAP4","English","L1"
"4271",11980,79,"expletive_test",99,1,"test","pos","adj","TO","A","EAP1","English","L1"
"4272",11981,79,"expletive_test",93,4,"test","pos","pej","TO","A","EPP4","English","L1"
"4273",11982,79,"expletive_test",70,3,"test","pos","pej","NEU","A","EPP3","English","L1"
"4274",11984,79,"expletive_test",73,6,"test","pos","pej","NEU","A","EPP6","English","L1"
"4275",11985,79,"expletive_test",34,7,"test","neg","adj","TO","A","EAN7","English","L1"
"4276",11986,79,"expletive_test",22,9,"test","neg","adj","NEU","A","EAN9","English","L1"
"4277",11988,79,"expletive_test",48,6,"test","neg","pej","NEU","A","EPN6","English","L1"
"4278",11989,79,"expletive_test",47,3,"test","neg","pej","NEU","A","EPN3","English","L1"
"4279",11990,79,"expletive_test",99,1,"test","pos","pej","TO","A","EPP1","English","L1"
"4280",11991,79,"expletive_test",99,7,"test","pos","pej","TO","A","EPP7","English","L1"
"4281",11993,79,"expletive_test",99,2,"test","pos","pej","AO","A","EPP2","English","L1"
"4282",11997,79,"expletive_test",80,6,"test","neg","adj","NEU","A","EAN6","English","L1"
"4283",11998,79,"expletive_test",99,8,"test","pos","pej","AO","A","EPP8","English","L1"
"4284",12000,79,"expletive_test",36,7,"test","pos","adj","TO","A","EAP7","English","L1"
"4285",12001,154,"expletive_test",92,4,"test","pos","pej","TO","A","EPP4","English","L1"
"4286",12003,154,"expletive_test",80,2,"test","pos","pej","AO","A","EPP2","English","L1"
"4287",12004,154,"expletive_test",63,6,"test","pos","pej","NEU","A","EPP6","English","L1"
"4288",12006,154,"expletive_test",68,3,"test","pos","adj","NEU","A","EAP3","English","L1"
"4289",12007,154,"expletive_test",26,8,"test","neg","pej","AO","A","EPN8","English","L1"
"4290",12008,154,"expletive_test",15,9,"test","neg","pej","NEU","A","EPN9","English","L1"
"4291",12009,154,"expletive_test",40,5,"test","neg","adj","AO","A","EAN5","English","L1"
"4292",12010,154,"expletive_test",60,4,"test","pos","adj","TO","A","EAP4","English","L1"
"4293",12011,154,"expletive_test",13,2,"test","neg","adj","AO","A","EAN2","English","L1"
"4294",12012,154,"expletive_test",40,7,"test","neg","pej","TO","A","EPN7","English","L1"
"4295",12015,154,"expletive_test",83,8,"test","pos","pej","AO","A","EPP8","English","L1"
"4296",12018,154,"expletive_test",83,8,"test","pos","adj","AO","A","EAP8","English","L1"
"4297",12019,154,"expletive_test",89,1,"test","pos","pej","TO","A","EPP1","English","L1"
"4298",12021,154,"expletive_test",90,3,"test","pos","pej","NEU","A","EPP3","English","L1"
"4299",12022,154,"expletive_test",87,1,"test","pos","adj","TO","A","EAP1","English","L1"
"4300",12024,154,"expletive_test",60,9,"test","pos","adj","NEU","A","EAP9","English","L1"
"4301",12027,154,"expletive_test",89,9,"test","pos","pej","NEU","A","EPP9","English","L1"
"4302",12030,154,"expletive_test",7,3,"test","neg","pej","NEU","A","EPN3","English","L1"
"4303",12032,154,"expletive_test",85,5,"test","pos","adj","AO","A","EAP5","English","L1"
"4304",12034,154,"expletive_test",22,1,"test","neg","pej","TO","A","EPN1","English","L1"
"4305",12036,154,"expletive_test",64,8,"test","neg","adj","AO","A","EAN8","English","L1"
"4306",12038,154,"expletive_test",73,9,"test","neg","adj","NEU","A","EAN9","English","L1"
"4307",12040,154,"expletive_test",83,6,"test","neg","adj","NEU","A","EAN6","English","L1"
"4308",12041,154,"expletive_test",99,2,"test","pos","adj","AO","A","EAP2","English","L1"
"4309",12042,154,"expletive_test",74,3,"test","neg","adj","NEU","A","EAN3","English","L1"
"4310",12043,154,"expletive_test",0,5,"test","neg","pej","AO","A","EPN5","English","L1"
"4311",12044,154,"expletive_test",0,6,"test","neg","pej","NEU","A","EPN6","English","L1"
"4312",12049,154,"expletive_test",0,2,"test","neg","pej","AO","A","EPN2","English","L1"
"4313",12050,154,"expletive_test",98,7,"test","pos","adj","TO","A","EAP7","English","L1"
"4314",12052,154,"expletive_test",99,5,"test","pos","pej","AO","A","EPP5","English","L1"
"4315",12053,154,"expletive_test",15,1,"test","neg","adj","TO","A","EAN1","English","L1"
"4316",12054,154,"expletive_test",83,7,"test","neg","adj","TO","A","EAN7","English","L1"
"4317",12055,154,"expletive_test",99,7,"test","pos","pej","TO","A","EPP7","English","L1"
"4318",12056,154,"expletive_test",90,4,"test","neg","adj","TO","A","EAN4","English","L1"
"4319",12057,154,"expletive_test",0,4,"test","neg","pej","TO","A","EPN4","English","L1"
"4320",12058,154,"expletive_test",99,6,"test","pos","adj","NEU","A","EAP6","English","L1"
"4321",12061,35,"expletive_test",14,7,"test","neg","adj","NEU","B","EAN7","English","L1"
"4322",12065,35,"expletive_test",63,8,"test","neg","pej","TO","B","EPN8","English","L1"
"4323",12066,35,"expletive_test",90,6,"test","pos","adj","AO","B","EAP6","English","L1"
"4324",12067,35,"expletive_test",65,8,"test","neg","adj","TO","B","EAN8","English","L1"
"4325",12072,35,"expletive_test",90,1,"test","pos","adj","NEU","B","EAP1","English","L1"
"4326",12073,35,"expletive_test",65,3,"test","neg","pej","AO","B","EPN3","English","L1"
"4327",12074,35,"expletive_test",98,3,"test","pos","adj","AO","B","EAP3","English","L1"
"4328",12075,35,"expletive_test",34,5,"test","neg","adj","TO","B","EAN5","English","L1"
"4329",12077,35,"expletive_test",73,9,"test","neg","pej","AO","B","EPN9","English","L1"
"4330",12079,35,"expletive_test",99,7,"test","pos","pej","NEU","B","EPP7","English","L1"
"4331",12080,35,"expletive_test",99,2,"test","pos","pej","TO","B","EPP2","English","L1"
"4332",12081,35,"expletive_test",56,2,"test","pos","adj","TO","B","EAP2","English","L1"
"4333",12082,35,"expletive_test",65,4,"test","neg","adj","NEU","B","EAN4","English","L1"
"4334",12083,35,"expletive_test",71,1,"test","neg","adj","NEU","B","EAN1","English","L1"
"4335",12085,35,"expletive_test",98,9,"test","pos","pej","AO","B","EPP9","English","L1"
"4336",12087,35,"expletive_test",99,6,"test","pos","pej","AO","B","EPP6","English","L1"
"4337",12088,35,"expletive_test",65,8,"test","pos","adj","TO","B","EAP8","English","L1"
"4338",12089,35,"expletive_test",72,5,"test","neg","pej","TO","B","EPN5","English","L1"
"4339",12091,35,"expletive_test",74,6,"test","neg","adj","AO","B","EAN6","English","L1"
"4340",12094,35,"expletive_test",40,9,"test","pos","adj","AO","B","EAP9","English","L1"
"4341",12096,35,"expletive_test",97,4,"test","pos","pej","NEU","B","EPP4","English","L1"
"4342",12098,35,"expletive_test",99,8,"test","pos","pej","TO","B","EPP8","English","L1"
"4343",12099,35,"expletive_test",80,5,"test","pos","adj","TO","B","EAP5","English","L1"
"4344",12101,35,"expletive_test",76,6,"test","neg","pej","AO","B","EPN6","English","L1"
"4345",12102,35,"expletive_test",99,3,"test","pos","pej","AO","B","EPP3","English","L1"
"4346",12103,35,"expletive_test",75,2,"test","neg","pej","TO","B","EPN2","English","L1"
"4347",12104,35,"expletive_test",79,4,"test","neg","pej","NEU","B","EPN4","English","L1"
"4348",12105,35,"expletive_test",99,5,"test","pos","pej","TO","B","EPP5","English","L1"
"4349",12107,35,"expletive_test",78,3,"test","neg","adj","AO","B","EAN3","English","L1"
"4350",12108,35,"expletive_test",73,7,"test","pos","adj","NEU","B","EAP7","English","L1"
"4351",12110,35,"expletive_test",72,4,"test","pos","adj","NEU","B","EAP4","English","L1"
"4352",12111,35,"expletive_test",75,1,"test","neg","pej","NEU","B","EPN1","English","L1"
"4353",12112,35,"expletive_test",80,7,"test","neg","pej","NEU","B","EPN7","English","L1"
"4354",12113,35,"expletive_test",99,1,"test","pos","pej","NEU","B","EPP1","English","L1"
"4355",12114,35,"expletive_test",27,2,"test","neg","adj","TO","B","EAN2","English","L1"
"4356",12118,35,"expletive_test",71,9,"test","neg","adj","AO","B","EAN9","English","L1"
"4357",12122,212,"expletive_test",13,9,"test","pos","adj","NEU","A","EAP9","English","L1"
"4358",12123,212,"expletive_test",80,1,"test","pos","pej","TO","A","EPP1","English","L1"
"4359",12127,212,"expletive_test",72,2,"test","pos","adj","AO","A","EAP2","English","L1"
"4360",12128,212,"expletive_test",78,5,"test","pos","pej","AO","A","EPP5","English","L1"
"4361",12130,212,"expletive_test",18,9,"test","neg","pej","NEU","A","EPN9","English","L1"
"4362",12132,212,"expletive_test",65,6,"test","pos","pej","NEU","A","EPP6","English","L1"
"4363",12135,212,"expletive_test",17,5,"test","neg","pej","AO","A","EPN5","English","L1"
"4364",12137,212,"expletive_test",50,4,"test","neg","pej","TO","A","EPN4","English","L1"
"4365",12138,212,"expletive_test",61,5,"test","pos","adj","AO","A","EAP5","English","L1"
"4366",12141,212,"expletive_test",20,2,"test","neg","pej","AO","A","EPN2","English","L1"
"4367",12142,212,"expletive_test",58,4,"test","pos","adj","TO","A","EAP4","English","L1"
"4368",12143,212,"expletive_test",12,3,"test","neg","adj","NEU","A","EAN3","English","L1"
"4369",12147,212,"expletive_test",6,6,"test","neg","adj","NEU","A","EAN6","English","L1"
"4370",12148,212,"expletive_test",60,8,"test","pos","adj","AO","A","EAP8","English","L1"
"4371",12149,212,"expletive_test",80,3,"test","pos","pej","NEU","A","EPP3","English","L1"
"4372",12151,212,"expletive_test",12,9,"test","neg","adj","NEU","A","EAN9","English","L1"
"4373",12152,212,"expletive_test",85,1,"test","pos","adj","TO","A","EAP1","English","L1"
"4374",12153,212,"expletive_test",60,7,"test","pos","adj","TO","A","EAP7","English","L1"
"4375",12154,212,"expletive_test",68,9,"test","pos","pej","NEU","A","EPP9","English","L1"
"4376",12155,212,"expletive_test",64,4,"test","pos","pej","TO","A","EPP4","English","L1"
"4377",12156,212,"expletive_test",27,4,"test","neg","adj","TO","A","EAN4","English","L1"
"4378",12158,212,"expletive_test",18,8,"test","neg","pej","AO","A","EPN8","English","L1"
"4379",12159,212,"expletive_test",13,2,"test","neg","adj","AO","A","EAN2","English","L1"
"4380",12160,212,"expletive_test",13,5,"test","neg","adj","AO","A","EAN5","English","L1"
"4381",12162,212,"expletive_test",56,6,"test","pos","adj","NEU","A","EAP6","English","L1"
"4382",12163,212,"expletive_test",72,2,"test","pos","pej","AO","A","EPP2","English","L1"
"4383",12164,212,"expletive_test",73,8,"test","pos","pej","AO","A","EPP8","English","L1"
"4384",12168,212,"expletive_test",23,1,"test","neg","adj","TO","A","EAN1","English","L1"
"4385",12169,212,"expletive_test",79,7,"test","pos","pej","TO","A","EPP7","English","L1"
"4386",12170,212,"expletive_test",39,7,"test","neg","adj","TO","A","EAN7","English","L1"
"4387",12174,212,"expletive_test",17,3,"test","neg","pej","NEU","A","EPN3","English","L1"
"4388",12175,212,"expletive_test",37,7,"test","neg","pej","TO","A","EPN7","English","L1"
"4389",12176,212,"expletive_test",41,8,"test","neg","adj","AO","A","EAN8","English","L1"
"4390",12178,212,"expletive_test",39,6,"test","neg","pej","NEU","A","EPN6","English","L1"
"4391",12179,212,"expletive_test",35,1,"test","neg","pej","TO","A","EPN1","English","L1"
"4392",12180,212,"expletive_test",58,3,"test","pos","adj","NEU","A","EAP3","English","L1"
"4393",12181,61,"expletive_test",99,2,"test","pos","pej","AO","C","EPP2","English","L1"
"4394",12185,61,"expletive_test",18,8,"test","pos","adj","AO","C","EAP8","English","L1"
"4395",12187,61,"expletive_test",99,2,"test","pos","adj","AO","C","EAP2","English","L1"
"4396",12190,61,"expletive_test",29,5,"test","neg","pej","AO","C","EPN5","English","L1"
"4397",12191,61,"expletive_test",95,8,"test","pos","pej","AO","C","EPP8","English","L1"
"4398",12193,61,"expletive_test",99,3,"test","pos","pej","NEU","C","EPP3","English","L1"
"4399",12194,61,"expletive_test",79,2,"test","neg","adj","AO","C","EAN2","English","L1"
"4400",12195,61,"expletive_test",32,3,"test","neg","pej","NEU","C","EPN3","English","L1"
"4401",12196,61,"expletive_test",16,2,"test","neg","pej","AO","C","EPN2","English","L1"
"4402",12197,61,"expletive_test",90,3,"test","pos","adj","NEU","C","EAP3","English","L1"
"4403",12198,61,"expletive_test",34,4,"test","neg","adj","TO","C","EAN4","English","L1"
"4404",12201,61,"expletive_test",70,7,"test","pos","pej","TO","C","EPP7","English","L1"
"4405",12202,61,"expletive_test",4,3,"test","neg","adj","NEU","C","EAN3","English","L1"
"4406",12204,61,"expletive_test",68,1,"test","pos","pej","TO","C","EPP1","English","L1"
"4407",12207,61,"expletive_test",88,7,"test","neg","adj","TO","C","EAN7","English","L1"
"4408",12208,61,"expletive_test",85,4,"test","pos","pej","TO","C","EPP4","English","L1"
"4409",12210,61,"expletive_test",99,5,"test","pos","adj","AO","C","EAP5","English","L1"
"4410",12211,61,"expletive_test",22,6,"test","pos","pej","NEU","C","EPP6","English","L1"
"4411",12212,61,"expletive_test",99,7,"test","pos","adj","TO","C","EAP7","English","L1"
"4412",12214,61,"expletive_test",98,9,"test","pos","adj","NEU","C","EAP9","English","L1"
"4413",12217,61,"expletive_test",87,9,"test","pos","pej","NEU","C","EPP9","English","L1"
"4414",12219,61,"expletive_test",99,4,"test","pos","adj","TO","C","EAP4","English","L1"
"4415",12220,61,"expletive_test",18,4,"test","neg","pej","TO","C","EPN4","English","L1"
"4416",12221,61,"expletive_test",57,9,"test","neg","adj","NEU","C","EAN9","English","L1"
"4417",12222,61,"expletive_test",93,1,"test","pos","adj","TO","C","EAP1","English","L1"
"4418",12223,61,"expletive_test",88,8,"test","neg","pej","AO","C","EPN8","English","L1"
"4419",12224,61,"expletive_test",37,9,"test","neg","pej","NEU","C","EPN9","English","L1"
"4420",12227,61,"expletive_test",90,5,"test","pos","pej","AO","C","EPP5","English","L1"
"4421",12229,61,"expletive_test",85,6,"test","neg","adj","NEU","C","EAN6","English","L1"
"4422",12230,61,"expletive_test",36,1,"test","neg","adj","TO","C","EAN1","English","L1"
"4423",12231,61,"expletive_test",89,7,"test","neg","pej","TO","C","EPN7","English","L1"
"4424",12233,61,"expletive_test",93,6,"test","pos","adj","NEU","C","EAP6","English","L1"
"4425",12234,61,"expletive_test",34,8,"test","neg","adj","AO","C","EAN8","English","L1"
"4426",12235,61,"expletive_test",29,1,"test","neg","pej","TO","C","EPN1","English","L1"
"4427",12237,61,"expletive_test",32,5,"test","neg","adj","AO","C","EAN5","English","L1"
"4428",12239,61,"expletive_test",99,6,"test","neg","pej","NEU","C","EPN6","English","L1"
"4429",12242,107,"expletive_test",79,2,"test","pos","adj","NEU","A","EAP2","English","L1"
"4430",12243,107,"expletive_test",0,5,"test","neg","pej","NEU","A","EPN5","English","L1"
"4431",12244,107,"expletive_test",84,9,"test","pos","pej","TO","A","EPP9","English","L1"
"4432",12245,107,"expletive_test",5,5,"test","neg","adj","NEU","A","EAN5","English","L1"
"4433",12247,107,"expletive_test",0,2,"test","neg","pej","NEU","A","EPN2","English","L1"
"4434",12249,107,"expletive_test",99,3,"test","pos","pej","AO","A","EPP4","English","L1"
"4435",12253,107,"expletive_test",72,8,"test","pos","pej","NEU","A","EPP8","English","L1"
"4436",12255,107,"expletive_test",76,3,"test","neg","pej","TO","A","EPN3","English","L1"
"4437",12256,107,"expletive_test",89,6,"test","pos","pej","TO","A","EPP6","English","L1"
"4438",12258,107,"expletive_test",81,3,"test","neg","adj","AO","A","EAN4","English","L1"
"4439",12259,107,"expletive_test",86,3,"test","neg","adj","TO","A","EAN3","English","L1"
"4440",12260,107,"expletive_test",99,3,"test","pos","adj","TO","A","EAP3","English","L1"
"4441",12262,107,"expletive_test",81,7,"test","neg","adj","AO","A","EAN7","English","L1"
"4442",12263,107,"expletive_test",85,8,"test","pos","adj","NEU","A","EAP8","English","L1"
"4443",12265,107,"expletive_test",88,6,"test","neg","pej","TO","A","EPN6","English","L1"
"4444",12266,107,"expletive_test",99,6,"test","neg","adj","TO","A","EAN6","English","L1"
"4445",12268,107,"expletive_test",0,8,"test","neg","pej","NEU","A","EPN8","English","L1"
"4446",12269,107,"expletive_test",69,1,"test","neg","adj","AO","A","EAN1","English","L1"
"4447",12270,107,"expletive_test",0,2,"test","neg","adj","NEU","A","EAN2","English","L1"
"4448",12272,107,"expletive_test",74,1,"test","neg","pej","AO","A","EPN1","English","L1"
"4449",12273,107,"expletive_test",99,7,"test","pos","adj","AO","A","EAP7","English","L1"
"4450",12278,107,"expletive_test",99,3,"test","pos","pej","TO","A","EPP3","English","L1"
"4451",12281,107,"expletive_test",85,5,"test","pos","pej","NEU","A","EPP5","English","L1"
"4452",12282,107,"expletive_test",88,2,"test","pos","pej","NEU","A","EPP2","English","L1"
"4453",12284,107,"expletive_test",99,7,"test","pos","pej","AO","A","EPP7","English","L1"
"4454",12285,107,"expletive_test",72,7,"test","neg","pej","AO","A","EPN7","English","L1"
"4455",12287,107,"expletive_test",63,4,"test","neg","pej","AO","A","EPN4","English","L1"
"4456",12288,107,"expletive_test",99,1,"test","pos","pej","AO","A","EPP1","English","L1"
"4457",12289,107,"expletive_test",75,5,"test","pos","adj","NEU","A","EAP5","English","L1"
"4458",12290,107,"expletive_test",82,6,"test","pos","adj","TO","A","EAP6","English","L1"
"4459",12293,107,"expletive_test",52,9,"test","neg","pej","TO","A","EPN9","English","L1"
"4460",12294,107,"expletive_test",69,3,"test","pos","adj","AO","A","EAP4","English","L1"
"4461",12295,107,"expletive_test",0,8,"test","neg","adj","NEU","A","EAN8","English","L1"
"4462",12297,107,"expletive_test",99,1,"test","pos","adj","AO","A","EAP1","English","L1"
"4463",12298,107,"expletive_test",18,9,"test","pos","adj","TO","A","EAP9","English","L1"
"4464",12299,107,"expletive_test",7,9,"test","neg","adj","TO","A","EAN9","English","L1"
"4465",12301,195,"expletive_test",85,9,"test","neg","adj","TO","B","EAN9","English","L1"
"4466",12305,195,"expletive_test",99,9,"test","pos","pej","TO","B","EPP9","English","L1"
"4467",12306,195,"expletive_test",0,2,"test","neg","adj","NEU","B","EAN2","English","L1"
"4468",12307,195,"expletive_test",75,7,"test","neg","pej","AO","B","EPN7","English","L1"
"4469",12308,195,"expletive_test",78,3,"test","pos","adj","TO","B","EAP3","English","L1"
"4470",12310,195,"expletive_test",83,4,"test","neg","pej","AO","B","EPN4","English","L1"
"4471",12312,195,"expletive_test",81,6,"test","pos","adj","TO","B","EAP6","English","L1"
"4472",12313,195,"expletive_test",88,7,"test","pos","adj","AO","B","EAP7","English","L1"
"4473",12314,195,"expletive_test",25,5,"test","pos","pej","NEU","B","EPP5","English","L1"
"4474",12317,195,"expletive_test",23,2,"test","pos","pej","NEU","B","EPP2","English","L1"
"4475",12319,195,"expletive_test",18,8,"test","neg","pej","NEU","B","EPN8","English","L1"
"4476",12320,195,"expletive_test",78,3,"test","neg","pej","TO","B","EPN3","English","L1"
"4477",12322,195,"expletive_test",37,5,"test","pos","adj","NEU","B","EAP5","English","L1"
"4478",12325,195,"expletive_test",73,9,"test","pos","adj","TO","B","EAP9","English","L1"
"4479",12327,195,"expletive_test",99,7,"test","pos","pej","AO","B","EPP7","English","L1"
"4480",12330,195,"expletive_test",81,3,"test","neg","adj","AO","B","EAN4","English","L1"
"4481",12331,195,"expletive_test",99,1,"test","pos","pej","AO","B","EPP1","English","L1"
"4482",12333,195,"expletive_test",84,6,"test","neg","pej","TO","B","EPN6","English","L1"
"4483",12336,195,"expletive_test",98,6,"test","pos","pej","TO","B","EPP6","English","L1"
"4484",12339,195,"expletive_test",99,3,"test","pos","pej","AO","B","EPP4","English","L1"
"4485",12341,195,"expletive_test",78,1,"test","neg","adj","AO","B","EAN1","English","L1"
"4486",12342,195,"expletive_test",12,8,"test","neg","adj","NEU","B","EAN8","English","L1"
"4487",12343,195,"expletive_test",88,1,"test","pos","adj","AO","B","EAP1","English","L1"
"4488",12344,195,"expletive_test",61,8,"test","pos","pej","NEU","B","EPP8","English","L1"
"4489",12345,195,"expletive_test",21,5,"test","neg","adj","NEU","B","EAN5","English","L1"
"4490",12346,195,"expletive_test",56,3,"test","pos","adj","AO","B","EAP4","English","L1"
"4491",12348,195,"expletive_test",91,3,"test","neg","adj","TO","B","EAN3","English","L1"
"4492",12351,195,"expletive_test",32,8,"test","pos","adj","NEU","B","EAP8","English","L1"
"4493",12352,195,"expletive_test",84,9,"test","neg","pej","TO","B","EPN9","English","L1"
"4494",12353,195,"expletive_test",24,2,"test","pos","adj","NEU","B","EAP2","English","L1"
"4495",12355,195,"expletive_test",85,6,"test","neg","adj","TO","B","EAN6","English","L1"
"4496",12356,195,"expletive_test",0,5,"test","neg","pej","NEU","B","EPN5","English","L1"
"4497",12357,195,"expletive_test",79,1,"test","neg","pej","AO","B","EPN1","English","L1"
"4498",12358,195,"expletive_test",99,3,"test","pos","pej","TO","B","EPP3","English","L1"
"4499",12359,195,"expletive_test",71,7,"test","neg","adj","AO","B","EAN7","English","L1"
"4500",12360,195,"expletive_test",0,2,"test","neg","pej","NEU","B","EPN2","English","L1"
"4501",12362,92,"expletive_test",90,3,"test","pos","pej","AO","C","EPP4","English","L1"
"4502",12363,92,"expletive_test",99,6,"test","neg","pej","TO","C","EPN6","English","L1"
"4503",12365,92,"expletive_test",88,9,"test","neg","adj","TO","C","EAN9","English","L1"
"4504",12367,92,"expletive_test",85,9,"test","pos","adj","TO","C","EAP9","English","L1"
"4505",12368,92,"expletive_test",31,5,"test","neg","adj","NEU","C","EAN5","English","L1"
"4506",12370,92,"expletive_test",99,8,"test","pos","pej","NEU","C","EPP8","English","L1"
"4507",12374,92,"expletive_test",84,7,"test","pos","pej","AO","C","EPP7","English","L1"
"4508",12375,92,"expletive_test",20,7,"test","neg","adj","AO","C","EAN7","English","L1"
"4509",12376,92,"expletive_test",65,5,"test","pos","pej","NEU","C","EPP5","English","L1"
"4510",12377,92,"expletive_test",74,2,"test","pos","adj","NEU","C","EAP2","English","L1"
"4511",12380,92,"expletive_test",99,9,"test","pos","pej","TO","C","EPP9","English","L1"
"4512",12382,92,"expletive_test",99,6,"test","neg","adj","TO","C","EAN6","English","L1"
"4513",12385,92,"expletive_test",98,3,"test","pos","pej","TO","C","EPP3","English","L1"
"4514",12386,92,"expletive_test",13,5,"test","neg","pej","NEU","C","EPN5","English","L1"
"4515",12388,92,"expletive_test",54,8,"test","pos","adj","NEU","C","EAP8","English","L1"
"4516",12389,92,"expletive_test",12,8,"test","neg","pej","NEU","C","EPN8","English","L1"
"4517",12391,92,"expletive_test",0,7,"test","neg","pej","AO","C","EPN7","English","L1"
"4518",12392,92,"expletive_test",90,1,"test","pos","adj","AO","C","EAP1","English","L1"
"4519",12393,92,"expletive_test",34,3,"test","pos","adj","AO","C","EAP4","English","L1"
"4520",12394,92,"expletive_test",87,3,"test","pos","adj","TO","C","EAP3","English","L1"
"4521",12395,92,"expletive_test",9,2,"test","neg","adj","NEU","C","EAN2","English","L1"
"4522",12397,92,"expletive_test",99,9,"test","neg","pej","TO","C","EPN9","English","L1"
"4523",12398,92,"expletive_test",70,7,"test","pos","adj","AO","C","EAP7","English","L1"
"4524",12401,92,"expletive_test",24,2,"test","neg","pej","NEU","C","EPN2","English","L1"
"4525",12403,92,"expletive_test",41,4,"test","neg","pej","AO","C","EPN4","English","L1"
"4526",12404,92,"expletive_test",99,3,"test","neg","pej","TO","C","EPN3","English","L1"
"4527",12405,92,"expletive_test",29,1,"test","neg","pej","AO","C","EPN1","English","L1"
"4528",12409,92,"expletive_test",68,2,"test","pos","pej","NEU","C","EPP2","English","L1"
"4529",12410,92,"expletive_test",99,6,"test","pos","pej","TO","C","EPP6","English","L1"
"4530",12411,92,"expletive_test",19,1,"test","neg","adj","AO","C","EAN1","English","L1"
"4531",12412,92,"expletive_test",83,5,"test","pos","adj","NEU","C","EAP5","English","L1"
"4532",12413,92,"expletive_test",95,6,"test","pos","adj","TO","C","EAP6","English","L1"
"4533",12414,92,"expletive_test",68,1,"test","pos","pej","AO","C","EPP1","English","L1"
"4534",12416,92,"expletive_test",25,3,"test","neg","adj","AO","C","EAN4","English","L1"
"4535",12419,92,"expletive_test",2,8,"test","neg","adj","NEU","C","EAN8","English","L1"
"4536",12420,92,"expletive_test",99,3,"test","neg","adj","TO","C","EAN3","English","L1"
"4537",12422,109,"expletive_test",15,8,"test","neg","pej","NEU","B","EPN8","English","L1"
"4538",12423,109,"expletive_test",99,6,"test","pos","pej","TO","B","EPP6","English","L1"
"4539",12425,109,"expletive_test",75,7,"test","neg","pej","AO","B","EPN7","English","L1"
"4540",12428,109,"expletive_test",99,3,"test","pos","pej","TO","B","EPP3","English","L1"
"4541",12432,109,"expletive_test",81,7,"test","pos","adj","AO","B","EAP7","English","L1"
"4542",12434,109,"expletive_test",52,8,"test","pos","adj","NEU","B","EAP8","English","L1"
"4543",12435,109,"expletive_test",91,9,"test","pos","pej","TO","B","EPP9","English","L1"
"4544",12437,109,"expletive_test",71,4,"test","neg","pej","AO","B","EPN4","English","L1"
"4545",12439,109,"expletive_test",34,5,"test","neg","adj","NEU","B","EAN5","English","L1"
"4546",12440,109,"expletive_test",63,7,"test","neg","adj","AO","B","EAN7","English","L1"
"4547",12442,109,"expletive_test",76,6,"test","neg","pej","TO","B","EPN6","English","L1"
"4548",12443,109,"expletive_test",15,5,"test","neg","pej","NEU","B","EPN5","English","L1"
"4549",12444,109,"expletive_test",48,3,"test","pos","adj","TO","B","EAP3","English","L1"
"4550",12447,109,"expletive_test",15,2,"test","neg","pej","NEU","B","EPN2","English","L1"
"4551",12448,109,"expletive_test",36,1,"test","neg","adj","AO","B","EAN1","English","L1"
"4552",12449,109,"expletive_test",82,3,"test","neg","adj","TO","B","EAN3","English","L1"
"4553",12450,109,"expletive_test",81,6,"test","pos","adj","TO","B","EAP6","English","L1"
"4554",12451,109,"expletive_test",66,2,"test","pos","adj","NEU","B","EAP2","English","L1"
"4555",12452,109,"expletive_test",99,7,"test","pos","pej","AO","B","EPP7","English","L1"
"4556",12453,109,"expletive_test",99,6,"test","neg","adj","TO","B","EAN6","English","L1"
"4557",12454,109,"expletive_test",99,1,"test","pos","pej","AO","B","EPP1","English","L1"
"4558",12457,109,"expletive_test",99,9,"test","neg","adj","TO","B","EAN9","English","L1"
"4559",12460,109,"expletive_test",85,3,"test","neg","pej","TO","B","EPN3","English","L1"
"4560",12461,109,"expletive_test",59,5,"test","pos","pej","NEU","B","EPP5","English","L1"
"4561",12463,109,"expletive_test",84,9,"test","neg","pej","TO","B","EPN9","English","L1"
"4562",12466,109,"expletive_test",88,1,"test","neg","pej","AO","B","EPN1","English","L1"
"4563",12467,109,"expletive_test",73,8,"test","pos","pej","NEU","B","EPP8","English","L1"
"4564",12469,109,"expletive_test",67,5,"test","pos","adj","NEU","B","EAP5","English","L1"
"4565",12470,109,"expletive_test",66,3,"test","neg","adj","AO","B","EAN4","English","L1"
"4566",12472,109,"expletive_test",75,1,"test","pos","adj","AO","B","EAP1","English","L1"
"4567",12473,109,"expletive_test",43,3,"test","pos","adj","AO","B","EAP4","English","L1"
"4568",12474,109,"expletive_test",99,3,"test","pos","pej","AO","B","EPP4","English","L1"
"4569",12475,109,"expletive_test",39,9,"test","pos","adj","TO","B","EAP9","English","L1"
"4570",12477,109,"expletive_test",65,2,"test","pos","pej","NEU","B","EPP2","English","L1"
"4571",12478,109,"expletive_test",0,2,"test","neg","adj","NEU","B","EAN2","English","L1"
"4572",12479,109,"expletive_test",0,8,"test","neg","adj","NEU","B","EAN8","English","L1"
"4573",12482,170,"expletive_test",83,6,"test","neg","adj","TO","A","EAN6","English","L1"
"4574",12483,170,"expletive_test",94,7,"test","pos","pej","AO","A","EPP7","English","L1"
"4575",12484,170,"expletive_test",61,8,"test","pos","adj","NEU","A","EAP8","English","L1"
"4576",12485,170,"expletive_test",84,5,"test","pos","pej","NEU","A","EPP5","English","L1"
"4577",12486,170,"expletive_test",94,3,"test","pos","pej","AO","A","EPP4","English","L1"
"4578",12487,170,"expletive_test",78,3,"test","pos","adj","TO","A","EAP3","English","L1"
"4579",12488,170,"expletive_test",2,5,"test","neg","pej","NEU","A","EPN5","English","L1"
"4580",12493,170,"expletive_test",85,2,"test","pos","adj","NEU","A","EAP2","English","L1"
"4581",12495,170,"expletive_test",91,3,"test","pos","pej","TO","A","EPP3","English","L1"
"4582",12496,170,"expletive_test",88,8,"test","neg","adj","NEU","A","EAN8","English","L1"
"4583",12498,170,"expletive_test",4,8,"test","neg","pej","NEU","A","EPN8","English","L1"
"4584",12499,170,"expletive_test",17,7,"test","neg","pej","AO","A","EPN7","English","L1"
"4585",12501,170,"expletive_test",88,8,"test","pos","pej","NEU","A","EPP8","English","L1"
"4586",12504,170,"expletive_test",89,9,"test","pos","adj","TO","A","EAP9","English","L1"
"4587",12507,170,"expletive_test",7,3,"test","neg","pej","TO","A","EPN3","English","L1"
"4588",12509,170,"expletive_test",6,1,"test","neg","pej","AO","A","EPN1","English","L1"
"4589",12511,170,"expletive_test",88,9,"test","neg","adj","TO","A","EAN9","English","L1"
"4590",12513,170,"expletive_test",74,5,"test","neg","adj","NEU","A","EAN5","English","L1"
"4591",12514,170,"expletive_test",93,1,"test","pos","pej","AO","A","EPP1","English","L1"
"4592",12515,170,"expletive_test",89,6,"test","pos","adj","TO","A","EAP6","English","L1"
"4593",12519,170,"expletive_test",87,3,"test","pos","adj","AO","A","EAP4","English","L1"
"4594",12521,170,"expletive_test",11,6,"test","neg","pej","TO","A","EPN6","English","L1"
"4595",12522,170,"expletive_test",88,3,"test","neg","adj","AO","A","EAN4","English","L1"
"4596",12523,170,"expletive_test",6,4,"test","neg","pej","AO","A","EPN4","English","L1"
"4597",12525,170,"expletive_test",68,2,"test","neg","adj","NEU","A","EAN2","English","L1"
"4598",12527,170,"expletive_test",6,9,"test","neg","pej","TO","A","EPN9","English","L1"
"4599",12528,170,"expletive_test",61,7,"test","pos","adj","AO","A","EAP7","English","L1"
"4600",12529,170,"expletive_test",88,3,"test","neg","adj","TO","A","EAN3","English","L1"
"4601",12532,170,"expletive_test",92,7,"test","neg","adj","AO","A","EAN7","English","L1"
"4602",12533,170,"expletive_test",92,9,"test","pos","pej","TO","A","EPP9","English","L1"
"4603",12534,170,"expletive_test",92,6,"test","pos","pej","TO","A","EPP6","English","L1"
"4604",12535,170,"expletive_test",83,1,"test","pos","adj","AO","A","EAP1","English","L1"
"4605",12536,170,"expletive_test",72,2,"test","pos","pej","NEU","A","EPP2","English","L1"
"4606",12537,170,"expletive_test",86,1,"test","neg","adj","AO","A","EAN1","English","L1"
"4607",12539,170,"expletive_test",2,2,"test","neg","pej","NEU","A","EPN2","English","L1"
"4608",12540,170,"expletive_test",67,5,"test","pos","adj","NEU","A","EAP5","English","L1"
"4609",12541,98,"expletive_test",34,1,"test","neg","adj","NEU","C","EAN1","English","L1"
"4610",12543,98,"expletive_test",71,7,"test","neg","pej","NEU","C","EPN7","English","L1"
"4611",12547,98,"expletive_test",63,2,"test","neg","adj","TO","C","EAN2","English","L1"
"4612",12548,98,"expletive_test",99,2,"test","pos","pej","TO","C","EPP2","English","L1"
"4613",12549,98,"expletive_test",99,1,"test","pos","adj","NEU","C","EAP1","English","L1"
"4614",12551,98,"expletive_test",63,8,"test","pos","adj","TO","C","EAP8","English","L1"
"4615",12552,98,"expletive_test",72,2,"test","neg","pej","TO","C","EPN2","English","L1"
"4616",12553,98,"expletive_test",96,3,"test","pos","adj","AO","C","EAP3","English","L1"
"4617",12554,98,"expletive_test",65,9,"test","neg","adj","AO","C","EAN9","English","L1"
"4618",12555,98,"expletive_test",99,9,"test","pos","pej","AO","C","EPP9","English","L1"
"4619",12556,98,"expletive_test",62,5,"test","neg","adj","TO","C","EAN5","English","L1"
"4620",12557,98,"expletive_test",59,3,"test","neg","adj","AO","C","EAN3","English","L1"
"4621",12559,98,"expletive_test",32,7,"test","neg","adj","NEU","C","EAN7","English","L1"
"4622",12560,98,"expletive_test",99,5,"test","pos","pej","TO","C","EPP5","English","L1"
"4623",12561,98,"expletive_test",99,8,"test","pos","pej","TO","C","EPP8","English","L1"
"4624",12562,98,"expletive_test",43,9,"test","pos","adj","AO","C","EAP9","English","L1"
"4625",12571,98,"expletive_test",99,4,"test","pos","pej","NEU","C","EPP4","English","L1"
"4626",12573,98,"expletive_test",99,1,"test","pos","pej","NEU","C","EPP1","English","L1"
"4627",12575,98,"expletive_test",99,6,"test","pos","adj","AO","C","EAP6","English","L1"
"4628",12576,98,"expletive_test",80,8,"test","neg","pej","TO","C","EPN8","English","L1"
"4629",12577,98,"expletive_test",73,6,"test","neg","adj","AO","C","EAN6","English","L1"
"4630",12579,98,"expletive_test",88,7,"test","pos","adj","NEU","C","EAP7","English","L1"
"4631",12581,98,"expletive_test",43,3,"test","neg","pej","AO","C","EPN3","English","L1"
"4632",12582,98,"expletive_test",99,3,"test","pos","pej","AO","C","EPP3","English","L1"
"4633",12583,98,"expletive_test",54,6,"test","neg","pej","AO","C","EPN6","English","L1"
"4634",12588,98,"expletive_test",65,4,"test","neg","pej","NEU","C","EPN4","English","L1"
"4635",12589,98,"expletive_test",60,4,"test","neg","adj","NEU","C","EAN4","English","L1"
"4636",12590,98,"expletive_test",67,1,"test","neg","pej","NEU","C","EPN1","English","L1"
"4637",12591,98,"expletive_test",97,2,"test","pos","adj","TO","C","EAP2","English","L1"
"4638",12592,98,"expletive_test",99,7,"test","pos","pej","NEU","C","EPP7","English","L1"
"4639",12593,98,"expletive_test",91,4,"test","pos","adj","NEU","C","EAP4","English","L1"
"4640",12595,98,"expletive_test",66,5,"test","neg","pej","TO","C","EPN5","English","L1"
"4641",12596,98,"expletive_test",92,5,"test","pos","adj","TO","C","EAP5","English","L1"
"4642",12597,98,"expletive_test",75,9,"test","neg","pej","AO","C","EPN9","English","L1"
"4643",12599,98,"expletive_test",75,8,"test","neg","adj","TO","C","EAN8","English","L1"
"4644",12600,98,"expletive_test",99,6,"test","pos","pej","AO","C","EPP6","English","L1"
"4645",12601,48,"expletive_test",84,9,"test","pos","pej","TO","A","EPP9","English","L1"
"4646",12603,48,"expletive_test",87,1,"test","pos","pej","AO","A","EPP1","English","L1"
"4647",12604,48,"expletive_test",60,3,"test","pos","adj","AO","A","EAP4","English","L1"
"4648",12606,48,"expletive_test",99,6,"test","neg","adj","TO","A","EAN6","English","L1"
"4649",12607,48,"expletive_test",84,7,"test","pos","pej","AO","A","EPP7","English","L1"
"4650",12608,48,"expletive_test",0,5,"test","neg","pej","NEU","A","EPN5","English","L1"
"4651",12609,48,"expletive_test",44,8,"test","neg","adj","NEU","A","EAN8","English","L1"
"4652",12610,48,"expletive_test",99,2,"test","pos","adj","NEU","A","EAP2","English","L1"
"4653",12611,48,"expletive_test",38,4,"test","neg","pej","AO","A","EPN4","English","L1"
"4654",12612,48,"expletive_test",18,2,"test","neg","pej","NEU","A","EPN2","English","L1"
"4655",12613,48,"expletive_test",99,3,"test","neg","pej","TO","A","EPN3","English","L1"
"4656",12614,48,"expletive_test",50,3,"test","pos","adj","TO","A","EAP3","English","L1"
"4657",12615,48,"expletive_test",6,2,"test","neg","adj","NEU","A","EAN2","English","L1"
"4658",12618,48,"expletive_test",99,3,"test","pos","pej","TO","A","EPP3","English","L1"
"4659",12620,48,"expletive_test",72,9,"test","pos","adj","TO","A","EAP9","English","L1"
"4660",12621,48,"expletive_test",0,1,"test","neg","adj","AO","A","EAN1","English","L1"
"4661",12625,48,"expletive_test",40,3,"test","pos","pej","AO","A","EPP4","English","L1"
"4662",12626,48,"expletive_test",86,5,"test","pos","adj","NEU","A","EAP5","English","L1"
"4663",12630,48,"expletive_test",99,1,"test","pos","adj","AO","A","EAP1","English","L1"
"4664",12634,48,"expletive_test",49,5,"test","neg","adj","NEU","A","EAN5","English","L1"
"4665",12636,48,"expletive_test",99,9,"test","neg","adj","TO","A","EAN9","English","L1"
"4666",12637,48,"expletive_test",0,1,"test","neg","pej","AO","A","EPN1","English","L1"
"4667",12639,48,"expletive_test",0,3,"test","neg","adj","AO","A","EAN4","English","L1"
"4668",12640,48,"expletive_test",99,6,"test","pos","pej","TO","A","EPP6","English","L1"
"4669",12643,48,"expletive_test",73,2,"test","pos","pej","NEU","A","EPP2","English","L1"
"4670",12644,48,"expletive_test",42,8,"test","pos","adj","NEU","A","EAP8","English","L1"
"4671",12647,48,"expletive_test",99,6,"test","pos","adj","TO","A","EAP6","English","L1"
"4672",12650,48,"expletive_test",97,6,"test","neg","pej","TO","A","EPN6","English","L1"
"4673",12651,48,"expletive_test",99,9,"test","neg","pej","TO","A","EPN9","English","L1"
"4674",12652,48,"expletive_test",49,7,"test","pos","adj","AO","A","EAP7","English","L1"
"4675",12653,48,"expletive_test",99,8,"test","pos","pej","NEU","A","EPP8","English","L1"
"4676",12655,48,"expletive_test",0,8,"test","neg","pej","NEU","A","EPN8","English","L1"
"4677",12656,48,"expletive_test",66,3,"test","neg","adj","TO","A","EAN3","English","L1"
"4678",12657,48,"expletive_test",47,5,"test","pos","pej","NEU","A","EPP5","English","L1"
"4679",12658,48,"expletive_test",56,7,"test","neg","pej","AO","A","EPN7","English","L1"
"4680",12660,48,"expletive_test",41,7,"test","neg","adj","AO","A","EAN7","English","L1"
"4681",12723,19,"expletive_test",9,7,"test","neg","pej","NEU","C","EPN7","English","L1"
"4682",12724,19,"expletive_test",93,1,"test","pos","adj","NEU","C","EAP1","English","L1"
"4683",12725,19,"expletive_test",99,2,"test","pos","adj","TO","C","EAP2","English","L1"
"4684",12726,19,"expletive_test",79,4,"test","neg","adj","NEU","C","EAN4","English","L1"
"4685",12727,19,"expletive_test",78,5,"test","neg","pej","TO","C","EPN5","English","L1"
"4686",12728,19,"expletive_test",99,4,"test","pos","pej","NEU","C","EPP4","English","L1"
"4687",12729,19,"expletive_test",99,7,"test","pos","adj","NEU","C","EAP7","English","L1"
"4688",12730,19,"expletive_test",83,4,"test","pos","adj","NEU","C","EAP4","English","L1"
"4689",12731,19,"expletive_test",85,3,"test","pos","adj","AO","C","EAP3","English","L1"
"4690",12733,19,"expletive_test",92,7,"test","pos","pej","NEU","C","EPP7","English","L1"
"4691",12734,19,"expletive_test",21,5,"test","neg","adj","TO","C","EAN5","English","L1"
"4692",12736,19,"expletive_test",85,2,"test","pos","pej","TO","C","EPP2","English","L1"
"4693",12737,19,"expletive_test",27,2,"test","neg","pej","TO","C","EPN2","English","L1"
"4694",12742,19,"expletive_test",34,9,"test","neg","pej","AO","C","EPN9","English","L1"
"4695",12743,19,"expletive_test",45,8,"test","neg","pej","TO","C","EPN8","English","L1"
"4696",12745,19,"expletive_test",34,2,"test","neg","adj","TO","C","EAN2","English","L1"
"4697",12748,19,"expletive_test",99,1,"test","pos","pej","NEU","C","EPP1","English","L1"
"4698",12750,19,"expletive_test",75,6,"test","pos","pej","AO","C","EPP6","English","L1"
"4699",12751,19,"expletive_test",47,9,"test","neg","adj","AO","C","EAN9","English","L1"
"4700",12752,19,"expletive_test",3,3,"test","neg","pej","AO","C","EPN3","English","L1"
"4701",12753,19,"expletive_test",4,7,"test","neg","adj","NEU","C","EAN7","English","L1"
"4702",12754,19,"expletive_test",77,9,"test","pos","pej","AO","C","EPP9","English","L1"
"4703",12755,19,"expletive_test",53,3,"test","neg","adj","AO","C","EAN3","English","L1"
"4704",12760,19,"expletive_test",78,3,"test","pos","pej","AO","C","EPP3","English","L1"
"4705",12761,19,"expletive_test",16,6,"test","neg","adj","AO","C","EAN6","English","L1"
"4706",12762,19,"expletive_test",16,6,"test","neg","pej","AO","C","EPN6","English","L1"
"4707",12764,19,"expletive_test",99,5,"test","pos","adj","TO","C","EAP5","English","L1"
"4708",12765,19,"expletive_test",2,1,"test","neg","pej","NEU","C","EPN1","English","L1"
"4709",12767,19,"expletive_test",85,9,"test","pos","adj","AO","C","EAP9","English","L1"
"4710",12768,19,"expletive_test",0,4,"test","neg","pej","NEU","C","EPN4","English","L1"
"4711",12770,19,"expletive_test",47,8,"test","neg","adj","TO","C","EAN8","English","L1"
"4712",12772,19,"expletive_test",99,5,"test","pos","pej","TO","C","EPP5","English","L1"
"4713",12775,19,"expletive_test",15,1,"test","neg","adj","NEU","C","EAN1","English","L1"
"4714",12776,19,"expletive_test",72,6,"test","pos","adj","AO","C","EAP6","English","L1"
"4715",12777,19,"expletive_test",94,8,"test","pos","pej","TO","C","EPP8","English","L1"
"4716",12779,19,"expletive_test",83,8,"test","pos","adj","TO","C","EAP8","English","L1"
"4717",12781,76,"expletive_test",36,8,"test","neg","adj","NEU","B","EAN8","English","L1"
"4718",12782,76,"expletive_test",20,8,"test","pos","adj","NEU","B","EAP8","English","L1"
"4719",12783,76,"expletive_test",86,8,"test","pos","pej","NEU","B","EPP8","English","L1"
"4720",12786,76,"expletive_test",93,3,"test","neg","pej","TO","B","EPN3","English","L1"
"4721",12789,76,"expletive_test",68,3,"test","neg","adj","TO","B","EAN3","English","L1"
"4722",12795,76,"expletive_test",89,7,"test","pos","pej","AO","B","EPP7","English","L1"
"4723",12796,76,"expletive_test",57,5,"test","pos","adj","NEU","B","EAP5","English","L1"
"4724",12797,76,"expletive_test",37,5,"test","neg","adj","NEU","B","EAN5","English","L1"
"4725",12798,76,"expletive_test",43,3,"test","pos","adj","AO","B","EAP4","English","L1"
"4726",12800,76,"expletive_test",84,9,"test","pos","pej","TO","B","EPP9","English","L1"
"4727",12801,76,"expletive_test",70,9,"test","neg","adj","TO","B","EAN9","English","L1"
"4728",12803,76,"expletive_test",82,3,"test","pos","pej","AO","B","EPP4","English","L1"
"4729",12804,76,"expletive_test",33,7,"test","neg","adj","AO","B","EAN7","English","L1"
"4730",12805,76,"expletive_test",91,6,"test","neg","pej","TO","B","EPN6","English","L1"
"4731",12806,76,"expletive_test",88,3,"test","pos","pej","TO","B","EPP3","English","L1"
"4732",12808,76,"expletive_test",6,8,"test","neg","pej","NEU","B","EPN8","English","L1"
"4733",12809,76,"expletive_test",69,1,"test","pos","adj","AO","B","EAP1","English","L1"
"4734",12810,76,"expletive_test",68,6,"test","pos","adj","TO","B","EAP6","English","L1"
"4735",12812,76,"expletive_test",99,7,"test","neg","pej","AO","B","EPN7","English","L1"
"4736",12813,76,"expletive_test",64,2,"test","pos","adj","NEU","B","EAP2","English","L1"
"4737",12815,76,"expletive_test",80,6,"test","pos","pej","TO","B","EPP6","English","L1"
"4738",12816,76,"expletive_test",99,4,"test","neg","pej","AO","B","EPN4","English","L1"
"4739",12817,76,"expletive_test",99,9,"test","neg","pej","TO","B","EPN9","English","L1"
"4740",12818,76,"expletive_test",73,2,"test","pos","pej","NEU","B","EPP2","English","L1"
"4741",12821,76,"expletive_test",20,2,"test","neg","adj","NEU","B","EAN2","English","L1"
"4742",12822,76,"expletive_test",71,5,"test","pos","pej","NEU","B","EPP5","English","L1"
"4743",12824,76,"expletive_test",99,1,"test","neg","pej","AO","B","EPN1","English","L1"
"4744",12827,76,"expletive_test",80,1,"test","neg","adj","AO","B","EAN1","English","L1"
"4745",12828,76,"expletive_test",84,1,"test","pos","pej","AO","B","EPP1","English","L1"
"4746",12829,76,"expletive_test",7,2,"test","neg","pej","NEU","B","EPN2","English","L1"
"4747",12830,76,"expletive_test",74,6,"test","neg","adj","TO","B","EAN6","English","L1"
"4748",12832,76,"expletive_test",73,7,"test","pos","adj","AO","B","EAP7","English","L1"
"4749",12833,76,"expletive_test",66,9,"test","pos","adj","TO","B","EAP9","English","L1"
"4750",12837,76,"expletive_test",76,3,"test","neg","adj","AO","B","EAN4","English","L1"
"4751",12838,76,"expletive_test",67,3,"test","pos","adj","TO","B","EAP3","English","L1"
"4752",12839,76,"expletive_test",0,5,"test","neg","pej","NEU","B","EPN5","English","L1"
"4753",12842,87,"expletive_test",36,5,"test","neg","pej","AO","A","EPN5","English","L1"
"4754",12844,87,"expletive_test",86,4,"test","neg","adj","TO","A","EAN4","English","L1"
"4755",12847,87,"expletive_test",75,7,"test","neg","pej","TO","A","EPN7","English","L1"
"4756",12849,87,"expletive_test",99,9,"test","pos","adj","NEU","A","EAP9","English","L1"
"4757",12851,87,"expletive_test",33,3,"test","neg","pej","NEU","A","EPN3","English","L1"
"4758",12853,87,"expletive_test",82,7,"test","neg","adj","TO","A","EAN7","English","L1"
"4759",12854,87,"expletive_test",99,9,"test","pos","pej","NEU","A","EPP9","English","L1"
"4760",12855,87,"expletive_test",40,6,"test","neg","adj","NEU","A","EAN6","English","L1"
"4761",12857,87,"expletive_test",82,1,"test","neg","pej","TO","A","EPN1","English","L1"
"4762",12860,87,"expletive_test",99,1,"test","pos","pej","TO","A","EPP1","English","L1"
"4763",12862,87,"expletive_test",99,8,"test","pos","adj","AO","A","EAP8","English","L1"
"4764",12863,87,"expletive_test",38,8,"test","neg","pej","AO","A","EPN8","English","L1"
"4765",12864,87,"expletive_test",99,4,"test","pos","pej","TO","A","EPP4","English","L1"
"4766",12865,87,"expletive_test",67,4,"test","neg","pej","TO","A","EPN4","English","L1"
"4767",12866,87,"expletive_test",99,2,"test","pos","adj","AO","A","EAP2","English","L1"
"4768",12868,87,"expletive_test",18,2,"test","neg","adj","AO","A","EAN2","English","L1"
"4769",12869,87,"expletive_test",99,7,"test","pos","pej","TO","A","EPP7","English","L1"
"4770",12870,87,"expletive_test",99,3,"test","pos","pej","NEU","A","EPP3","English","L1"
"4771",12871,87,"expletive_test",99,1,"test","pos","adj","TO","A","EAP1","English","L1"
"4772",12873,87,"expletive_test",99,4,"test","pos","adj","TO","A","EAP4","English","L1"
"4773",12875,87,"expletive_test",99,7,"test","pos","adj","TO","A","EAP7","English","L1"
"4774",12876,87,"expletive_test",15,9,"test","neg","adj","NEU","A","EAN9","English","L1"
"4775",12877,87,"expletive_test",41,3,"test","neg","adj","NEU","A","EAN3","English","L1"
"4776",12878,87,"expletive_test",99,3,"test","pos","adj","NEU","A","EAP3","English","L1"
"4777",12879,87,"expletive_test",47,1,"test","neg","adj","TO","A","EAN1","English","L1"
"4778",12881,87,"expletive_test",99,8,"test","pos","pej","AO","A","EPP8","English","L1"
"4779",12882,87,"expletive_test",17,6,"test","neg","pej","NEU","A","EPN6","English","L1"
"4780",12883,87,"expletive_test",99,6,"test","pos","adj","NEU","A","EAP6","English","L1"
"4781",12884,87,"expletive_test",29,2,"test","neg","pej","AO","A","EPN2","English","L1"
"4782",12889,87,"expletive_test",25,9,"test","neg","pej","NEU","A","EPN9","English","L1"
"4783",12891,87,"expletive_test",99,5,"test","pos","adj","AO","A","EAP5","English","L1"
"4784",12892,87,"expletive_test",99,5,"test","pos","pej","AO","A","EPP5","English","L1"
"4785",12894,87,"expletive_test",99,2,"test","pos","pej","AO","A","EPP2","English","L1"
"4786",12896,87,"expletive_test",48,8,"test","neg","adj","AO","A","EAN8","English","L1"
"4787",12897,87,"expletive_test",26,5,"test","neg","adj","AO","A","EAN5","English","L1"
"4788",12898,87,"expletive_test",99,6,"test","pos","pej","NEU","A","EPP6","English","L1"
"4789",12901,163,"expletive_test",59,9,"test","neg","adj","AO","C","EAN9","English","L1"
"4790",12902,163,"expletive_test",19,1,"test","neg","adj","NEU","C","EAN1","English","L1"
"4791",12903,163,"expletive_test",99,2,"test","pos","pej","TO","C","EPP2","English","L1"
"4792",12904,163,"expletive_test",21,1,"test","neg","pej","NEU","C","EPN1","English","L1"
"4793",12907,163,"expletive_test",99,3,"test","pos","pej","AO","C","EPP3","English","L1"
"4794",12910,163,"expletive_test",99,2,"test","neg","pej","TO","C","EPN2","English","L1"
"4795",12911,163,"expletive_test",77,2,"test","pos","adj","TO","C","EAP2","English","L1"
"4796",12912,163,"expletive_test",53,4,"test","pos","adj","NEU","C","EAP4","English","L1"
"4797",12915,163,"expletive_test",99,2,"test","neg","adj","TO","C","EAN2","English","L1"
"4798",12916,163,"expletive_test",99,6,"test","neg","adj","AO","C","EAN6","English","L1"
"4799",12917,163,"expletive_test",99,5,"test","neg","pej","TO","C","EPN5","English","L1"
"4800",12918,163,"expletive_test",89,6,"test","neg","pej","AO","C","EPN6","English","L1"
"4801",12919,163,"expletive_test",69,8,"test","pos","adj","TO","C","EAP8","English","L1"
"4802",12920,163,"expletive_test",82,1,"test","pos","pej","NEU","C","EPP1","English","L1"
"4803",12921,163,"expletive_test",77,7,"test","pos","adj","NEU","C","EAP7","English","L1"
"4804",12922,163,"expletive_test",44,4,"test","neg","pej","NEU","C","EPN4","English","L1"
"4805",12923,163,"expletive_test",99,6,"test","pos","pej","AO","C","EPP6","English","L1"
"4806",12924,163,"expletive_test",99,9,"test","pos","pej","AO","C","EPP9","English","L1"
"4807",12926,163,"expletive_test",79,6,"test","pos","adj","AO","C","EAP6","English","L1"
"4808",12927,163,"expletive_test",99,3,"test","neg","adj","AO","C","EAN3","English","L1"
"4809",12932,163,"expletive_test",99,3,"test","pos","adj","AO","C","EAP3","English","L1"
"4810",12933,163,"expletive_test",67,5,"test","neg","adj","TO","C","EAN5","English","L1"
"4811",12935,163,"expletive_test",14,7,"test","neg","adj","NEU","C","EAN7","English","L1"
"4812",12936,163,"expletive_test",77,7,"test","pos","pej","NEU","C","EPP7","English","L1"
"4813",12937,163,"expletive_test",99,8,"test","neg","adj","TO","C","EAN8","English","L1"
"4814",12938,163,"expletive_test",99,9,"test","neg","pej","AO","C","EPN9","English","L1"
"4815",12945,163,"expletive_test",99,5,"test","pos","adj","TO","C","EAP5","English","L1"
"4816",12946,163,"expletive_test",12,7,"test","neg","pej","NEU","C","EPN7","English","L1"
"4817",12948,163,"expletive_test",60,9,"test","pos","adj","AO","C","EAP9","English","L1"
"4818",12949,163,"expletive_test",99,8,"test","neg","pej","TO","C","EPN8","English","L1"
"4819",12950,163,"expletive_test",13,4,"test","neg","adj","NEU","C","EAN4","English","L1"
"4820",12953,163,"expletive_test",59,1,"test","pos","adj","NEU","C","EAP1","English","L1"
"4821",12954,163,"expletive_test",99,3,"test","neg","pej","AO","C","EPN3","English","L1"
"4822",12958,163,"expletive_test",99,5,"test","pos","pej","TO","C","EPP5","English","L1"
"4823",12959,163,"expletive_test",99,8,"test","pos","pej","TO","C","EPP8","English","L1"
"4824",12960,163,"expletive_test",59,4,"test","pos","pej","NEU","C","EPP4","English","L1"
