"","Participant","Word","likert_arousal","likert_valence","StudyLanguage","Nativeness"
"1",35,"pigra","3","4","Italian","L2"
"2",35,"tesoro","5","6","Italian","L2"
"3",35,"cattivo","2","2","Italian","L2"
"4",35,"demone","4","1","Italian","L2"
"5",35,"stronzo","5","1","Italian","L2"
"6",35,"osceno","4","3","Italian","L2"
"7",35,"saggia","2","6","Italian","L2"
"8",35,"crudele","4","2","Italian","L2"
"9",35,"gentile","2","7","Italian","L2"
"10",35,"riservata","4","5","Italian","L2"
"11",35,"buono","5","8","Italian","L2"
"12",35,"cauta","5","5","Italian","L2"
"13",35,"bugiarda","4","3","Italian","L2"
"14",35,"indiscreta","6","4","Italian","L2"
"15",35,"leale","5","6","Italian","L2"
"16",35,"elegante","6","8","Italian","L2"
"17",35,"inaffidabile","5","3","Italian","L2"
"18",35,"meschina","5","3","Italian","L2"
"19",35,"negativo","6","1","Italian","L2"
"20",35,"positivo","5","9","Italian","L2"
"21",35,"affidabile","6","7","Italian","L2"
"22",35,"sleale","4","2","Italian","L2"
"23",35,"paziente","1","6","Italian","L2"
"24",35,"santo","7","6","Italian","L2"
"25",35,"scortese","5","2","Italian","L2"
"26",35,"scrupolosa","5","4","Italian","L2"
"27",164,"tesoro","7","7","Italian","L2"
"28",164,"inaffidabile","3","2","Italian","L2"
"29",164,"meschina","6","8","Italian","L2"
"30",164,"crudele","3","2","Italian","L2"
"31",164,"sleale","3","3","Italian","L2"
"32",164,"affidabile","5","8","Italian","L2"
"33",164,"scortese","2","1","Italian","L2"
"34",164,"saggia","3","8","Italian","L2"
"35",164,"negativo","1","3","Italian","L2"
"36",164,"gentile","4","6","Italian","L2"
"37",164,"elegante","3","7","Italian","L2"
"38",164,"demone","3","3","Italian","L2"
"39",164,"buono","2","5","Italian","L2"
"40",164,"indiscreta","4","2","Italian","L2"
"41",164,"pigra","6","2","Italian","L2"
"42",164,"positivo","7","7","Italian","L2"
"43",164,"cattivo","3","3","Italian","L2"
"44",164,"stronzo","5","2","Italian","L2"
"45",164,"leale","5","7","Italian","L2"
"46",164,"riservata","2","5","Italian","L2"
"47",164,"scrupolosa","1","4","Italian","L2"
"48",164,"santo","3","6","Italian","L2"
"49",164,"paziente","1","7","Italian","L2"
"50",164,"osceno","5","2","Italian","L2"
"51",164,"cauta","1","5","Italian","L2"
"52",164,"bugiarda","5","1","Italian","L2"
"53",109,"riservata","1","9","Italian","L2"
"54",109,"stronzo","5","1","Italian","L2"
"55",109,"negativo","5","1","Italian","L2"
"56",109,"elegante","7","9","Italian","L2"
"57",109,"santo","1","9","Italian","L2"
"58",109,"demone","5","1","Italian","L2"
"59",109,"tesoro","9","9","Italian","L2"
"60",109,"crudele","5","1","Italian","L2"
"61",109,"sleale","5","1","Italian","L2"
"62",109,"cauta","5","5","Italian","L2"
"63",109,"positivo","9","9","Italian","L2"
"64",109,"cattivo","5","1","Italian","L2"
"65",109,"leale","9","9","Italian","L2"
"66",109,"scrupolosa","1","8","Italian","L2"
"67",109,"meschina","5","1","Italian","L2"
"68",109,"inaffidabile","5","1","Italian","L2"
"69",109,"affidabile","9","9","Italian","L2"
"70",109,"scortese","5","1","Italian","L2"
"71",109,"saggia","1","9","Italian","L2"
"72",109,"buono","9","9","Italian","L2"
"73",109,"indiscreta","5","5","Italian","L2"
"74",109,"paziente","1","9","Italian","L2"
"75",109,"gentile","1","9","Italian","L2"
"76",109,"bugiarda","5","1","Italian","L2"
"77",109,"pigra","5","1","Italian","L2"
"78",109,"osceno","5","1","Italian","L2"
"79",73,"saggia","3","7","Italian","L2"
"80",73,"osceno","8","3","Italian","L2"
"81",73,"leale","4","7","Italian","L2"
"82",73,"gentile","3","7","Italian","L2"
"83",73,"paziente","1","6","Italian","L2"
"84",73,"scortese","6","1","Italian","L2"
"85",73,"tesoro","5","9","Italian","L2"
"86",73,"negativo","5","1","Italian","L2"
"87",73,"buono","6","6","Italian","L2"
"88",73,"indiscreta","5","4","Italian","L2"
"89",73,"meschina","5","1","Italian","L2"
"90",73,"affidabile","5","9","Italian","L2"
"91",73,"positivo","8","9","Italian","L2"
"92",73,"sleale","5","1","Italian","L2"
"93",73,"inaffidabile","5","1","Italian","L2"
"94",73,"cattivo","5","1","Italian","L2"
"95",73,"santo","5","5","Italian","L2"
"96",73,"pigra","1","5","Italian","L2"
"97",73,"cauta","1","5","Italian","L2"
"98",73,"crudele","5","1","Italian","L2"
"99",73,"riservata","3","6","Italian","L2"
"100",73,"elegante","2","7","Italian","L2"
"101",73,"scrupolosa","5","5","Italian","L2"
"102",73,"demone","8","1","Italian","L2"
"103",73,"stronzo","5","5","Italian","L2"
"104",73,"bugiarda","5","1","Italian","L2"
"105",210,"scortese","1","1","Italian","L2"
"106",210,"saggia","1","9","Italian","L2"
"107",210,"pigra","6","1","Italian","L2"
"108",210,"negativo","5","1","Italian","L2"
"109",210,"scrupolosa","5","1","Italian","L2"
"110",210,"affidabile","1","9","Italian","L2"
"111",210,"stronzo","6","1","Italian","L2"
"112",210,"sleale","8","1","Italian","L2"
"113",210,"gentile","5","5","Italian","L2"
"114",210,"inaffidabile","7","1","Italian","L2"
"115",210,"positivo","1","9","Italian","L2"
"116",210,"cattivo","5","1","Italian","L2"
"117",210,"leale","1","9","Italian","L2"
"118",210,"santo","9","9","Italian","L2"
"119",210,"osceno","5","1","Italian","L2"
"120",210,"riservata","1","9","Italian","L2"
"121",210,"tesoro","2","9","Italian","L2"
"122",210,"cauta","5","5","Italian","L2"
"123",210,"bugiarda","5","1","Italian","L2"
"124",210,"paziente","1","9","Italian","L2"
"125",210,"indiscreta","5","3","Italian","L2"
"126",210,"crudele","5","1","Italian","L2"
"127",210,"meschina","6","1","Italian","L2"
"128",210,"buono","1","9","Italian","L2"
"129",210,"demone","5","1","Italian","L2"
"130",210,"elegante","1","9","Italian","L2"
"131",170,"elegante","2","8","Italian","L2"
"132",170,"gentile","2","9","Italian","L2"
"133",170,"negativo","4","2","Italian","L2"
"134",170,"santo","1","5","Italian","L2"
"135",170,"scrupolosa","5","4","Italian","L2"
"136",170,"meschina","4","2","Italian","L2"
"137",170,"riservata","1","9","Italian","L2"
"138",170,"leale","5","9","Italian","L2"
"139",170,"indiscreta","6","3","Italian","L2"
"140",170,"saggia","6","7","Italian","L2"
"141",170,"cauta","3","7","Italian","L2"
"142",170,"scortese","5","1","Italian","L2"
"143",170,"paziente","2","7","Italian","L2"
"144",170,"cattivo","4","1","Italian","L2"
"145",170,"demone","4","1","Italian","L2"
"146",170,"bugiarda","6","1","Italian","L2"
"147",170,"affidabile","7","9","Italian","L2"
"148",170,"osceno","4","1","Italian","L2"
"149",170,"tesoro","6","9","Italian","L2"
"150",170,"crudele","4","2","Italian","L2"
"151",170,"sleale","8","2","Italian","L2"
"152",170,"positivo","6","9","Italian","L2"
"153",170,"stronzo","3","1","Italian","L2"
"154",170,"inaffidabile","6","1","Italian","L2"
"155",170,"buono","6","9","Italian","L2"
"156",170,"pigra","3","3","Italian","L2"
"157",139,"riservata","7","6","Italian","L2"
"158",139,"osceno","8","5","Italian","L2"
"159",139,"scortese","8","8","Italian","L2"
"160",139,"cauta","7","3","Italian","L2"
"161",139,"stronzo","7","8","Italian","L2"
"162",139,"elegante","8","9","Italian","L2"
"163",139,"scrupolosa","8","9","Italian","L2"
"164",139,"paziente","4","4","Italian","L2"
"165",139,"indiscreta","4","4","Italian","L2"
"166",139,"buono","5","5","Italian","L2"
"167",139,"cattivo","3","4","Italian","L2"
"168",139,"bugiarda","8","8","Italian","L2"
"169",139,"crudele","8","9","Italian","L2"
"170",139,"saggia","4","5","Italian","L2"
"171",139,"sleale","4","3","Italian","L2"
"172",139,"tesoro","3","3","Italian","L2"
"173",139,"meschina","4","4","Italian","L2"
"174",139,"negativo","2","3","Italian","L2"
"175",139,"positivo","9","9","Italian","L2"
"176",139,"affidabile","9","9","Italian","L2"
"177",139,"inaffidabile","6","5","Italian","L2"
"178",139,"pigra","2","3","Italian","L2"
"179",139,"leale","3","3","Italian","L2"
"180",139,"gentile","9","9","Italian","L2"
"181",139,"santo","6","6","Italian","L2"
"182",139,"demone","4","4","Italian","L2"
"183",57,"stronzo","6","2","Italian","L2"
"184",57,"santo","3","6","Italian","L2"
"185",57,"paziente","1","6","Italian","L2"
"186",57,"crudele","7","1","Italian","L2"
"187",57,"riservata","5","5","Italian","L2"
"188",57,"bugiarda","6","2","Italian","L2"
"189",57,"scrupolosa","6","5","Italian","L2"
"190",57,"inaffidabile","6","2","Italian","L2"
"191",57,"osceno","5","5","Italian","L2"
"192",57,"cauta","7","4","Italian","L2"
"193",57,"gentile","3","7","Italian","L2"
"194",57,"cattivo","7","3","Italian","L2"
"195",57,"positivo","5","7","Italian","L2"
"196",57,"sleale","6","3","Italian","L2"
"197",57,"leale","3","6","Italian","L2"
"198",57,"scortese","6","3","Italian","L2"
"199",57,"meschina","5","3","Italian","L2"
"200",57,"demone","7","2","Italian","L2"
"201",57,"negativo","4","3","Italian","L2"
"202",57,"elegante","3","6","Italian","L2"
"203",57,"indiscreta","5","4","Italian","L2"
"204",57,"tesoro","3","7","Italian","L2"
"205",57,"pigra","4","3","Italian","L2"
"206",57,"saggia","1","6","Italian","L2"
"207",57,"affidabile","1","6","Italian","L2"
"208",57,"buono","2","6","Italian","L2"
"209",160,"elegante","4","7","Italian","L2"
"210",160,"paziente","1","7","Italian","L2"
"211",160,"meschina","8","2","Italian","L2"
"212",160,"leale","1","5","Italian","L2"
"213",160,"scortese","8","1","Italian","L2"
"214",160,"bugiarda","9","1","Italian","L2"
"215",160,"gentile","2","7","Italian","L2"
"216",160,"osceno","8","1","Italian","L2"
"217",160,"riservata","2","5","Italian","L2"
"218",160,"crudele","9","1","Italian","L2"
"219",160,"positivo","5","7","Italian","L2"
"220",160,"indiscreta","5","5","Italian","L2"
"221",160,"negativo","6","1","Italian","L2"
"222",160,"sleale","8","1","Italian","L2"
"223",160,"cattivo","7","1","Italian","L2"
"224",160,"demone","9","1","Italian","L2"
"225",160,"stronzo","9","1","Italian","L2"
"226",160,"cauta","6","3","Italian","L2"
"227",160,"santo","5","7","Italian","L2"
"228",160,"pigra","5","1","Italian","L2"
"229",160,"scrupolosa","5","3","Italian","L2"
"230",160,"tesoro","9","9","Italian","L2"
"231",160,"buono","6","9","Italian","L2"
"232",160,"inaffidabile","6","2","Italian","L2"
"233",160,"saggia","3","7","Italian","L2"
"234",160,"affidabile","2","7","Italian","L2"
"235",240,"buono","7","7","Italian","L2"
"236",240,"pigra","4","5","Italian","L2"
"237",240,"tesoro","6","7","Italian","L2"
"238",240,"demone","3","1","Italian","L2"
"239",240,"elegante","9","9","Italian","L2"
"240",240,"inaffidabile","5","4","Italian","L2"
"241",240,"scortese","3","2","Italian","L2"
"242",240,"riservata","5","2","Italian","L2"
"243",240,"meschina","3","1","Italian","L2"
"244",240,"cauta","5","5","Italian","L2"
"245",240,"saggia","9","8","Italian","L2"
"246",240,"leale","9","9","Italian","L2"
"247",240,"paziente","7","8","Italian","L2"
"248",240,"crudele","3","2","Italian","L2"
"249",240,"osceno","2","1","Italian","L2"
"250",240,"sleale","4","2","Italian","L2"
"251",240,"indiscreta","5","5","Italian","L2"
"252",240,"positivo","9","8","Italian","L2"
"253",240,"bugiarda","1","1","Italian","L2"
"254",240,"negativo","3","2","Italian","L2"
"255",240,"stronzo","1","1","Italian","L2"
"256",240,"scrupolosa","5","5","Italian","L2"
"257",240,"cattivo","4","2","Italian","L2"
"258",240,"gentile","7","6","Italian","L2"
"259",240,"santo","4","4","Italian","L2"
"260",240,"affidabile","9","8","Italian","L2"
"261",48,"scortese","4","1","Italian","L2"
"262",48,"paziente","5","8","Italian","L2"
"263",48,"sleale","3","1","Italian","L2"
"264",48,"inaffidabile","2","1","Italian","L2"
"265",48,"meschina","5","1","Italian","L2"
"266",48,"cauta","5","5","Italian","L2"
"267",48,"positivo","6","9","Italian","L2"
"268",48,"buono","6","9","Italian","L2"
"269",48,"negativo","4","1","Italian","L2"
"270",48,"osceno","4","1","Italian","L2"
"271",48,"pigra","2","1","Italian","L2"
"272",48,"cattivo","6","1","Italian","L2"
"273",48,"crudele","8","1","Italian","L2"
"274",48,"bugiarda","6","1","Italian","L2"
"275",48,"stronzo","8","1","Italian","L2"
"276",48,"affidabile","6","9","Italian","L2"
"277",48,"tesoro","9","9","Italian","L2"
"278",48,"elegante","4","7","Italian","L2"
"279",48,"gentile","5","9","Italian","L2"
"280",48,"leale","3","9","Italian","L2"
"281",48,"scrupolosa","5","5","Italian","L2"
"282",48,"santo","4","5","Italian","L2"
"283",48,"indiscreta","3","5","Italian","L2"
"284",48,"demone","6","1","Italian","L2"
"285",48,"saggia","1","9","Italian","L2"
"286",48,"riservata","2","9","Italian","L2"
"287",42,"cauta","3","5","Italian","L2"
"288",42,"saggia","3","7","Italian","L2"
"289",42,"bugiarda","7","2","Italian","L2"
"290",42,"riservata","2","5","Italian","L2"
"291",42,"buono","4","8","Italian","L2"
"292",42,"elegante","4","7","Italian","L2"
"293",42,"paziente","2","7","Italian","L2"
"294",42,"inaffidabile","6","2","Italian","L2"
"295",42,"demone","7","3","Italian","L2"
"296",42,"gentile","3","8","Italian","L2"
"297",42,"scortese","6","2","Italian","L2"
"298",42,"sleale","7","2","Italian","L2"
"299",42,"tesoro","5","8","Italian","L2"
"300",42,"scrupolosa","3","7","Italian","L2"
"301",42,"cattivo","6","1","Italian","L2"
"302",42,"osceno","7","2","Italian","L2"
"303",42,"pigra","4","3","Italian","L2"
"304",42,"affidabile","3","8","Italian","L2"
"305",42,"indiscreta","5","3","Italian","L2"
"306",42,"leale","3","8","Italian","L2"
"307",42,"meschina","5","3","Italian","L2"
"308",42,"positivo","4","8","Italian","L2"
"309",42,"crudele","8","1","Italian","L2"
"310",42,"santo","4","7","Italian","L2"
"311",42,"negativo","5","2","Italian","L2"
"312",42,"stronzo","8","1","Italian","L2"
"313",223,"sleale","4","2","Italian","L2"
"314",223,"pigra","4","3","Italian","L2"
"315",223,"positivo","7","9","Italian","L2"
"316",223,"paziente","6","7","Italian","L2"
"317",223,"affidabile","8","7","Italian","L2"
"318",223,"bugiarda","2","2","Italian","L2"
"319",223,"demone","3","1","Italian","L2"
"320",223,"saggia","1","7","Italian","L2"
"321",223,"elegante","6","9","Italian","L2"
"322",223,"stronzo","5","1","Italian","L2"
"323",223,"crudele","5","1","Italian","L2"
"324",223,"indiscreta","4","2","Italian","L2"
"325",223,"riservata","2","7","Italian","L2"
"326",223,"osceno","3","3","Italian","L2"
"327",223,"inaffidabile","4","3","Italian","L2"
"328",223,"scrupolosa","3","2","Italian","L2"
"329",223,"gentile","3","3","Italian","L2"
"330",223,"tesoro","4","8","Italian","L2"
"331",223,"cattivo","2","2","Italian","L2"
"332",223,"meschina","2","3","Italian","L2"
"333",223,"buono","3","8","Italian","L2"
"334",223,"santo","6","5","Italian","L2"
"335",223,"scortese","7","1","Italian","L2"
"336",223,"negativo","7","1","Italian","L2"
"337",223,"leale","2","8","Italian","L2"
"338",223,"cauta","3","7","Italian","L2"
"339",86,"saggia","8","8","Italian","L2"
"340",86,"paziente","8","8","Italian","L2"
"341",86,"scrupolosa","8","8","Italian","L2"
"342",86,"bugiarda","2","1","Italian","L2"
"343",86,"affidabile","8","8","Italian","L2"
"344",86,"crudele","2","2","Italian","L2"
"345",86,"inaffidabile","4","7","Italian","L2"
"346",86,"scortese","7","3","Italian","L2"
"347",86,"tesoro","6","6","Italian","L2"
"348",86,"indiscreta","6","7","Italian","L2"
"349",86,"elegante","8","8","Italian","L2"
"350",86,"osceno","5","5","Italian","L2"
"351",86,"sleale","7","3","Italian","L2"
"352",86,"positivo","8","8","Italian","L2"
"353",86,"buono","6","6","Italian","L2"
"354",86,"gentile","2","6","Italian","L2"
"355",86,"pigra","5","8","Italian","L2"
"356",86,"riservata","1","7","Italian","L2"
"357",86,"stronzo","7","2","Italian","L2"
"358",86,"santo","5","5","Italian","L2"
"359",86,"demone","8","3","Italian","L2"
"360",86,"cauta","2","7","Italian","L2"
"361",86,"cattivo","8","2","Italian","L2"
"362",86,"negativo","5","5","Italian","L2"
"363",86,"meschina","5","5","Italian","L2"
"364",86,"leale","8","4","Italian","L2"
"365",114,"cattivo","5","2","Italian","L2"
"366",114,"leale","6","6","Italian","L2"
"367",114,"pigra","5","1","Italian","L2"
"368",114,"positivo","9","9","Italian","L2"
"369",114,"cauta","3","5","Italian","L2"
"370",114,"riservata","1","9","Italian","L2"
"371",114,"buono","7","9","Italian","L2"
"372",114,"saggia","8","8","Italian","L2"
"373",114,"demone","5","1","Italian","L2"
"374",114,"santo","1","8","Italian","L2"
"375",114,"tesoro","8","8","Italian","L2"
"376",114,"stronzo","3","2","Italian","L2"
"377",114,"scrupolosa","7","7","Italian","L2"
"378",114,"negativo","3","2","Italian","L2"
"379",114,"elegante","9","8","Italian","L2"
"380",114,"meschina","3","3","Italian","L2"
"381",114,"sleale","3","1","Italian","L2"
"382",114,"osceno","4","3","Italian","L2"
"383",114,"bugiarda","2","2","Italian","L2"
"384",114,"affidabile","6","7","Italian","L2"
"385",114,"inaffidabile","1","1","Italian","L2"
"386",114,"paziente","1","8","Italian","L2"
"387",114,"scortese","1","1","Italian","L2"
"388",114,"gentile","5","5","Italian","L2"
"389",114,"crudele","2","2","Italian","L2"
"390",114,"indiscreta","2","2","Italian","L2"
"391",37,"bugiarda","5","2","Italian","L2"
"392",37,"cauta","5","7","Italian","L2"
"393",37,"negativo","3","2","Italian","L2"
"394",37,"meschina","5","5","Italian","L2"
"395",37,"cattivo","4","2","Italian","L2"
"396",37,"tesoro","8","9","Italian","L2"
"397",37,"stronzo","6","2","Italian","L2"
"398",37,"elegante","7","9","Italian","L2"
"399",37,"santo","6","8","Italian","L2"
"400",37,"osceno","5","5","Italian","L2"
"401",37,"scortese","2","2","Italian","L2"
"402",37,"saggia","5","5","Italian","L2"
"403",37,"pigra","3","2","Italian","L2"
"404",37,"buono","7","8","Italian","L2"
"405",37,"sleale","5","5","Italian","L2"
"406",37,"riservata","1","6","Italian","L2"
"407",37,"scrupolosa","1","4","Italian","L2"
"408",37,"indiscreta","2","6","Italian","L2"
"409",37,"leale","5","5","Italian","L2"
"410",37,"paziente","1","9","Italian","L2"
"411",37,"crudele","4","1","Italian","L2"
"412",37,"positivo","2","9","Italian","L2"
"413",37,"gentile","1","8","Italian","L2"
"414",37,"inaffidabile","4","2","Italian","L2"
"415",37,"demone","5","1","Italian","L2"
"416",37,"affidabile","1","9","Italian","L2"
"417",229,"scortese","9","9","Italian","L2"
"418",229,"meschina","5","2","Italian","L2"
"419",229,"tesoro","9","9","Italian","L2"
"420",229,"crudele","5","1","Italian","L2"
"421",229,"osceno","5","5","Italian","L2"
"422",229,"affidabile","1","9","Italian","L2"
"423",229,"stronzo","5","1","Italian","L2"
"424",229,"cauta","5","5","Italian","L2"
"425",229,"gentile","5","3","Italian","L2"
"426",229,"demone","5","1","Italian","L2"
"427",229,"indiscreta","5","5","Italian","L2"
"428",229,"sleale","4","1","Italian","L2"
"429",229,"riservata","6","7","Italian","L2"
"430",229,"inaffidabile","4","2","Italian","L2"
"431",229,"buono","9","9","Italian","L2"
"432",229,"bugiarda","5","1","Italian","L2"
"433",229,"leale","8","9","Italian","L2"
"434",229,"elegante","7","9","Italian","L2"
"435",229,"paziente","1","9","Italian","L2"
"436",229,"cattivo","5","1","Italian","L2"
"437",229,"scrupolosa","5","5","Italian","L2"
"438",229,"positivo","5","9","Italian","L2"
"439",229,"negativo","5","1","Italian","L2"
"440",229,"saggia","5","9","Italian","L2"
"441",229,"santo","5","7","Italian","L2"
"442",229,"pigra","4","5","Italian","L2"
"443",61,"scrupolosa","5","5","Italian","L2"
"444",61,"crudele","5","1","Italian","L2"
"445",61,"positivo","7","9","Italian","L2"
"446",61,"affidabile","9","9","Italian","L2"
"447",61,"buono","8","8","Italian","L2"
"448",61,"elegante","5","9","Italian","L2"
"449",61,"paziente","1","7","Italian","L2"
"450",61,"saggia","1","5","Italian","L2"
"451",61,"negativo","5","1","Italian","L2"
"452",61,"tesoro","6","7","Italian","L2"
"453",61,"riservata","5","5","Italian","L2"
"454",61,"gentile","1","7","Italian","L2"
"455",61,"meschina","5","1","Italian","L2"
"456",61,"cattivo","5","1","Italian","L2"
"457",61,"pigra","1","1","Italian","L2"
"458",61,"cauta","6","6","Italian","L2"
"459",61,"scortese","1","1","Italian","L2"
"460",61,"leale","1","7","Italian","L2"
"461",61,"bugiarda","5","5","Italian","L2"
"462",61,"osceno","5","5","Italian","L2"
"463",61,"sleale","5","1","Italian","L2"
"464",61,"stronzo","5","1","Italian","L2"
"465",61,"inaffidabile","8","1","Italian","L2"
"466",61,"demone","5","1","Italian","L2"
"467",61,"indiscreta","1","1","Italian","L2"
"468",61,"santo","5","5","Italian","L2"
"469",90,"pigra","4","3","Italian","L2"
"470",90,"negativo","2","1","Italian","L2"
"471",90,"tesoro","7","6","Italian","L2"
"472",90,"sleale","3","2","Italian","L2"
"473",90,"cattivo","2","1","Italian","L2"
"474",90,"elegante","5","6","Italian","L2"
"475",90,"bugiarda","2","2","Italian","L2"
"476",90,"meschina","4","2","Italian","L2"
"477",90,"gentile","5","5","Italian","L2"
"478",90,"scrupolosa","1","1","Italian","L2"
"479",90,"osceno","5","2","Italian","L2"
"480",90,"affidabile","5","7","Italian","L2"
"481",90,"demone","1","1","Italian","L2"
"482",90,"inaffidabile","2","1","Italian","L2"
"483",90,"indiscreta","3","1","Italian","L2"
"484",90,"crudele","1","1","Italian","L2"
"485",90,"cauta","5","4","Italian","L2"
"486",90,"riservata","5","6","Italian","L2"
"487",90,"positivo","8","9","Italian","L2"
"488",90,"saggia","7","8","Italian","L2"
"489",90,"santo","5","6","Italian","L2"
"490",90,"stronzo","1","2","Italian","L2"
"491",90,"scortese","1","1","Italian","L2"
"492",90,"leale","7","7","Italian","L2"
"493",90,"buono","6","7","Italian","L2"
"494",90,"paziente","3","6","Italian","L2"
"495",122,"buono","7","9","Italian","L2"
"496",122,"osceno","4","4","Italian","L2"
"497",122,"riservata","3","7","Italian","L2"
"498",122,"negativo","2","2","Italian","L2"
"499",122,"paziente","3","7","Italian","L2"
"500",122,"meschina","3","3","Italian","L2"
"501",122,"scrupolosa","6","4","Italian","L2"
"502",122,"stronzo","4","3","Italian","L2"
"503",122,"affidabile","7","7","Italian","L2"
"504",122,"tesoro","9","9","Italian","L2"
"505",122,"indiscreta","4","3","Italian","L2"
"506",122,"bugiarda","5","4","Italian","L2"
"507",122,"elegante","7","9","Italian","L2"
"508",122,"positivo","5","8","Italian","L2"
"509",122,"demone","3","2","Italian","L2"
"510",122,"pigra","2","1","Italian","L2"
"511",122,"inaffidabile","3","2","Italian","L2"
"512",122,"gentile","5","8","Italian","L2"
"513",122,"santo","6","8","Italian","L2"
"514",122,"scortese","3","2","Italian","L2"
"515",122,"cattivo","3","3","Italian","L2"
"516",122,"leale","6","8","Italian","L2"
"517",122,"cauta","5","6","Italian","L2"
"518",122,"sleale","3","3","Italian","L2"
"519",122,"saggia","4","4","Italian","L2"
"520",122,"crudele","3","3","Italian","L2"
"521",157,"affidabile","5","9","Italian","L2"
"522",157,"tesoro","5","8","Italian","L2"
"523",157,"riservata","3","3","Italian","L2"
"524",157,"indiscreta","4","4","Italian","L2"
"525",157,"crudele","5","1","Italian","L2"
"526",157,"saggia","3","5","Italian","L2"
"527",157,"elegante","4","6","Italian","L2"
"528",157,"inaffidabile","4","1","Italian","L2"
"529",157,"paziente","2","5","Italian","L2"
"530",157,"sleale","4","1","Italian","L2"
"531",157,"pigra","2","2","Italian","L2"
"532",157,"meschina","5","1","Italian","L2"
"533",157,"positivo","9","9","Italian","L2"
"534",157,"santo","3","9","Italian","L2"
"535",157,"negativo","3","1","Italian","L2"
"536",157,"bugiarda","4","1","Italian","L2"
"537",157,"stronzo","4","1","Italian","L2"
"538",157,"gentile","5","9","Italian","L2"
"539",157,"osceno","5","5","Italian","L2"
"540",157,"buono","5","7","Italian","L2"
"541",157,"scortese","5","1","Italian","L2"
"542",157,"cattivo","5","1","Italian","L2"
"543",157,"scrupolosa","5","4","Italian","L2"
"544",157,"cauta","5","5","Italian","L2"
"545",157,"demone","5","1","Italian","L2"
"546",157,"leale","5","9","Italian","L2"
"547",13,"crudele","5","2","Italian","L2"
"548",13,"affidabile","2","9","Italian","L2"
"549",13,"sleale","2","1","Italian","L2"
"550",13,"scrupolosa","3","2","Italian","L2"
"551",13,"positivo","8","9","Italian","L2"
"552",13,"demone","1","1","Italian","L2"
"553",13,"cauta","5","7","Italian","L2"
"554",13,"osceno","1","1","Italian","L2"
"555",13,"buono","9","9","Italian","L2"
"556",13,"negativo","1","1","Italian","L2"
"557",13,"pigra","1","1","Italian","L2"
"558",13,"paziente","4","4","Italian","L2"
"559",13,"meschina","2","4","Italian","L2"
"560",13,"tesoro","6","8","Italian","L2"
"561",13,"gentile","5","8","Italian","L2"
"562",13,"inaffidabile","2","1","Italian","L2"
"563",13,"indiscreta","1","1","Italian","L2"
"564",13,"scortese","1","1","Italian","L2"
"565",13,"riservata","9","9","Italian","L2"
"566",13,"elegante","7","8","Italian","L2"
"567",13,"santo","8","8","Italian","L2"
"568",13,"stronzo","1","1","Italian","L2"
"569",13,"saggia","9","8","Italian","L2"
"570",13,"cattivo","1","1","Italian","L2"
"571",13,"bugiarda","1","2","Italian","L2"
"572",13,"leale","8","7","Italian","L2"
"573",108,"buono","3","7","Italian","L2"
"574",108,"bugiarda","7","2","Italian","L2"
"575",108,"sleale","7","2","Italian","L2"
"576",108,"osceno","8","2","Italian","L2"
"577",108,"negativo","8","1","Italian","L2"
"578",108,"affidabile","5","7","Italian","L2"
"579",108,"scrupolosa","6","3","Italian","L2"
"580",108,"saggia","5","7","Italian","L2"
"581",108,"cauta","2","7","Italian","L2"
"582",108,"indiscreta","9","2","Italian","L2"
"583",108,"stronzo","9","2","Italian","L2"
"584",108,"elegante","5","9","Italian","L2"
"585",108,"positivo","9","9","Italian","L2"
"586",108,"santo","1","6","Italian","L2"
"587",108,"inaffidabile","6","3","Italian","L2"
"588",108,"pigra","7","2","Italian","L2"
"589",108,"tesoro","9","9","Italian","L2"
"590",108,"meschina","8","2","Italian","L2"
"591",108,"demone","9","2","Italian","L2"
"592",108,"crudele","8","2","Italian","L2"
"593",108,"scortese","9","2","Italian","L2"
"594",108,"leale","5","8","Italian","L2"
"595",108,"paziente","3","9","Italian","L2"
"596",108,"gentile","5","9","Italian","L2"
"597",108,"cattivo","8","1","Italian","L2"
"598",108,"riservata","5","6","Italian","L2"
"599",94,"meschina","7","3","Italian","L2"
"600",94,"scortese","5","1","Italian","L2"
"601",94,"saggia","6","7","Italian","L2"
"602",94,"elegante","5","7","Italian","L2"
"603",94,"cauta","3","9","Italian","L2"
"604",94,"demone","7","1","Italian","L2"
"605",94,"riservata","5","6","Italian","L2"
"606",94,"santo","4","5","Italian","L2"
"607",94,"tesoro","9","9","Italian","L2"
"608",94,"positivo","1","9","Italian","L2"
"609",94,"osceno","4","1","Italian","L2"
"610",94,"crudele","6","4","Italian","L2"
"611",94,"gentile","4","6","Italian","L2"
"612",94,"negativo","5","5","Italian","L2"
"613",94,"inaffidabile","4","1","Italian","L2"
"614",94,"buono","6","8","Italian","L2"
"615",94,"affidabile","6","5","Italian","L2"
"616",94,"cattivo","1","1","Italian","L2"
"617",94,"paziente","2","5","Italian","L2"
"618",94,"pigra","5","5","Italian","L2"
"619",94,"stronzo","4","5","Italian","L2"
"620",94,"bugiarda","2","6","Italian","L2"
"621",94,"indiscreta","5","5","Italian","L2"
"622",94,"scrupolosa","5","5","Italian","L2"
"623",94,"sleale","5","5","Italian","L2"
"624",94,"leale","4","6","Italian","L2"
"625",1,"sleale","4","3","Italian","L2"
"626",1,"demone","7","6","Italian","L2"
"627",1,"indiscreta","5","4","Italian","L2"
"628",1,"scrupolosa","7","5","Italian","L2"
"629",1,"meschina","7","5","Italian","L2"
"630",1,"cattivo","4","3","Italian","L2"
"631",1,"crudele","7","5","Italian","L2"
"632",1,"affidabile","7","8","Italian","L2"
"633",1,"saggia","7","5","Italian","L2"
"634",1,"positivo","6","6","Italian","L2"
"635",1,"inaffidabile","6","2","Italian","L2"
"636",1,"negativo","7","5","Italian","L2"
"637",1,"santo","7","4","Italian","L2"
"638",1,"elegante","7","5","Italian","L2"
"639",1,"osceno","7","5","Italian","L2"
"640",1,"buono","7","6","Italian","L2"
"641",1,"stronzo","7","5","Italian","L2"
"642",1,"riservata","6","4","Italian","L2"
"643",1,"gentile","7","4","Italian","L2"
"644",1,"bugiarda","3","2","Italian","L2"
"645",1,"paziente","6","6","Italian","L2"
"646",1,"scortese","7","5","Italian","L2"
"647",1,"leale","7","4","Italian","L2"
"648",1,"tesoro","7","5","Italian","L2"
"649",1,"pigra","7","5","Italian","L2"
"650",1,"cauta","7","5","Italian","L2"
"651",215,"meschina","3","1","Italian","L2"
"652",215,"cattivo","6","1","Italian","L2"
"653",215,"tesoro","4","8","Italian","L2"
"654",215,"gentile","4","8","Italian","L2"
"655",215,"leale","4","8","Italian","L2"
"656",215,"paziente","3","7","Italian","L2"
"657",215,"scortese","7","2","Italian","L2"
"658",215,"crudele","8","1","Italian","L2"
"659",215,"cauta","3","6","Italian","L2"
"660",215,"saggia","3","8","Italian","L2"
"661",215,"scrupolosa","4","7","Italian","L2"
"662",215,"osceno","8","1","Italian","L2"
"663",215,"pigra","3","3","Italian","L2"
"664",215,"riservata","3","6","Italian","L2"
"665",215,"affidabile","4","8","Italian","L2"
"666",215,"indiscreta","8","3","Italian","L2"
"667",215,"bugiarda","6","2","Italian","L2"
"668",215,"negativo","5","2","Italian","L2"
"669",215,"inaffidabile","6","1","Italian","L2"
"670",215,"positivo","5","9","Italian","L2"
"671",215,"sleale","7","2","Italian","L2"
"672",215,"stronzo","8","1","Italian","L2"
"673",215,"santo","3","9","Italian","L2"
"674",215,"buono","5","9","Italian","L2"
"675",215,"demone","8","2","Italian","L2"
"676",215,"elegante","4","8","Italian","L2"
"677",191,"osceno","8","1","Italian","L2"
"678",191,"elegante","1","9","Italian","L2"
"679",191,"gentile","1","9","Italian","L2"
"680",191,"paziente","1","9","Italian","L2"
"681",191,"tesoro","9","9","Italian","L2"
"682",191,"santo","1","9","Italian","L2"
"683",191,"demone","7","1","Italian","L2"
"684",191,"buono","5","9","Italian","L2"
"685",191,"cauta","1","4","Italian","L2"
"686",191,"inaffidabile","5","1","Italian","L2"
"687",191,"sleale","5","1","Italian","L2"
"688",191,"indiscreta","6","1","Italian","L2"
"689",191,"affidabile","1","9","Italian","L2"
"690",191,"scrupolosa","9","9","Italian","L2"
"691",191,"positivo","5","9","Italian","L2"
"692",191,"scortese","7","1","Italian","L2"
"693",191,"negativo","8","1","Italian","L2"
"694",191,"saggia","1","9","Italian","L2"
"695",191,"riservata","1","7","Italian","L2"
"696",191,"crudele","5","1","Italian","L2"
"697",191,"stronzo","9","1","Italian","L2"
"698",191,"bugiarda","5","1","Italian","L2"
"699",191,"leale","1","8","Italian","L2"
"700",191,"cattivo","5","1","Italian","L2"
"701",191,"pigra","3","3","Italian","L2"
"702",191,"meschina","4","1","Italian","L2"
"703",126,"gentile","7","7","Italian","L2"
"704",126,"inaffidabile","8","2","Italian","L2"
"705",126,"pigra","7","2","Italian","L2"
"706",126,"santo","7","3","Italian","L2"
"707",126,"scortese","6","6","Italian","L2"
"708",126,"cauta","9","3","Italian","L2"
"709",126,"indiscreta","3","2","Italian","L2"
"710",126,"stronzo","6","7","Italian","L2"
"711",126,"elegante","7","2","Italian","L2"
"712",126,"demone","4","6","Italian","L2"
"713",126,"crudele","9","5","Italian","L2"
"714",126,"riservata","4","7","Italian","L2"
"715",126,"paziente","3","6","Italian","L2"
"716",126,"tesoro","6","7","Italian","L2"
"717",126,"positivo","9","3","Italian","L2"
"718",126,"meschina","3","7","Italian","L2"
"719",126,"osceno","3","7","Italian","L2"
"720",126,"affidabile","6","3","Italian","L2"
"721",126,"scrupolosa","9","6","Italian","L2"
"722",126,"bugiarda","6","8","Italian","L2"
"723",126,"cattivo","7","4","Italian","L2"
"724",126,"leale","6","8","Italian","L2"
"725",126,"buono","6","3","Italian","L2"
"726",126,"negativo","9","7","Italian","L2"
"727",126,"saggia","3","7","Italian","L2"
"728",126,"sleale","9","6","Italian","L2"
"729",224,"sleale","4","3","Italian","L2"
"730",224,"positivo","9","9","Italian","L2"
"731",224,"meschina","2","5","Italian","L2"
"732",224,"buono","9","9","Italian","L2"
"733",224,"inaffidabile","3","1","Italian","L2"
"734",224,"indiscreta","1","2","Italian","L2"
"735",224,"saggia","3","7","Italian","L2"
"736",224,"crudele","1","1","Italian","L2"
"737",224,"riservata","4","3","Italian","L2"
"738",224,"osceno","3","2","Italian","L2"
"739",224,"paziente","5","5","Italian","L2"
"740",224,"leale","6","3","Italian","L2"
"741",224,"scortese","4","3","Italian","L2"
"742",224,"santo","4","2","Italian","L2"
"743",224,"scrupolosa","6","2","Italian","L2"
"744",224,"demone","2","1","Italian","L2"
"745",224,"cattivo","4","1","Italian","L2"
"746",224,"cauta","5","3","Italian","L2"
"747",224,"elegante","9","9","Italian","L2"
"748",224,"stronzo","5","5","Italian","L2"
"749",224,"gentile","7","8","Italian","L2"
"750",224,"affidabile","8","9","Italian","L2"
"751",224,"pigra","8","6","Italian","L2"
"752",224,"negativo","2","1","Italian","L2"
"753",224,"bugiarda","3","2","Italian","L2"
"754",224,"tesoro","4","2","Italian","L2"
"755",26,"bugiarda","8","1","Italian","L2"
"756",26,"pigra","6","2","Italian","L2"
"757",26,"tesoro","3","9","Italian","L2"
"758",26,"cattivo","4","2","Italian","L2"
"759",26,"gentile","2","9","Italian","L2"
"760",26,"scortese","7","1","Italian","L2"
"761",26,"osceno","6","2","Italian","L2"
"762",26,"stronzo","7","1","Italian","L2"
"763",26,"santo","1","9","Italian","L2"
"764",26,"riservata","1","6","Italian","L2"
"765",26,"negativo","5","1","Italian","L2"
"766",26,"affidabile","3","9","Italian","L2"
"767",26,"meschina","6","2","Italian","L2"
"768",26,"sleale","6","1","Italian","L2"
"769",26,"leale","1","8","Italian","L2"
"770",26,"cauta","9","3","Italian","L2"
"771",26,"buono","5","9","Italian","L2"
"772",26,"paziente","2","7","Italian","L2"
"773",26,"elegante","2","8","Italian","L2"
"774",26,"saggia","3","7","Italian","L2"
"775",26,"scrupolosa","6","6","Italian","L2"
"776",26,"positivo","7","9","Italian","L2"
"777",26,"demone","7","1","Italian","L2"
"778",26,"crudele","5","1","Italian","L2"
"779",26,"inaffidabile","6","1","Italian","L2"
"780",26,"indiscreta","7","1","Italian","L2"
"781",231,"inaffidabile","5","5","Italian","L2"
"782",231,"sleale","5","5","Italian","L2"
"783",231,"leale","5","5","Italian","L2"
"784",231,"paziente","5","5","Italian","L2"
"785",231,"bugiarda","5","6","Italian","L2"
"786",231,"positivo","5","4","Italian","L2"
"787",231,"stronzo","5","5","Italian","L2"
"788",231,"osceno","5","6","Italian","L2"
"789",231,"tesoro","6","5","Italian","L2"
"790",231,"scrupolosa","5","7","Italian","L2"
"791",231,"meschina","5","5","Italian","L2"
"792",231,"demone","5","4","Italian","L2"
"793",231,"cauta","5","4","Italian","L2"
"794",231,"scortese","5","5","Italian","L2"
"795",231,"buono","5","5","Italian","L2"
"796",231,"negativo","5","4","Italian","L2"
"797",231,"pigra","5","4","Italian","L2"
"798",231,"riservata","5","4","Italian","L2"
"799",231,"gentile","5","5","Italian","L2"
"800",231,"elegante","5","5","Italian","L2"
"801",231,"saggia","5","5","Italian","L2"
"802",231,"crudele","5","5","Italian","L2"
"803",231,"affidabile","5","5","Italian","L2"
"804",231,"cattivo","6","5","Italian","L2"
"805",231,"santo","5","5","Italian","L2"
"806",231,"indiscreta","4","4","Italian","L2"
"807",7,"negativo","7","3","Italian","L2"
"808",7,"inaffidabile","7","3","Italian","L2"
"809",7,"cauta","5","4","Italian","L2"
"810",7,"elegante","4","8","Italian","L2"
"811",7,"santo","3","8","Italian","L2"
"812",7,"paziente","3","8","Italian","L2"
"813",7,"pigra","7","3","Italian","L2"
"814",7,"leale","3","8","Italian","L2"
"815",7,"scortese","8","2","Italian","L2"
"816",7,"indiscreta","7","2","Italian","L2"
"817",7,"demone","8","1","Italian","L2"
"818",7,"affidabile","2","8","Italian","L2"
"819",7,"scrupolosa","4","7","Italian","L2"
"820",7,"osceno","9","1","Italian","L2"
"821",7,"crudele","9","1","Italian","L2"
"822",7,"tesoro","7","8","Italian","L2"
"823",7,"gentile","3","7","Italian","L2"
"824",7,"riservata","4","6","Italian","L2"
"825",7,"meschina","7","2","Italian","L2"
"826",7,"bugiarda","7","2","Italian","L2"
"827",7,"stronzo","9","1","Italian","L2"
"828",7,"buono","5","6","Italian","L2"
"829",7,"positivo","6","7","Italian","L2"
"830",7,"cattivo","8","1","Italian","L2"
"831",7,"saggia","4","7","Italian","L2"
"832",7,"sleale","6","3","Italian","L2"
"833",130,"inaffidabile","4","4","Italian","L2"
"834",130,"buono","9","8","Italian","L2"
"835",130,"leale","7","8","Italian","L2"
"836",130,"meschina","5","5","Italian","L2"
"837",130,"demone","2","3","Italian","L2"
"838",130,"crudele","4","4","Italian","L2"
"839",130,"indiscreta","5","5","Italian","L2"
"840",130,"scortese","4","4","Italian","L2"
"841",130,"tesoro","8","9","Italian","L2"
"842",130,"elegante","7","6","Italian","L2"
"843",130,"sleale","5","4","Italian","L2"
"844",130,"stronzo","5","3","Italian","L2"
"845",130,"pigra","5","5","Italian","L2"
"846",130,"santo","7","8","Italian","L2"
"847",130,"affidabile","9","8","Italian","L2"
"848",130,"positivo","9","9","Italian","L2"
"849",130,"bugiarda","5","3","Italian","L2"
"850",130,"scrupolosa","5","5","Italian","L2"
"851",130,"osceno","5","5","Italian","L2"
"852",130,"saggia","4","7","Italian","L2"
"853",130,"cattivo","5","3","Italian","L2"
"854",130,"paziente","5","6","Italian","L2"
"855",130,"gentile","5","5","Italian","L2"
"856",130,"riservata","4","5","Italian","L2"
"857",130,"cauta","5","5","Italian","L2"
"858",130,"negativo","5","2","Italian","L2"
"859",31,"indiscreta","7","8","Italian","L2"
"860",31,"riservata","7","7","Italian","L2"
"861",31,"inaffidabile","7","6","Italian","L2"
"862",31,"affidabile","7","7","Italian","L2"
"863",31,"buono","8","7","Italian","L2"
"864",31,"crudele","8","7","Italian","L2"
"865",31,"sleale","9","8","Italian","L2"
"866",31,"saggia","7","8","Italian","L2"
"867",31,"scrupolosa","4","4","Italian","L2"
"868",31,"positivo","8","8","Italian","L2"
"869",31,"stronzo","7","7","Italian","L2"
"870",31,"elegante","7","7","Italian","L2"
"871",31,"tesoro","8","7","Italian","L2"
"872",31,"bugiarda","9","8","Italian","L2"
"873",31,"meschina","7","6","Italian","L2"
"874",31,"santo","8","7","Italian","L2"
"875",31,"gentile","8","7","Italian","L2"
"876",31,"cauta","8","7","Italian","L2"
"877",31,"demone","8","7","Italian","L2"
"878",31,"scortese","8","6","Italian","L2"
"879",31,"paziente","8","7","Italian","L2"
"880",31,"leale","9","8","Italian","L2"
"881",31,"negativo","5","4","Italian","L2"
"882",31,"pigra","7","6","Italian","L2"
"883",31,"osceno","8","7","Italian","L2"
"884",31,"cattivo","8","8","Italian","L2"
"885",263,"scortese","6","1","Italian","L2"
"886",263,"paziente","4","9","Italian","L2"
"887",263,"cauta","8","6","Italian","L2"
"888",263,"crudele","8","1","Italian","L2"
"889",263,"osceno","7","4","Italian","L2"
"890",263,"affidabile","2","9","Italian","L2"
"891",263,"scrupolosa","6","7","Italian","L2"
"892",263,"pigra","7","3","Italian","L2"
"893",263,"gentile","2","9","Italian","L2"
"894",263,"sleale","9","1","Italian","L2"
"895",263,"santo","3","6","Italian","L2"
"896",263,"leale","1","9","Italian","L2"
"897",263,"bugiarda","8","2","Italian","L2"
"898",263,"stronzo","5","2","Italian","L2"
"899",263,"cattivo","8","1","Italian","L2"
"900",263,"demone","6","5","Italian","L2"
"901",263,"riservata","2","8","Italian","L2"
"902",263,"tesoro","2","7","Italian","L2"
"903",263,"elegante","6","6","Italian","L2"
"904",263,"indiscreta","7","2","Italian","L2"
"905",263,"inaffidabile","7","2","Italian","L2"
"906",263,"negativo","5","1","Italian","L2"
"907",263,"saggia","4","6","Italian","L2"
"908",263,"buono","2","7","Italian","L2"
"909",263,"meschina","6","3","Italian","L2"
"910",263,"positivo","2","8","Italian","L2"
"911",235,"saggia","7","3","Italian","L2"
"912",235,"negativo","3","3","Italian","L2"
"913",235,"sleale","4","4","Italian","L2"
"914",235,"stronzo","6","6","Italian","L2"
"915",235,"paziente","3","3","Italian","L2"
"916",235,"meschina","7","6","Italian","L2"
"917",235,"cattivo","6","5","Italian","L2"
"918",235,"santo","3","3","Italian","L2"
"919",235,"scrupolosa","7","8","Italian","L2"
"920",235,"elegante","8","2","Italian","L2"
"921",235,"riservata","4","3","Italian","L2"
"922",235,"osceno","7","7","Italian","L2"
"923",235,"scortese","7","7","Italian","L2"
"924",235,"inaffidabile","4","8","Italian","L2"
"925",235,"cauta","4","3","Italian","L2"
"926",235,"crudele","7","6","Italian","L2"
"927",235,"pigra","7","6","Italian","L2"
"928",235,"tesoro","8","7","Italian","L2"
"929",235,"demone","7","6","Italian","L2"
"930",235,"affidabile","7","6","Italian","L2"
"931",235,"bugiarda","7","6","Italian","L2"
"932",235,"positivo","9","8","Italian","L2"
"933",235,"leale","3","2","Italian","L2"
"934",235,"indiscreta","4","3","Italian","L2"
"935",235,"buono","5","4","Italian","L2"
"936",235,"gentile","6","5","Italian","L2"
"937",25,"riservata","1","6","Italian","L2"
"938",25,"tesoro","5","9","Italian","L2"
"939",25,"elegante","2","9","Italian","L2"
"940",25,"stronzo","8","1","Italian","L2"
"941",25,"leale","2","9","Italian","L2"
"942",25,"crudele","7","1","Italian","L2"
"943",25,"cauta","1","6","Italian","L2"
"944",25,"cattivo","6","1","Italian","L2"
"945",25,"saggia","1","9","Italian","L2"
"946",25,"indiscreta","6","2","Italian","L2"
"947",25,"scortese","6","2","Italian","L2"
"948",25,"demone","7","1","Italian","L2"
"949",25,"scrupolosa","2","6","Italian","L2"
"950",25,"gentile","1","9","Italian","L2"
"951",25,"paziente","1","8","Italian","L2"
"952",25,"osceno","8","1","Italian","L2"
"953",25,"buono","2","9","Italian","L2"
"954",25,"positivo","5","9","Italian","L2"
"955",25,"negativo","5","1","Italian","L2"
"956",25,"pigra","1","3","Italian","L2"
"957",25,"affidabile","2","9","Italian","L2"
"958",25,"meschina","4","2","Italian","L2"
"959",25,"inaffidabile","6","2","Italian","L2"
"960",25,"bugiarda","7","2","Italian","L2"
"961",25,"sleale","7","1","Italian","L2"
"962",25,"santo","1","9","Italian","L2"
"963",8,"bugiarda","6","7","Italian","L2"
"964",8,"cattivo","8","7","Italian","L2"
"965",8,"paziente","7","8","Italian","L2"
"966",8,"sleale","8","6","Italian","L2"
"967",8,"crudele","6","3","Italian","L2"
"968",8,"buono","5","6","Italian","L2"
"969",8,"gentile","8","7","Italian","L2"
"970",8,"demone","4","2","Italian","L2"
"971",8,"pigra","3","4","Italian","L2"
"972",8,"indiscreta","8","7","Italian","L2"
"973",8,"inaffidabile","7","4","Italian","L2"
"974",8,"cauta","6","7","Italian","L2"
"975",8,"tesoro","6","6","Italian","L2"
"976",8,"santo","7","5","Italian","L2"
"977",8,"osceno","7","8","Italian","L2"
"978",8,"saggia","7","7","Italian","L2"
"979",8,"leale","8","6","Italian","L2"
"980",8,"positivo","9","9","Italian","L2"
"981",8,"riservata","8","7","Italian","L2"
"982",8,"scortese","8","7","Italian","L2"
"983",8,"meschina","7","8","Italian","L2"
"984",8,"elegante","9","7","Italian","L2"
"985",8,"stronzo","7","9","Italian","L2"
"986",8,"scrupolosa","7","6","Italian","L2"
"987",8,"affidabile","6","5","Italian","L2"
"988",8,"negativo","4","2","Italian","L2"
"989",67,"gentile","5","7","Italian","L2"
"990",67,"meschina","6","3","Italian","L2"
"991",67,"indiscreta","5","4","Italian","L2"
"992",67,"scortese","5","1","Italian","L2"
"993",67,"positivo","7","9","Italian","L2"
"994",67,"elegante","2","7","Italian","L2"
"995",67,"leale","2","9","Italian","L2"
"996",67,"osceno","6","5","Italian","L2"
"997",67,"santo","1","9","Italian","L2"
"998",67,"cattivo","3","2","Italian","L2"
"999",67,"inaffidabile","4","1","Italian","L2"
"1000",67,"tesoro","3","8","Italian","L2"
"1001",67,"buono","3","7","Italian","L2"
"1002",67,"demone","3","3","Italian","L2"
"1003",67,"cauta","5","3","Italian","L2"
"1004",67,"saggia","3","7","Italian","L2"
"1005",67,"crudele","3","1","Italian","L2"
"1006",67,"scrupolosa","5","5","Italian","L2"
"1007",67,"paziente","2","8","Italian","L2"
"1008",67,"stronzo","1","1","Italian","L2"
"1009",67,"pigra","4","2","Italian","L2"
"1010",67,"riservata","3","6","Italian","L2"
"1011",67,"affidabile","2","9","Italian","L2"
"1012",67,"sleale","4","2","Italian","L2"
"1013",67,"negativo","2","1","Italian","L2"
"1014",67,"bugiarda","2","1","Italian","L2"
"1015",230,"affidabile","2","7","Italian","L2"
"1016",230,"indiscreta","1","6","Italian","L2"
"1017",230,"scortese","1","6","Italian","L2"
"1018",230,"meschina","5","6","Italian","L2"
"1019",230,"cattivo","5","5","Italian","L2"
"1020",230,"stronzo","9","9","Italian","L2"
"1021",230,"bugiarda","4","6","Italian","L2"
"1022",230,"osceno","5","5","Italian","L2"
"1023",230,"saggia","5","5","Italian","L2"
"1024",230,"demone","4","6","Italian","L2"
"1025",230,"negativo","1","9","Italian","L2"
"1026",230,"paziente","9","9","Italian","L2"
"1027",230,"santo","5","5","Italian","L2"
"1028",230,"scrupolosa","5","5","Italian","L2"
"1029",230,"inaffidabile","6","6","Italian","L2"
"1030",230,"gentile","9","9","Italian","L2"
"1031",230,"cauta","5","5","Italian","L2"
"1032",230,"riservata","6","6","Italian","L2"
"1033",230,"tesoro","5","5","Italian","L2"
"1034",230,"sleale","5","5","Italian","L2"
"1035",230,"elegante","7","7","Italian","L2"
"1036",230,"pigra","5","5","Italian","L2"
"1037",230,"positivo","9","9","Italian","L2"
"1038",230,"buono","6","6","Italian","L2"
"1039",230,"crudele","4","4","Italian","L2"
"1040",230,"leale","5","5","Italian","L2"
"1041",244,"elegante","4","7","Italian","L2"
"1042",244,"cattivo","4","7","Italian","L2"
"1043",244,"buono","7","4","Italian","L2"
"1044",244,"saggia","6","7","Italian","L2"
"1045",244,"scrupolosa","6","5","Italian","L2"
"1046",244,"leale","6","3","Italian","L2"
"1047",244,"affidabile","7","6","Italian","L2"
"1048",244,"crudele","7","6","Italian","L2"
"1049",244,"santo","5","7","Italian","L2"
"1050",244,"paziente","7","4","Italian","L2"
"1051",244,"positivo","4","7","Italian","L2"
"1052",244,"inaffidabile","6","4","Italian","L2"
"1053",244,"cauta","6","4","Italian","L2"
"1054",244,"pigra","4","6","Italian","L2"
"1055",244,"negativo","6","6","Italian","L2"
"1056",244,"meschina","6","3","Italian","L2"
"1057",244,"demone","6","6","Italian","L2"
"1058",244,"gentile","4","3","Italian","L2"
"1059",244,"bugiarda","4","6","Italian","L2"
"1060",244,"scortese","7","4","Italian","L2"
"1061",244,"osceno","7","7","Italian","L2"
"1062",244,"stronzo","5","5","Italian","L2"
"1063",244,"riservata","6","6","Italian","L2"
"1064",244,"indiscreta","7","6","Italian","L2"
"1065",244,"sleale","4","3","Italian","L2"
"1066",244,"tesoro","6","6","Italian","L2"
"1067",119,"osceno","5","4","Italian","L2"
"1068",119,"affidabile","1","9","Italian","L2"
"1069",119,"elegante","8","9","Italian","L2"
"1070",119,"negativo","1","1","Italian","L2"
"1071",119,"cattivo","1","1","Italian","L2"
"1072",119,"riservata","2","5","Italian","L2"
"1073",119,"demone","5","5","Italian","L2"
"1074",119,"positivo","9","9","Italian","L2"
"1075",119,"tesoro","6","8","Italian","L2"
"1076",119,"sleale","1","1","Italian","L2"
"1077",119,"saggia","5","8","Italian","L2"
"1078",119,"inaffidabile","5","1","Italian","L2"
"1079",119,"santo","6","9","Italian","L2"
"1080",119,"leale","2","9","Italian","L2"
"1081",119,"paziente","3","5","Italian","L2"
"1082",119,"gentile","5","8","Italian","L2"
"1083",119,"scrupolosa","2","5","Italian","L2"
"1084",119,"cauta","5","5","Italian","L2"
"1085",119,"indiscreta","5","1","Italian","L2"
"1086",119,"pigra","5","1","Italian","L2"
"1087",119,"scortese","5","1","Italian","L2"
"1088",119,"meschina","3","5","Italian","L2"
"1089",119,"stronzo","5","1","Italian","L2"
"1090",119,"buono","9","9","Italian","L2"
"1091",119,"bugiarda","5","1","Italian","L2"
"1092",119,"crudele","5","1","Italian","L2"
"1093",197,"stronzo","1","1","Italian","L2"
"1094",197,"negativo","1","1","Italian","L2"
"1095",197,"riservata","9","9","Italian","L2"
"1096",197,"positivo","9","9","Italian","L2"
"1097",197,"elegante","9","9","Italian","L2"
"1098",197,"osceno","6","7","Italian","L2"
"1099",197,"bugiarda","1","1","Italian","L2"
"1100",197,"indiscreta","1","1","Italian","L2"
"1101",197,"santo","8","8","Italian","L2"
"1102",197,"pigra","1","1","Italian","L2"
"1103",197,"inaffidabile","2","2","Italian","L2"
"1104",197,"affidabile","9","9","Italian","L2"
"1105",197,"cauta","9","8","Italian","L2"
"1106",197,"leale","7","7","Italian","L2"
"1107",197,"scortese","5","1","Italian","L2"
"1108",197,"buono","9","9","Italian","L2"
"1109",197,"cattivo","1","1","Italian","L2"
"1110",197,"gentile","8","8","Italian","L2"
"1111",197,"scrupolosa","5","6","Italian","L2"
"1112",197,"meschina","4","1","Italian","L2"
"1113",197,"crudele","3","1","Italian","L2"
"1114",197,"tesoro","9","9","Italian","L2"
"1115",197,"demone","1","1","Italian","L2"
"1116",197,"sleale","1","1","Italian","L2"
"1117",197,"paziente","8","8","Italian","L2"
"1118",197,"saggia","9","8","Italian","L2"
"1119",142,"tesoro","5","3","Italian","L2"
"1120",142,"cattivo","5","6","Italian","L2"
"1121",142,"positivo","5","5","Italian","L2"
"1122",142,"inaffidabile","5","4","Italian","L2"
"1123",142,"stronzo","5","5","Italian","L2"
"1124",142,"meschina","6","4","Italian","L2"
"1125",142,"crudele","4","2","Italian","L2"
"1126",142,"paziente","6","5","Italian","L2"
"1127",142,"bugiarda","6","6","Italian","L2"
"1128",142,"gentile","4","3","Italian","L2"
"1129",142,"buono","4","7","Italian","L2"
"1130",142,"affidabile","7","6","Italian","L2"
"1131",142,"pigra","7","7","Italian","L2"
"1132",142,"indiscreta","6","5","Italian","L2"
"1133",142,"osceno","7","6","Italian","L2"
"1134",142,"cauta","6","6","Italian","L2"
"1135",142,"elegante","7","7","Italian","L2"
"1136",142,"sleale","5","6","Italian","L2"
"1137",142,"santo","7","6","Italian","L2"
"1138",142,"negativo","5","7","Italian","L2"
"1139",142,"leale","6","7","Italian","L2"
"1140",142,"scortese","8","7","Italian","L2"
"1141",142,"scrupolosa","5","7","Italian","L2"
"1142",142,"demone","6","4","Italian","L2"
"1143",142,"saggia","3","4","Italian","L2"
"1144",142,"riservata","4","4","Italian","L2"
"1145",217,"osceno","6","1","Italian","L2"
"1146",217,"gentile","1","9","Italian","L2"
"1147",217,"buono","3","9","Italian","L2"
"1148",217,"leale","2","8","Italian","L2"
"1149",217,"pigra","6","2","Italian","L2"
"1150",217,"paziente","7","7","Italian","L2"
"1151",217,"negativo","9","1","Italian","L2"
"1152",217,"demone","7","1","Italian","L2"
"1153",217,"inaffidabile","5","1","Italian","L2"
"1154",217,"cattivo","5","3","Italian","L2"
"1155",217,"bugiarda","8","1","Italian","L2"
"1156",217,"tesoro","1","9","Italian","L2"
"1157",217,"sleale","6","1","Italian","L2"
"1158",217,"saggia","5","6","Italian","L2"
"1159",217,"elegante","2","8","Italian","L2"
"1160",217,"scrupolosa","5","5","Italian","L2"
"1161",217,"riservata","5","5","Italian","L2"
"1162",217,"stronzo","5","5","Italian","L2"
"1163",217,"affidabile","3","8","Italian","L2"
"1164",217,"crudele","8","1","Italian","L2"
"1165",217,"scortese","5","5","Italian","L2"
"1166",217,"meschina","5","5","Italian","L2"
"1167",217,"santo","5","5","Italian","L2"
"1168",217,"cauta","5","5","Italian","L2"
"1169",217,"positivo","5","5","Italian","L2"
"1170",217,"indiscreta","5","5","Italian","L2"
"1171",50,"riservata","4","5","Italian","L2"
"1172",50,"pigra","3","7","Italian","L2"
"1173",50,"crudele","7","3","Italian","L2"
"1174",50,"saggia","8","8","Italian","L2"
"1175",50,"scortese","6","3","Italian","L2"
"1176",50,"positivo","7","3","Italian","L2"
"1177",50,"santo","5","7","Italian","L2"
"1178",50,"buono","9","9","Italian","L2"
"1179",50,"bugiarda","8","3","Italian","L2"
"1180",50,"scrupolosa","4","6","Italian","L2"
"1181",50,"affidabile","7","3","Italian","L2"
"1182",50,"elegante","5","7","Italian","L2"
"1183",50,"gentile","4","8","Italian","L2"
"1184",50,"leale","2","7","Italian","L2"
"1185",50,"indiscreta","4","3","Italian","L2"
"1186",50,"negativo","7","1","Italian","L2"
"1187",50,"meschina","8","1","Italian","L2"
"1188",50,"inaffidabile","5","1","Italian","L2"
"1189",50,"sleale","5","5","Italian","L2"
"1190",50,"stronzo","3","8","Italian","L2"
"1191",50,"cattivo","6","4","Italian","L2"
"1192",50,"demone","7","3","Italian","L2"
"1193",50,"paziente","5","7","Italian","L2"
"1194",50,"tesoro","5","7","Italian","L2"
"1195",50,"cauta","7","2","Italian","L2"
"1196",50,"osceno","4","3","Italian","L2"
"1197",258,"demone","7","5","Italian","L2"
"1198",258,"cauta","3","5","Italian","L2"
"1199",258,"buono","1","9","Italian","L2"
"1200",258,"crudele","7","3","Italian","L2"
"1201",258,"scortese","7","5","Italian","L2"
"1202",258,"scrupolosa","5","5","Italian","L2"
"1203",258,"inaffidabile","8","2","Italian","L2"
"1204",258,"santo","1","9","Italian","L2"
"1205",258,"paziente","1","9","Italian","L2"
"1206",258,"meschina","8","2","Italian","L2"
"1207",258,"cattivo","8","2","Italian","L2"
"1208",258,"tesoro","3","8","Italian","L2"
"1209",258,"saggia","1","9","Italian","L2"
"1210",258,"sleale","8","3","Italian","L2"
"1211",258,"gentile","3","8","Italian","L2"
"1212",258,"riservata","5","5","Italian","L2"
"1213",258,"affidabile","5","5","Italian","L2"
"1214",258,"pigra","3","5","Italian","L2"
"1215",258,"osceno","7","3","Italian","L2"
"1216",258,"bugiarda","7","2","Italian","L2"
"1217",258,"elegante","1","9","Italian","L2"
"1218",258,"stronzo","1","9","Italian","L2"
"1219",258,"indiscreta","8","3","Italian","L2"
"1220",258,"positivo","1","9","Italian","L2"
"1221",258,"leale","1","9","Italian","L2"
"1222",258,"negativo","9","1","Italian","L2"
"1223",53,"demone","1","1","Italian","L2"
"1224",53,"stronzo","1","1","Italian","L2"
"1225",53,"leale","9","8","Italian","L2"
"1226",53,"meschina","1","1","Italian","L2"
"1227",53,"santo","6","5","Italian","L2"
"1228",53,"crudele","2","2","Italian","L2"
"1229",53,"cauta","6","4","Italian","L2"
"1230",53,"positivo","8","7","Italian","L2"
"1231",53,"pigra","1","1","Italian","L2"
"1232",53,"buono","8","8","Italian","L2"
"1233",53,"inaffidabile","7","6","Italian","L2"
"1234",53,"cattivo","2","1","Italian","L2"
"1235",53,"affidabile","8","7","Italian","L2"
"1236",53,"scrupolosa","6","5","Italian","L2"
"1237",53,"saggia","9","9","Italian","L2"
"1238",53,"paziente","7","6","Italian","L2"
"1239",53,"riservata","8","7","Italian","L2"
"1240",53,"sleale","1","1","Italian","L2"
"1241",53,"osceno","7","7","Italian","L2"
"1242",53,"scortese","1","1","Italian","L2"
"1243",53,"indiscreta","6","3","Italian","L2"
"1244",53,"bugiarda","2","1","Italian","L2"
"1245",53,"elegante","1","1","Italian","L2"
"1246",53,"negativo","5","4","Italian","L2"
"1247",53,"gentile","5","4","Italian","L2"
"1248",53,"tesoro","6","5","Italian","L2"
"1249",81,"saggia","2","8","Italian","L2"
"1250",81,"demone","8","2","Italian","L2"
"1251",81,"scrupolosa","7","2","Italian","L2"
"1252",81,"cauta","1","8","Italian","L2"
"1253",81,"osceno","7","1","Italian","L2"
"1254",81,"buono","3","8","Italian","L2"
"1255",81,"santo","2","9","Italian","L2"
"1256",81,"inaffidabile","8","3","Italian","L2"
"1257",81,"gentile","2","8","Italian","L2"
"1258",81,"pigra","6","7","Italian","L2"
"1259",81,"bugiarda","8","1","Italian","L2"
"1260",81,"elegante","2","1","Italian","L2"
"1261",81,"meschina","6","2","Italian","L2"
"1262",81,"stronzo","9","1","Italian","L2"
"1263",81,"indiscreta","3","7","Italian","L2"
"1264",81,"paziente","1","1","Italian","L2"
"1265",81,"riservata","3","9","Italian","L2"
"1266",81,"affidabile","2","9","Italian","L2"
"1267",81,"sleale","8","2","Italian","L2"
"1268",81,"positivo","3","9","Italian","L2"
"1269",81,"cattivo","9","1","Italian","L2"
"1270",81,"tesoro","2","9","Italian","L2"
"1271",81,"leale","2","1","Italian","L2"
"1272",81,"scortese","9","1","Italian","L2"
"1273",81,"crudele","9","1","Italian","L2"
"1274",81,"negativo","5","2","Italian","L2"
"1275",135,"scortese","5","5","Italian","L2"
"1276",135,"tesoro","5","5","Italian","L2"
"1277",135,"gentile","5","5","Italian","L2"
"1278",135,"saggia","5","5","Italian","L2"
"1279",135,"paziente","5","5","Italian","L2"
"1280",135,"leale","5","5","Italian","L2"
"1281",135,"scrupolosa","5","5","Italian","L2"
"1282",135,"sleale","5","5","Italian","L2"
"1283",135,"demone","5","1","Italian","L2"
"1284",135,"inaffidabile","5","5","Italian","L2"
"1285",135,"negativo","5","4","Italian","L2"
"1286",135,"cattivo","5","3","Italian","L2"
"1287",135,"cauta","5","5","Italian","L2"
"1288",135,"osceno","5","5","Italian","L2"
"1289",135,"crudele","5","3","Italian","L2"
"1290",135,"riservata","5","5","Italian","L2"
"1291",135,"elegante","5","8","Italian","L2"
"1292",135,"bugiarda","5","3","Italian","L2"
"1293",135,"santo","5","7","Italian","L2"
"1294",135,"buono","5","5","Italian","L2"
"1295",135,"meschina","5","4","Italian","L2"
"1296",135,"positivo","5","6","Italian","L2"
"1297",135,"pigra","4","4","Italian","L2"
"1298",135,"affidabile","5","5","Italian","L2"
"1299",135,"stronzo","5","2","Italian","L2"
"1300",135,"indiscreta","5","5","Italian","L2"
"1301",77,"meschina","7","2","Italian","L2"
"1302",77,"demone","9","1","Italian","L2"
"1303",77,"santo","2","9","Italian","L2"
"1304",77,"affidabile","4","9","Italian","L2"
"1305",77,"cauta","6","5","Italian","L2"
"1306",77,"negativo","6","3","Italian","L2"
"1307",77,"indiscreta","5","3","Italian","L2"
"1308",77,"inaffidabile","5","2","Italian","L2"
"1309",77,"saggia","3","9","Italian","L2"
"1310",77,"scrupolosa","6","3","Italian","L2"
"1311",77,"osceno","5","5","Italian","L2"
"1312",77,"tesoro","3","7","Italian","L2"
"1313",77,"elegante","2","8","Italian","L2"
"1314",77,"stronzo","9","1","Italian","L2"
"1315",77,"bugiarda","5","4","Italian","L2"
"1316",77,"gentile","1","9","Italian","L2"
"1317",77,"pigra","4","1","Italian","L2"
"1318",77,"positivo","2","9","Italian","L2"
"1319",77,"crudele","7","1","Italian","L2"
"1320",77,"scortese","8","1","Italian","L2"
"1321",77,"buono","2","9","Italian","L2"
"1322",77,"riservata","2","9","Italian","L2"
"1323",77,"paziente","2","9","Italian","L2"
"1324",77,"leale","2","9","Italian","L2"
"1325",77,"cattivo","5","3","Italian","L2"
"1326",77,"sleale","5","5","Italian","L2"
"1327",29,"scrupolosa","6","5","Italian","L2"
"1328",29,"tesoro","7","9","Italian","L2"
"1329",29,"bugiarda","6","3","Italian","L2"
"1330",29,"demone","8","2","Italian","L2"
"1331",29,"santo","4","7","Italian","L2"
"1332",29,"sleale","6","5","Italian","L2"
"1333",29,"elegante","3","7","Italian","L2"
"1334",29,"indiscreta","6","4","Italian","L2"
"1335",29,"negativo","6","2","Italian","L2"
"1336",29,"osceno","8","2","Italian","L2"
"1337",29,"stronzo","9","1","Italian","L2"
"1338",29,"pigra","5","4","Italian","L2"
"1339",29,"inaffidabile","5","4","Italian","L2"
"1340",29,"positivo","2","8","Italian","L2"
"1341",29,"scortese","7","3","Italian","L2"
"1342",29,"crudele","9","1","Italian","L2"
"1343",29,"riservata","5","5","Italian","L2"
"1344",29,"cauta","6","7","Italian","L2"
"1345",29,"buono","1","9","Italian","L2"
"1346",29,"gentile","1","9","Italian","L2"
"1347",29,"cattivo","8","2","Italian","L2"
"1348",29,"meschina","7","4","Italian","L2"
"1349",29,"saggia","2","8","Italian","L2"
"1350",29,"leale","2","8","Italian","L2"
"1351",29,"paziente","1","8","Italian","L2"
"1352",29,"affidabile","3","7","Italian","L2"
"1353",156,"sleale","5","1","Italian","L2"
"1354",156,"santo","9","9","Italian","L2"
"1355",156,"elegante","9","9","Italian","L2"
"1356",156,"affidabile","1","9","Italian","L2"
"1357",156,"buono","1","7","Italian","L2"
"1358",156,"positivo","9","9","Italian","L2"
"1359",156,"cattivo","5","1","Italian","L2"
"1360",156,"indiscreta","3","1","Italian","L2"
"1361",156,"tesoro","9","9","Italian","L2"
"1362",156,"osceno","4","1","Italian","L2"
"1363",156,"pigra","2","1","Italian","L2"
"1364",156,"leale","1","8","Italian","L2"
"1365",156,"crudele","5","1","Italian","L2"
"1366",156,"scrupolosa","9","8","Italian","L2"
"1367",156,"inaffidabile","7","1","Italian","L2"
"1368",156,"scortese","1","1","Italian","L2"
"1369",156,"demone","7","1","Italian","L2"
"1370",156,"stronzo","5","1","Italian","L2"
"1371",156,"cauta","5","5","Italian","L2"
"1372",156,"gentile","1","5","Italian","L2"
"1373",156,"paziente","1","7","Italian","L2"
"1374",156,"saggia","9","9","Italian","L2"
"1375",156,"bugiarda","9","1","Italian","L2"
"1376",156,"negativo","8","1","Italian","L2"
"1377",156,"meschina","7","5","Italian","L2"
"1378",156,"riservata","1","9","Italian","L2"
"1379",207,"cattivo","5","1","Italian","L2"
"1380",207,"positivo","9","7","Italian","L2"
"1381",207,"sleale","5","2","Italian","L2"
"1382",207,"riservata","1","9","Italian","L2"
"1383",207,"meschina","6","3","Italian","L2"
"1384",207,"gentile","6","6","Italian","L2"
"1385",207,"negativo","3","1","Italian","L2"
"1386",207,"stronzo","3","2","Italian","L2"
"1387",207,"osceno","5","3","Italian","L2"
"1388",207,"scortese","8","1","Italian","L2"
"1389",207,"paziente","1","7","Italian","L2"
"1390",207,"leale","6","7","Italian","L2"
"1391",207,"elegante","9","7","Italian","L2"
"1392",207,"inaffidabile","3","1","Italian","L2"
"1393",207,"buono","5","4","Italian","L2"
"1394",207,"scrupolosa","4","1","Italian","L2"
"1395",207,"saggia","9","9","Italian","L2"
"1396",207,"affidabile","9","8","Italian","L2"
"1397",207,"bugiarda","6","5","Italian","L2"
"1398",207,"cauta","5","7","Italian","L2"
"1399",207,"indiscreta","2","1","Italian","L2"
"1400",207,"pigra","2","2","Italian","L2"
"1401",207,"demone","4","2","Italian","L2"
"1402",207,"tesoro","5","5","Italian","L2"
"1403",207,"crudele","5","3","Italian","L2"
"1404",207,"santo","5","6","Italian","L2"
"1405",82,"indiscreta","6","6","Italian","L2"
"1406",82,"osceno","4","6","Italian","L2"
"1407",82,"riservata","5","2","Italian","L2"
"1408",82,"elegante","6","2","Italian","L2"
"1409",82,"cauta","7","3","Italian","L2"
"1410",82,"saggia","4","5","Italian","L2"
"1411",82,"bugiarda","7","5","Italian","L2"
"1412",82,"cattivo","4","5","Italian","L2"
"1413",82,"buono","6","6","Italian","L2"
"1414",82,"affidabile","6","5","Italian","L2"
"1415",82,"stronzo","6","5","Italian","L2"
"1416",82,"meschina","6","7","Italian","L2"
"1417",82,"negativo","5","5","Italian","L2"
"1418",82,"crudele","6","6","Italian","L2"
"1419",82,"pigra","7","6","Italian","L2"
"1420",82,"gentile","7","6","Italian","L2"
"1421",82,"santo","7","7","Italian","L2"
"1422",82,"demone","3","2","Italian","L2"
"1423",82,"inaffidabile","5","7","Italian","L2"
"1424",82,"positivo","8","7","Italian","L2"
"1425",82,"tesoro","8","7","Italian","L2"
"1426",82,"scrupolosa","5","5","Italian","L2"
"1427",82,"sleale","6","6","Italian","L2"
"1428",82,"paziente","7","6","Italian","L2"
"1429",82,"scortese","7","7","Italian","L2"
"1430",82,"leale","7","9","Italian","L2"
"1431",54,"stronzo","7","1","Italian","L2"
"1432",54,"cauta","3","3","Italian","L2"
"1433",54,"tesoro","3","9","Italian","L2"
"1434",54,"demone","7","1","Italian","L2"
"1435",54,"elegante","3","9","Italian","L2"
"1436",54,"cattivo","9","1","Italian","L2"
"1437",54,"riservata","3","5","Italian","L2"
"1438",54,"santo","1","8","Italian","L2"
"1439",54,"leale","1","9","Italian","L2"
"1440",54,"sleale","7","1","Italian","L2"
"1441",54,"osceno","8","1","Italian","L2"
"1442",54,"indiscreta","8","1","Italian","L2"
"1443",54,"gentile","3","9","Italian","L2"
"1444",54,"positivo","8","9","Italian","L2"
"1445",54,"affidabile","2","9","Italian","L2"
"1446",54,"buono","1","9","Italian","L2"
"1447",54,"scortese","8","1","Italian","L2"
"1448",54,"pigra","2","1","Italian","L2"
"1449",54,"crudele","9","1","Italian","L2"
"1450",54,"scrupolosa","5","6","Italian","L2"
"1451",54,"inaffidabile","5","2","Italian","L2"
"1452",54,"bugiarda","9","1","Italian","L2"
"1453",54,"paziente","1","9","Italian","L2"
"1454",54,"meschina","8","1","Italian","L2"
"1455",54,"negativo","7","1","Italian","L2"
"1456",54,"saggia","2","7","Italian","L2"
"1457",173,"cattivo","5","5","Italian","L2"
"1458",173,"saggia","7","5","Italian","L2"
"1459",173,"cauta","7","5","Italian","L2"
"1460",173,"inaffidabile","6","4","Italian","L2"
"1461",173,"elegante","6","4","Italian","L2"
"1462",173,"scrupolosa","5","5","Italian","L2"
"1463",173,"paziente","6","4","Italian","L2"
"1464",173,"osceno","5","7","Italian","L2"
"1465",173,"negativo","8","5","Italian","L2"
"1466",173,"meschina","7","5","Italian","L2"
"1467",173,"buono","6","6","Italian","L2"
"1468",173,"tesoro","7","4","Italian","L2"
"1469",173,"indiscreta","7","4","Italian","L2"
"1470",173,"riservata","7","5","Italian","L2"
"1471",173,"demone","4","5","Italian","L2"
"1472",173,"gentile","5","6","Italian","L2"
"1473",173,"crudele","7","4","Italian","L2"
"1474",173,"sleale","6","5","Italian","L2"
"1475",173,"bugiarda","6","4","Italian","L2"
"1476",173,"scortese","7","5","Italian","L2"
"1477",173,"stronzo","7","5","Italian","L2"
"1478",173,"santo","7","4","Italian","L2"
"1479",173,"affidabile","7","5","Italian","L2"
"1480",173,"positivo","7","4","Italian","L2"
"1481",173,"pigra","6","4","Italian","L2"
"1482",173,"leale","4","5","Italian","L2"
"1483",20,"stronzo","8","2","Italian","L2"
"1484",20,"scortese","5","3","Italian","L2"
"1485",20,"sleale","7","5","Italian","L2"
"1486",20,"pigra","2","3","Italian","L2"
"1487",20,"paziente","3","8","Italian","L2"
"1488",20,"cauta","3","5","Italian","L2"
"1489",20,"santo","2","9","Italian","L2"
"1490",20,"tesoro","4","9","Italian","L2"
"1491",20,"affidabile","2","8","Italian","L2"
"1492",20,"saggia","7","3","Italian","L2"
"1493",20,"crudele","7","1","Italian","L2"
"1494",20,"gentile","2","9","Italian","L2"
"1495",20,"bugiarda","6","1","Italian","L2"
"1496",20,"negativo","4","2","Italian","L2"
"1497",20,"buono","5","2","Italian","L2"
"1498",20,"osceno","7","1","Italian","L2"
"1499",20,"scrupolosa","2","7","Italian","L2"
"1500",20,"inaffidabile","4","6","Italian","L2"
"1501",20,"riservata","1","5","Italian","L2"
"1502",20,"positivo","2","9","Italian","L2"
"1503",20,"demone","4","7","Italian","L2"
"1504",20,"indiscreta","7","5","Italian","L2"
"1505",20,"meschina","6","1","Italian","L2"
"1506",20,"leale","2","9","Italian","L2"
"1507",20,"elegante","5","7","Italian","L2"
"1508",20,"cattivo","7","5","Italian","L2"
"1509",249,"tesoro","7","9","Italian","L2"
"1510",249,"negativo","2","2","Italian","L2"
"1511",249,"meschina","2","2","Italian","L2"
"1512",249,"cattivo","1","1","Italian","L2"
"1513",249,"riservata","2","2","Italian","L2"
"1514",249,"cauta","5","5","Italian","L2"
"1515",249,"santo","8","9","Italian","L2"
"1516",249,"demone","4","1","Italian","L2"
"1517",249,"crudele","5","1","Italian","L2"
"1518",249,"scortese","5","1","Italian","L2"
"1519",249,"osceno","5","1","Italian","L2"
"1520",249,"leale","7","8","Italian","L2"
"1521",249,"positivo","9","9","Italian","L2"
"1522",249,"paziente","4","8","Italian","L2"
"1523",249,"stronzo","5","1","Italian","L2"
"1524",249,"affidabile","9","9","Italian","L2"
"1525",249,"elegante","9","9","Italian","L2"
"1526",249,"sleale","5","1","Italian","L2"
"1527",249,"pigra","5","1","Italian","L2"
"1528",249,"gentile","1","9","Italian","L2"
"1529",249,"bugiarda","5","1","Italian","L2"
"1530",249,"indiscreta","4","2","Italian","L2"
"1531",249,"buono","6","9","Italian","L2"
"1532",249,"inaffidabile","5","1","Italian","L2"
"1533",249,"scrupolosa","5","5","Italian","L2"
"1534",249,"saggia","7","9","Italian","L2"
"1535",112,"scrupolosa","9","8","Italian","L2"
"1536",112,"buono","9","8","Italian","L2"
"1537",112,"saggia","9","9","Italian","L2"
"1538",112,"cauta","9","9","Italian","L2"
"1539",112,"scortese","8","8","Italian","L2"
"1540",112,"meschina","8","8","Italian","L2"
"1541",112,"bugiarda","8","9","Italian","L2"
"1542",112,"gentile","8","8","Italian","L2"
"1543",112,"leale","8","8","Italian","L2"
"1544",112,"cattivo","9","9","Italian","L2"
"1545",112,"indiscreta","9","9","Italian","L2"
"1546",112,"paziente","9","9","Italian","L2"
"1547",112,"affidabile","9","9","Italian","L2"
"1548",112,"negativo","5","7","Italian","L2"
"1549",112,"positivo","9","6","Italian","L2"
"1550",112,"tesoro","5","2","Italian","L2"
"1551",112,"demone","9","9","Italian","L2"
"1552",112,"pigra","9","9","Italian","L2"
"1553",112,"elegante","7","8","Italian","L2"
"1554",112,"crudele","7","5","Italian","L2"
"1555",112,"stronzo","9","9","Italian","L2"
"1556",112,"santo","9","9","Italian","L2"
"1557",112,"inaffidabile","9","9","Italian","L2"
"1558",112,"osceno","1","1","Italian","L2"
"1559",112,"riservata","9","5","Italian","L2"
"1560",112,"sleale","9","9","Italian","L2"
"1561",88,"stronzo","5","5","Italian","L2"
"1562",88,"meschina","5","5","Italian","L2"
"1563",88,"cauta","5","5","Italian","L2"
"1564",88,"scrupolosa","5","5","Italian","L2"
"1565",88,"gentile","6","5","Italian","L2"
"1566",88,"inaffidabile","6","5","Italian","L2"
"1567",88,"bugiarda","5","5","Italian","L2"
"1568",88,"crudele","5","5","Italian","L2"
"1569",88,"negativo","5","5","Italian","L2"
"1570",88,"santo","6","6","Italian","L2"
"1571",88,"positivo","5","6","Italian","L2"
"1572",88,"elegante","4","5","Italian","L2"
"1573",88,"affidabile","5","4","Italian","L2"
"1574",88,"demone","5","5","Italian","L2"
"1575",88,"pigra","5","5","Italian","L2"
"1576",88,"scortese","5","5","Italian","L2"
"1577",88,"buono","5","5","Italian","L2"
"1578",88,"sleale","5","6","Italian","L2"
"1579",88,"tesoro","6","6","Italian","L2"
"1580",88,"leale","4","6","Italian","L2"
"1581",88,"cattivo","4","6","Italian","L2"
"1582",88,"riservata","5","7","Italian","L2"
"1583",88,"indiscreta","6","6","Italian","L2"
"1584",88,"osceno","5","3","Italian","L2"
"1585",88,"paziente","6","4","Italian","L2"
"1586",88,"saggia","5","6","Italian","L2"
"1587",262,"scrupolosa","5","6","Italian","L2"
"1588",262,"meschina","5","5","Italian","L2"
"1589",262,"leale","1","9","Italian","L2"
"1590",262,"scortese","5","1","Italian","L2"
"1591",262,"crudele","5","1","Italian","L2"
"1592",262,"bugiarda","8","1","Italian","L2"
"1593",262,"buono","9","9","Italian","L2"
"1594",262,"gentile","1","9","Italian","L2"
"1595",262,"positivo","1","9","Italian","L2"
"1596",262,"inaffidabile","7","1","Italian","L2"
"1597",262,"demone","8","1","Italian","L2"
"1598",262,"affidabile","1","9","Italian","L2"
"1599",262,"indiscreta","6","2","Italian","L2"
"1600",262,"osceno","6","5","Italian","L2"
"1601",262,"santo","9","9","Italian","L2"
"1602",262,"elegante","7","9","Italian","L2"
"1603",262,"sleale","7","1","Italian","L2"
"1604",262,"cattivo","9","1","Italian","L2"
"1605",262,"riservata","2","6","Italian","L2"
"1606",262,"saggia","5","5","Italian","L2"
"1607",262,"negativo","8","1","Italian","L2"
"1608",262,"stronzo","8","1","Italian","L2"
"1609",262,"cauta","7","6","Italian","L2"
"1610",262,"tesoro","9","9","Italian","L2"
"1611",262,"pigra","8","1","Italian","L2"
"1612",262,"paziente","1","9","Italian","L2"
"1613",241,"gentile","2","8","Italian","L2"
"1614",241,"pigra","2","4","Italian","L2"
"1615",241,"santo","2","7","Italian","L2"
"1616",241,"meschina","5","2","Italian","L2"
"1617",241,"bugiarda","5","2","Italian","L2"
"1618",241,"paziente","3","7","Italian","L2"
"1619",241,"positivo","6","7","Italian","L2"
"1620",241,"cattivo","4","2","Italian","L2"
"1621",241,"sleale","4","1","Italian","L2"
"1622",241,"cauta","6","2","Italian","L2"
"1623",241,"elegante","6","9","Italian","L2"
"1624",241,"osceno","6","1","Italian","L2"
"1625",241,"leale","4","7","Italian","L2"
"1626",241,"riservata","5","5","Italian","L2"
"1627",241,"negativo","5","3","Italian","L2"
"1628",241,"tesoro","7","7","Italian","L2"
"1629",241,"scortese","6","3","Italian","L2"
"1630",241,"saggia","8","7","Italian","L2"
"1631",241,"crudele","7","2","Italian","L2"
"1632",241,"buono","5","7","Italian","L2"
"1633",241,"stronzo","7","3","Italian","L2"
"1634",241,"affidabile","4","7","Italian","L2"
"1635",241,"indiscreta","5","5","Italian","L2"
"1636",241,"inaffidabile","6","3","Italian","L2"
"1637",241,"demone","8","4","Italian","L2"
"1638",241,"scrupolosa","7","8","Italian","L2"
"1639",132,"elegante","7","7","Italian","L2"
"1640",132,"negativo","4","4","Italian","L2"
"1641",132,"scrupolosa","1","1","Italian","L2"
"1642",132,"indiscreta","6","3","Italian","L2"
"1643",132,"stronzo","7","2","Italian","L2"
"1644",132,"pigra","4","6","Italian","L2"
"1645",132,"crudele","5","3","Italian","L2"
"1646",132,"paziente","6","7","Italian","L2"
"1647",132,"buono","4","8","Italian","L2"
"1648",132,"scortese","7","2","Italian","L2"
"1649",132,"meschina","6","1","Italian","L2"
"1650",132,"inaffidabile","3","7","Italian","L2"
"1651",132,"saggia","5","7","Italian","L2"
"1652",132,"leale","4","7","Italian","L2"
"1653",132,"santo","3","8","Italian","L2"
"1654",132,"sleale","5","2","Italian","L2"
"1655",132,"affidabile","3","7","Italian","L2"
"1656",132,"riservata","5","1","Italian","L2"
"1657",132,"tesoro","5","9","Italian","L2"
"1658",132,"demone","8","1","Italian","L2"
"1659",132,"bugiarda","5","2","Italian","L2"
"1660",132,"cattivo","7","2","Italian","L2"
"1661",132,"gentile","4","8","Italian","L2"
"1662",132,"cauta","4","6","Italian","L2"
"1663",132,"osceno","7","1","Italian","L2"
"1664",132,"positivo","7","8","Italian","L2"
"1665",144,"saggia","3","7","Italian","L2"
"1666",144,"elegante","4","7","Italian","L2"
"1667",144,"osceno","7","2","Italian","L2"
"1668",144,"cattivo","5","2","Italian","L2"
"1669",144,"buono","4","8","Italian","L2"
"1670",144,"negativo","4","2","Italian","L2"
"1671",144,"pigra","2","3","Italian","L2"
"1672",144,"riservata","2","6","Italian","L2"
"1673",144,"inaffidabile","5","2","Italian","L2"
"1674",144,"meschina","5","2","Italian","L2"
"1675",144,"sleale","5","2","Italian","L2"
"1676",144,"scrupolosa","4","7","Italian","L2"
"1677",144,"scortese","5","2","Italian","L2"
"1678",144,"gentile","4","8","Italian","L2"
"1679",144,"affidabile","3","7","Italian","L2"
"1680",144,"santo","5","8","Italian","L2"
"1681",144,"indiscreta","5","3","Italian","L2"
"1682",144,"tesoro","5","9","Italian","L2"
"1683",144,"crudele","6","1","Italian","L2"
"1684",144,"stronzo","7","1","Italian","L2"
"1685",144,"demone","7","2","Italian","L2"
"1686",144,"paziente","2","7","Italian","L2"
"1687",144,"positivo","5","8","Italian","L2"
"1688",144,"bugiarda","5","2","Italian","L2"
"1689",144,"leale","3","8","Italian","L2"
"1690",144,"cauta","3","6","Italian","L2"
"1691",123,"meschina","5","3","Italian","L2"
"1692",123,"pigra","4","4","Italian","L2"
"1693",123,"bugiarda","7","1","Italian","L2"
"1694",123,"cauta","5","3","Italian","L2"
"1695",123,"indiscreta","4","5","Italian","L2"
"1696",123,"positivo","2","8","Italian","L2"
"1697",123,"paziente","2","8","Italian","L2"
"1698",123,"gentile","7","9","Italian","L2"
"1699",123,"buono","6","8","Italian","L2"
"1700",123,"cattivo","5","4","Italian","L2"
"1701",123,"scrupolosa","5","3","Italian","L2"
"1702",123,"riservata","1","3","Italian","L2"
"1703",123,"elegante","6","8","Italian","L2"
"1704",123,"scortese","8","3","Italian","L2"
"1705",123,"crudele","7","2","Italian","L2"
"1706",123,"affidabile","5","8","Italian","L2"
"1707",123,"osceno","2","2","Italian","L2"
"1708",123,"demone","6","2","Italian","L2"
"1709",123,"negativo","5","2","Italian","L2"
"1710",123,"stronzo","9","1","Italian","L2"
"1711",123,"sleale","5","3","Italian","L2"
"1712",123,"santo","4","7","Italian","L2"
"1713",123,"inaffidabile","2","3","Italian","L2"
"1714",123,"leale","6","8","Italian","L2"
"1715",123,"saggia","6","8","Italian","L2"
"1716",123,"tesoro","8","8","Italian","L2"
"1717",128,"stronzo","1","9","Italian","L2"
"1718",128,"pigra","2","9","Italian","L2"
"1719",128,"buono","1","9","Italian","L2"
"1720",128,"paziente","2","8","Italian","L2"
"1721",128,"tesoro","1","8","Italian","L2"
"1722",128,"scrupolosa","1","1","Italian","L2"
"1723",128,"gentile","1","9","Italian","L2"
"1724",128,"leale","1","9","Italian","L2"
"1725",128,"crudele","9","1","Italian","L2"
"1726",128,"elegante","1","9","Italian","L2"
"1727",128,"riservata","2","9","Italian","L2"
"1728",128,"scortese","1","9","Italian","L2"
"1729",128,"santo","1","9","Italian","L2"
"1730",128,"affidabile","1","9","Italian","L2"
"1731",128,"demone","9","9","Italian","L2"
"1732",128,"negativo","9","1","Italian","L2"
"1733",128,"saggia","1","9","Italian","L2"
"1734",128,"osceno","9","1","Italian","L2"
"1735",128,"inaffidabile","8","1","Italian","L2"
"1736",128,"cauta","1","8","Italian","L2"
"1737",128,"positivo","1","9","Italian","L2"
"1738",128,"cattivo","9","1","Italian","L2"
"1739",128,"indiscreta","9","1","Italian","L2"
"1740",128,"sleale","9","1","Italian","L2"
"1741",128,"meschina","9","1","Italian","L2"
"1742",128,"bugiarda","9","1","Italian","L2"
"1743",2,"indiscreta","8","7","Italian","L2"
"1744",2,"positivo","8","6","Italian","L2"
"1745",2,"osceno","6","5","Italian","L2"
"1746",2,"meschina","7","8","Italian","L2"
"1747",2,"buono","6","6","Italian","L2"
"1748",2,"pigra","8","7","Italian","L2"
"1749",2,"inaffidabile","7","8","Italian","L2"
"1750",2,"crudele","7","6","Italian","L2"
"1751",2,"bugiarda","8","8","Italian","L2"
"1752",2,"scortese","8","7","Italian","L2"
"1753",2,"paziente","7","7","Italian","L2"
"1754",2,"negativo","9","9","Italian","L2"
"1755",2,"stronzo","8","9","Italian","L2"
"1756",2,"saggia","8","7","Italian","L2"
"1757",2,"elegante","8","6","Italian","L2"
"1758",2,"affidabile","7","6","Italian","L2"
"1759",2,"gentile","8","8","Italian","L2"
"1760",2,"cauta","7","7","Italian","L2"
"1761",2,"scrupolosa","9","7","Italian","L2"
"1762",2,"sleale","9","7","Italian","L2"
"1763",2,"leale","7","7","Italian","L2"
"1764",2,"cattivo","8","7","Italian","L2"
"1765",2,"tesoro","7","8","Italian","L2"
"1766",2,"demone","8","8","Italian","L2"
"1767",2,"riservata","8","6","Italian","L2"
"1768",2,"santo","8","8","Italian","L2"
"1769",76,"gentile","2","8","Italian","L2"
"1770",76,"cattivo","7","3","Italian","L2"
"1771",76,"stronzo","8","3","Italian","L2"
"1772",76,"scortese","7","3","Italian","L2"
"1773",76,"positivo","2","8","Italian","L2"
"1774",76,"negativo","7","2","Italian","L2"
"1775",76,"tesoro","1","9","Italian","L2"
"1776",76,"leale","1","9","Italian","L2"
"1777",76,"cauta","4","6","Italian","L2"
"1778",76,"pigra","5","5","Italian","L2"
"1779",76,"bugiarda","8","2","Italian","L2"
"1780",76,"demone","8","2","Italian","L2"
"1781",76,"santo","2","7","Italian","L2"
"1782",76,"inaffidabile","8","1","Italian","L2"
"1783",76,"affidabile","7","8","Italian","L2"
"1784",76,"riservata","5","5","Italian","L2"
"1785",76,"paziente","2","8","Italian","L2"
"1786",76,"elegante","1","9","Italian","L2"
"1787",76,"sleale","8","3","Italian","L2"
"1788",76,"scrupolosa","7","3","Italian","L2"
"1789",76,"osceno","8","2","Italian","L2"
"1790",76,"saggia","1","9","Italian","L2"
"1791",76,"meschina","7","3","Italian","L2"
"1792",76,"indiscreta","7","2","Italian","L2"
"1793",76,"crudele","8","2","Italian","L2"
"1794",76,"buono","2","8","Italian","L2"
"1795",167,"saggia","3","8","Italian","L2"
"1796",167,"gentile","2","8","Italian","L2"
"1797",167,"paziente","3","7","Italian","L2"
"1798",167,"riservata","1","9","Italian","L2"
"1799",167,"sleale","5","1","Italian","L2"
"1800",167,"stronzo","6","2","Italian","L2"
"1801",167,"demone","7","1","Italian","L2"
"1802",167,"osceno","8","1","Italian","L2"
"1803",167,"scortese","7","2","Italian","L2"
"1804",167,"pigra","6","2","Italian","L2"
"1805",167,"indiscreta","8","1","Italian","L2"
"1806",167,"buono","1","9","Italian","L2"
"1807",167,"santo","1","9","Italian","L2"
"1808",167,"affidabile","2","8","Italian","L2"
"1809",167,"bugiarda","7","1","Italian","L2"
"1810",167,"cattivo","9","1","Italian","L2"
"1811",167,"cauta","2","8","Italian","L2"
"1812",167,"meschina","7","2","Italian","L2"
"1813",167,"inaffidabile","8","1","Italian","L2"
"1814",167,"positivo","2","9","Italian","L2"
"1815",167,"elegante","1","9","Italian","L2"
"1816",167,"tesoro","2","9","Italian","L2"
"1817",167,"leale","1","9","Italian","L2"
"1818",167,"scrupolosa","3","8","Italian","L2"
"1819",167,"negativo","8","1","Italian","L2"
"1820",167,"crudele","8","1","Italian","L2"
"1821",158,"scortese","7","9","Italian","L2"
"1822",158,"crudele","7","1","Italian","L2"
"1823",158,"tesoro","2","9","Italian","L2"
"1824",158,"cattivo","6","2","Italian","L2"
"1825",158,"affidabile","1","9","Italian","L2"
"1826",158,"cauta","5","6","Italian","L2"
"1827",158,"leale","2","9","Italian","L2"
"1828",158,"paziente","1","8","Italian","L2"
"1829",158,"santo","3","8","Italian","L2"
"1830",158,"stronzo","8","1","Italian","L2"
"1831",158,"osceno","7","2","Italian","L2"
"1832",158,"saggia","2","9","Italian","L2"
"1833",158,"negativo","8","1","Italian","L2"
"1834",158,"pigra","6","3","Italian","L2"
"1835",158,"buono","1","9","Italian","L2"
"1836",158,"indiscreta","6","3","Italian","L2"
"1837",158,"positivo","1","9","Italian","L2"
"1838",158,"gentile","3","8","Italian","L2"
"1839",158,"inaffidabile","8","2","Italian","L2"
"1840",158,"elegante","2","9","Italian","L2"
"1841",158,"scrupolosa","2","8","Italian","L2"
"1842",158,"riservata","3","7","Italian","L2"
"1843",158,"meschina","7","3","Italian","L2"
"1844",158,"bugiarda","8","1","Italian","L2"
"1845",158,"sleale","7","2","Italian","L2"
"1846",158,"demone","9","1","Italian","L2"
"1847",163,"tesoro","7","7","Italian","L2"
"1848",163,"elegante","3","8","Italian","L2"
"1849",163,"paziente","2","7","Italian","L2"
"1850",163,"bugiarda","5","2","Italian","L2"
"1851",163,"positivo","7","7","Italian","L2"
"1852",163,"saggia","2","8","Italian","L2"
"1853",163,"pigra","3","4","Italian","L2"
"1854",163,"meschina","6","3","Italian","L2"
"1855",163,"leale","2","8","Italian","L2"
"1856",163,"indiscreta","3","6","Italian","L2"
"1857",163,"sleale","5","3","Italian","L2"
"1858",163,"santo","2","7","Italian","L2"
"1859",163,"scortese","7","3","Italian","L2"
"1860",163,"affidabile","5","6","Italian","L2"
"1861",163,"gentile","3","7","Italian","L2"
"1862",163,"riservata","2","6","Italian","L2"
"1863",163,"negativo","5","5","Italian","L2"
"1864",163,"cattivo","7","2","Italian","L2"
"1865",163,"stronzo","7","1","Italian","L2"
"1866",163,"demone","5","1","Italian","L2"
"1867",163,"cauta","5","6","Italian","L2"
"1868",163,"osceno","4","5","Italian","L2"
"1869",163,"inaffidabile","5","3","Italian","L2"
"1870",163,"buono","3","6","Italian","L2"
"1871",163,"scrupolosa","6","2","Italian","L2"
"1872",163,"crudele","6","2","Italian","L2"
"1873",251,"paziente","8","5","Italian","L2"
"1874",251,"crudele","8","2","Italian","L2"
"1875",251,"demone","2","2","Italian","L2"
"1876",251,"negativo","5","5","Italian","L2"
"1877",251,"indiscreta","5","5","Italian","L2"
"1878",251,"riservata","9","9","Italian","L2"
"1879",251,"pigra","5","5","Italian","L2"
"1880",251,"cauta","5","5","Italian","L2"
"1881",251,"leale","9","9","Italian","L2"
"1882",251,"elegante","9","9","Italian","L2"
"1883",251,"bugiarda","3","2","Italian","L2"
"1884",251,"sleale","4","2","Italian","L2"
"1885",251,"saggia","9","9","Italian","L2"
"1886",251,"buono","7","7","Italian","L2"
"1887",251,"affidabile","8","7","Italian","L2"
"1888",251,"stronzo","4","6","Italian","L2"
"1889",251,"tesoro","8","8","Italian","L2"
"1890",251,"osceno","4","4","Italian","L2"
"1891",251,"meschina","2","8","Italian","L2"
"1892",251,"positivo","1","9","Italian","L2"
"1893",251,"santo","3","3","Italian","L2"
"1894",251,"inaffidabile","4","4","Italian","L2"
"1895",251,"scortese","4","6","Italian","L2"
"1896",251,"cattivo","5","5","Italian","L2"
"1897",251,"scrupolosa","5","5","Italian","L2"
"1898",251,"gentile","5","5","Italian","L2"
"1899",182,"cauta","8","8","Italian","L2"
"1900",182,"saggia","1","9","Italian","L2"
"1901",182,"santo","1","9","Italian","L2"
"1902",182,"gentile","1","9","Italian","L2"
"1903",182,"inaffidabile","5","1","Italian","L2"
"1904",182,"tesoro","9","9","Italian","L2"
"1905",182,"buono","2","9","Italian","L2"
"1906",182,"leale","2","9","Italian","L2"
"1907",182,"affidabile","2","9","Italian","L2"
"1908",182,"cattivo","4","9","Italian","L2"
"1909",182,"elegante","3","9","Italian","L2"
"1910",182,"indiscreta","3","8","Italian","L2"
"1911",182,"meschina","4","8","Italian","L2"
"1912",182,"positivo","3","9","Italian","L2"
"1913",182,"scortese","3","8","Italian","L2"
"1914",182,"sleale","2","7","Italian","L2"
"1915",182,"demone","2","5","Italian","L2"
"1916",182,"scrupolosa","3","7","Italian","L2"
"1917",182,"pigra","4","7","Italian","L2"
"1918",182,"osceno","2","8","Italian","L2"
"1919",182,"stronzo","3","8","Italian","L2"
"1920",182,"riservata","3","8","Italian","L2"
"1921",182,"paziente","2","8","Italian","L2"
"1922",182,"bugiarda","3","7","Italian","L2"
"1923",182,"crudele","3","7","Italian","L2"
"1924",182,"negativo","5","3","Italian","L2"
"1925",15,"scrupolosa","5","6","Italian","L2"
"1926",15,"santo","4","8","Italian","L2"
"1927",15,"scortese","8","2","Italian","L2"
"1928",15,"inaffidabile","5","8","Italian","L2"
"1929",15,"pigra","6","3","Italian","L2"
"1930",15,"cauta","3","7","Italian","L2"
"1931",15,"elegante","6","2","Italian","L2"
"1932",15,"osceno","5","4","Italian","L2"
"1933",15,"gentile","5","4","Italian","L2"
"1934",15,"demone","5","5","Italian","L2"
"1935",15,"cattivo","4","6","Italian","L2"
"1936",15,"affidabile","6","6","Italian","L2"
"1937",15,"saggia","4","4","Italian","L2"
"1938",15,"paziente","5","5","Italian","L2"
"1939",15,"sleale","5","6","Italian","L2"
"1940",15,"bugiarda","1","9","Italian","L2"
"1941",15,"indiscreta","7","1","Italian","L2"
"1942",15,"leale","2","6","Italian","L2"
"1943",15,"tesoro","5","5","Italian","L2"
"1944",15,"stronzo","5","5","Italian","L2"
"1945",15,"negativo","4","6","Italian","L2"
"1946",15,"riservata","6","4","Italian","L2"
"1947",15,"buono","3","8","Italian","L2"
"1948",15,"crudele","4","5","Italian","L2"
"1949",15,"meschina","6","1","Italian","L2"
"1950",15,"positivo","3","7","Italian","L2"
"1951",101,"gentile","9","8","Italian","L2"
"1952",101,"cattivo","5","4","Italian","L2"
"1953",101,"bugiarda","7","2","Italian","L2"
"1954",101,"leale","4","8","Italian","L2"
"1955",101,"buono","7","7","Italian","L2"
"1956",101,"santo","3","7","Italian","L2"
"1957",101,"cauta","5","5","Italian","L2"
"1958",101,"negativo","8","1","Italian","L2"
"1959",101,"demone","7","1","Italian","L2"
"1960",101,"paziente","3","5","Italian","L2"
"1961",101,"affidabile","5","6","Italian","L2"
"1962",101,"pigra","2","3","Italian","L2"
"1963",101,"osceno","5","5","Italian","L2"
"1964",101,"scrupolosa","4","5","Italian","L2"
"1965",101,"riservata","2","5","Italian","L2"
"1966",101,"sleale","3","3","Italian","L2"
"1967",101,"scortese","8","1","Italian","L2"
"1968",101,"tesoro","8","9","Italian","L2"
"1969",101,"saggia","3","7","Italian","L2"
"1970",101,"inaffidabile","7","2","Italian","L2"
"1971",101,"crudele","6","3","Italian","L2"
"1972",101,"positivo","6","4","Italian","L2"
"1973",101,"meschina","3","2","Italian","L2"
"1974",101,"stronzo","9","1","Italian","L2"
"1975",101,"indiscreta","4","4","Italian","L2"
"1976",101,"elegante","4","9","Italian","L2"
"1977",247,"scrupolosa","1","1","Italian","L2"
"1978",247,"sleale","1","1","Italian","L2"
"1979",247,"cauta","9","9","Italian","L2"
"1980",247,"stronzo","1","1","Italian","L2"
"1981",247,"leale","9","9","Italian","L2"
"1982",247,"demone","1","1","Italian","L2"
"1983",247,"gentile","1","1","Italian","L2"
"1984",247,"buono","9","9","Italian","L2"
"1985",247,"crudele","1","1","Italian","L2"
"1986",247,"indiscreta","1","1","Italian","L2"
"1987",247,"positivo","9","9","Italian","L2"
"1988",247,"scortese","1","1","Italian","L2"
"1989",247,"paziente","9","9","Italian","L2"
"1990",247,"saggia","9","9","Italian","L2"
"1991",247,"bugiarda","1","1","Italian","L2"
"1992",247,"inaffidabile","1","1","Italian","L2"
"1993",247,"negativo","1","1","Italian","L2"
"1994",247,"elegante","9","9","Italian","L2"
"1995",247,"affidabile","9","9","Italian","L2"
"1996",247,"cattivo","1","1","Italian","L2"
"1997",247,"tesoro","9","9","Italian","L2"
"1998",247,"pigra","1","1","Italian","L2"
"1999",247,"santo","9","9","Italian","L2"
"2000",247,"riservata","9","9","Italian","L2"
"2001",247,"meschina","1","1","Italian","L2"
"2002",247,"osceno","1","1","Italian","L2"
"2003",253,"meschina","2","4","Italian","L2"
"2004",253,"indiscreta","9","9","Italian","L2"
"2005",253,"inaffidabile","5","5","Italian","L2"
"2006",253,"pigra","2","5","Italian","L2"
"2007",253,"affidabile","5","8","Italian","L2"
"2008",253,"elegante","5","9","Italian","L2"
"2009",253,"demone","5","2","Italian","L2"
"2010",253,"cattivo","5","1","Italian","L2"
"2011",253,"riservata","1","5","Italian","L2"
"2012",253,"saggia","6","8","Italian","L2"
"2013",253,"buono","5","9","Italian","L2"
"2014",253,"negativo","3","1","Italian","L2"
"2015",253,"osceno","1","1","Italian","L2"
"2016",253,"gentile","1","7","Italian","L2"
"2017",253,"paziente","1","6","Italian","L2"
"2018",253,"sleale","3","1","Italian","L2"
"2019",253,"crudele","1","1","Italian","L2"
"2020",253,"scrupolosa","6","6","Italian","L2"
"2021",253,"cauta","9","7","Italian","L2"
"2022",253,"tesoro","9","9","Italian","L2"
"2023",253,"bugiarda","5","3","Italian","L2"
"2024",253,"scortese","1","1","Italian","L2"
"2025",253,"leale","6","6","Italian","L2"
"2026",253,"positivo","9","9","Italian","L2"
"2027",253,"stronzo","1","1","Italian","L2"
"2028",253,"santo","6","8","Italian","L2"
"2029",58,"riservata","8","4","Italian","L2"
"2030",58,"inaffidabile","6","3","Italian","L2"
"2031",58,"stronzo","8","1","Italian","L2"
"2032",58,"gentile","3","8","Italian","L2"
"2033",58,"pigra","7","2","Italian","L2"
"2034",58,"cattivo","7","2","Italian","L2"
"2035",58,"cauta","7","4","Italian","L2"
"2036",58,"scrupolosa","5","6","Italian","L2"
"2037",58,"negativo","5","3","Italian","L2"
"2038",58,"elegante","7","9","Italian","L2"
"2039",58,"bugiarda","7","3","Italian","L2"
"2040",58,"paziente","3","8","Italian","L2"
"2041",58,"indiscreta","7","3","Italian","L2"
"2042",58,"scortese","6","3","Italian","L2"
"2043",58,"osceno","9","1","Italian","L2"
"2044",58,"positivo","6","7","Italian","L2"
"2045",58,"santo","8","8","Italian","L2"
"2046",58,"leale","4","7","Italian","L2"
"2047",58,"tesoro","7","9","Italian","L2"
"2048",58,"sleale","6","3","Italian","L2"
"2049",58,"demone","9","1","Italian","L2"
"2050",58,"crudele","8","1","Italian","L2"
"2051",58,"meschina","7","3","Italian","L2"
"2052",58,"saggia","5","8","Italian","L2"
"2053",58,"affidabile","4","7","Italian","L2"
"2054",58,"buono","3","7","Italian","L2"
"2055",71,"cattivo","5","2","Italian","L2"
"2056",71,"saggia","2","8","Italian","L2"
"2057",71,"demone","7","1","Italian","L2"
"2058",71,"cauta","1","6","Italian","L2"
"2059",71,"sleale","6","2","Italian","L2"
"2060",71,"elegante","2","8","Italian","L2"
"2061",71,"affidabile","1","9","Italian","L2"
"2062",71,"pigra","3","1","Italian","L2"
"2063",71,"positivo","5","9","Italian","L2"
"2064",71,"meschina","7","2","Italian","L2"
"2065",71,"bugiarda","5","2","Italian","L2"
"2066",71,"osceno","3","1","Italian","L2"
"2067",71,"gentile","2","9","Italian","L2"
"2068",71,"indiscreta","7","2","Italian","L2"
"2069",71,"crudele","9","1","Italian","L2"
"2070",71,"riservata","1","9","Italian","L2"
"2071",71,"santo","3","9","Italian","L2"
"2072",71,"leale","5","9","Italian","L2"
"2073",71,"negativo","5","1","Italian","L2"
"2074",71,"paziente","1","7","Italian","L2"
"2075",71,"tesoro","5","8","Italian","L2"
"2076",71,"stronzo","5","2","Italian","L2"
"2077",71,"inaffidabile","8","2","Italian","L2"
"2078",71,"buono","2","8","Italian","L2"
"2079",71,"scrupolosa","7","2","Italian","L2"
"2080",71,"scortese","8","2","Italian","L2"
"2081",75,"meschina","6","1","Italian","L2"
"2082",75,"bugiarda","9","1","Italian","L2"
"2083",75,"leale","1","9","Italian","L2"
"2084",75,"riservata","1","9","Italian","L2"
"2085",75,"gentile","1","9","Italian","L2"
"2086",75,"cattivo","9","1","Italian","L2"
"2087",75,"tesoro","1","9","Italian","L2"
"2088",75,"positivo","1","9","Italian","L2"
"2089",75,"saggia","1","9","Italian","L2"
"2090",75,"scortese","9","1","Italian","L2"
"2091",75,"sleale","9","1","Italian","L2"
"2092",75,"elegante","1","9","Italian","L2"
"2093",75,"demone","9","1","Italian","L2"
"2094",75,"buono","1","9","Italian","L2"
"2095",75,"scrupolosa","1","9","Italian","L2"
"2096",75,"indiscreta","8","1","Italian","L2"
"2097",75,"affidabile","1","9","Italian","L2"
"2098",75,"inaffidabile","9","1","Italian","L2"
"2099",75,"crudele","9","1","Italian","L2"
"2100",75,"osceno","9","1","Italian","L2"
"2101",75,"cauta","2","9","Italian","L2"
"2102",75,"stronzo","9","1","Italian","L2"
"2103",75,"paziente","1","9","Italian","L2"
"2104",75,"santo","1","9","Italian","L2"
"2105",75,"negativo","9","1","Italian","L2"
"2106",75,"pigra","5","5","Italian","L2"
"2107",239,"bugiarda","9","1","Italian","L2"
"2108",239,"scrupolosa","2","9","Italian","L2"
"2109",239,"gentile","1","9","Italian","L2"
"2110",239,"buono","1","9","Italian","L2"
"2111",239,"osceno","7","2","Italian","L2"
"2112",239,"leale","2","9","Italian","L2"
"2113",239,"elegante","2","7","Italian","L2"
"2114",239,"cauta","6","5","Italian","L2"
"2115",239,"affidabile","2","9","Italian","L2"
"2116",239,"inaffidabile","7","2","Italian","L2"
"2117",239,"crudele","9","1","Italian","L2"
"2118",239,"demone","9","1","Italian","L2"
"2119",239,"negativo","9","1","Italian","L2"
"2120",239,"positivo","2","9","Italian","L2"
"2121",239,"cattivo","7","1","Italian","L2"
"2122",239,"paziente","2","9","Italian","L2"
"2123",239,"santo","2","9","Italian","L2"
"2124",239,"pigra","4","1","Italian","L2"
"2125",239,"riservata","1","6","Italian","L2"
"2126",239,"sleale","4","1","Italian","L2"
"2127",239,"saggia","2","7","Italian","L2"
"2128",239,"scortese","3","1","Italian","L2"
"2129",239,"meschina","6","1","Italian","L2"
"2130",239,"tesoro","5","9","Italian","L2"
"2131",239,"indiscreta","4","1","Italian","L2"
"2132",239,"stronzo","7","1","Italian","L2"
"2133",200,"riservata","1","5","Italian","L2"
"2134",200,"crudele","8","2","Italian","L2"
"2135",200,"positivo","2","7","Italian","L2"
"2136",200,"gentile","1","8","Italian","L2"
"2137",200,"bugiarda","7","2","Italian","L2"
"2138",200,"leale","2","5","Italian","L2"
"2139",200,"meschina","2","1","Italian","L2"
"2140",200,"paziente","1","8","Italian","L2"
"2141",200,"affidabile","1","9","Italian","L2"
"2142",200,"sleale","2","1","Italian","L2"
"2143",200,"stronzo","3","3","Italian","L2"
"2144",200,"elegante","1","8","Italian","L2"
"2145",200,"scortese","4","2","Italian","L2"
"2146",200,"inaffidabile","3","2","Italian","L2"
"2147",200,"demone","8","1","Italian","L2"
"2148",200,"scrupolosa","4","3","Italian","L2"
"2149",200,"cattivo","7","1","Italian","L2"
"2150",200,"cauta","5","5","Italian","L2"
"2151",200,"buono","1","9","Italian","L2"
"2152",200,"saggia","2","8","Italian","L2"
"2153",200,"santo","1","8","Italian","L2"
"2154",200,"negativo","3","1","Italian","L2"
"2155",200,"osceno","5","1","Italian","L2"
"2156",200,"pigra","3","2","Italian","L2"
"2157",200,"tesoro","1","9","Italian","L2"
"2158",200,"indiscreta","4","4","Italian","L2"
"2159",155,"affidabile","5","6","Italian","L2"
"2160",155,"demone","2","2","Italian","L2"
"2161",155,"stronzo","4","2","Italian","L2"
"2162",155,"riservata","4","6","Italian","L2"
"2163",155,"santo","2","8","Italian","L2"
"2164",155,"inaffidabile","4","2","Italian","L2"
"2165",155,"scortese","4","2","Italian","L2"
"2166",155,"sleale","2","2","Italian","L2"
"2167",155,"cauta","5","5","Italian","L2"
"2168",155,"crudele","3","2","Italian","L2"
"2169",155,"paziente","1","8","Italian","L2"
"2170",155,"bugiarda","3","3","Italian","L2"
"2171",155,"negativo","3","1","Italian","L2"
"2172",155,"cattivo","3","1","Italian","L2"
"2173",155,"tesoro","5","8","Italian","L2"
"2174",155,"meschina","2","2","Italian","L2"
"2175",155,"indiscreta","8","2","Italian","L2"
"2176",155,"pigra","1","4","Italian","L2"
"2177",155,"osceno","2","2","Italian","L2"
"2178",155,"buono","7","8","Italian","L2"
"2179",155,"saggia","4","8","Italian","L2"
"2180",155,"gentile","2","8","Italian","L2"
"2181",155,"scrupolosa","5","5","Italian","L2"
"2182",155,"positivo","8","9","Italian","L2"
"2183",155,"elegante","3","8","Italian","L2"
"2184",155,"leale","5","4","Italian","L2"
"2185",166,"inaffidabile","4","3","Italian","L2"
"2186",166,"osceno","6","2","Italian","L2"
"2187",166,"buono","2","8","Italian","L2"
"2188",166,"cauta","7","6","Italian","L2"
"2189",166,"leale","1","8","Italian","L2"
"2190",166,"saggia","3","8","Italian","L2"
"2191",166,"meschina","8","2","Italian","L2"
"2192",166,"santo","2","9","Italian","L2"
"2193",166,"paziente","1","9","Italian","L2"
"2194",166,"scortese","7","2","Italian","L2"
"2195",166,"indiscreta","6","4","Italian","L2"
"2196",166,"affidabile","6","9","Italian","L2"
"2197",166,"scrupolosa","4","5","Italian","L2"
"2198",166,"sleale","8","2","Italian","L2"
"2199",166,"pigra","1","5","Italian","L2"
"2200",166,"tesoro","3","9","Italian","L2"
"2201",166,"cattivo","7","2","Italian","L2"
"2202",166,"bugiarda","8","1","Italian","L2"
"2203",166,"gentile","3","8","Italian","L2"
"2204",166,"negativo","3","2","Italian","L2"
"2205",166,"riservata","1","6","Italian","L2"
"2206",166,"crudele","7","1","Italian","L2"
"2207",166,"positivo","7","9","Italian","L2"
"2208",166,"demone","9","3","Italian","L2"
"2209",166,"elegante","3","8","Italian","L2"
"2210",166,"stronzo","8","3","Italian","L2"
"2211",196,"osceno","8","2","Italian","L2"
"2212",196,"inaffidabile","3","2","Italian","L2"
"2213",196,"scortese","5","4","Italian","L2"
"2214",196,"paziente","1","8","Italian","L2"
"2215",196,"santo","5","5","Italian","L2"
"2216",196,"positivo","8","9","Italian","L2"
"2217",196,"bugiarda","5","5","Italian","L2"
"2218",196,"pigra","6","3","Italian","L2"
"2219",196,"demone","8","1","Italian","L2"
"2220",196,"saggia","6","4","Italian","L2"
"2221",196,"crudele","6","1","Italian","L2"
"2222",196,"tesoro","4","2","Italian","L2"
"2223",196,"riservata","1","7","Italian","L2"
"2224",196,"cauta","3","7","Italian","L2"
"2225",196,"meschina","7","4","Italian","L2"
"2226",196,"stronzo","3","3","Italian","L2"
"2227",196,"cattivo","7","9","Italian","L2"
"2228",196,"indiscreta","5","6","Italian","L2"
"2229",196,"elegante","6","9","Italian","L2"
"2230",196,"buono","8","9","Italian","L2"
"2231",196,"leale","6","4","Italian","L2"
"2232",196,"gentile","2","8","Italian","L2"
"2233",196,"sleale","8","3","Italian","L2"
"2234",196,"affidabile","2","8","Italian","L2"
"2235",196,"negativo","4","1","Italian","L2"
"2236",196,"scrupolosa","5","5","Italian","L2"
"2237",33,"demone","4","1","Italian","L2"
"2238",33,"cauta","4","1","Italian","L2"
"2239",33,"paziente","1","9","Italian","L2"
"2240",33,"tesoro","5","9","Italian","L2"
"2241",33,"scrupolosa","2","7","Italian","L2"
"2242",33,"cattivo","4","3","Italian","L2"
"2243",33,"santo","1","9","Italian","L2"
"2244",33,"bugiarda","6","4","Italian","L2"
"2245",33,"osceno","5","5","Italian","L2"
"2246",33,"inaffidabile","5","3","Italian","L2"
"2247",33,"leale","5","9","Italian","L2"
"2248",33,"indiscreta","5","3","Italian","L2"
"2249",33,"negativo","5","2","Italian","L2"
"2250",33,"elegante","1","9","Italian","L2"
"2251",33,"affidabile","6","9","Italian","L2"
"2252",33,"gentile","7","9","Italian","L2"
"2253",33,"stronzo","9","1","Italian","L2"
"2254",33,"sleale","5","1","Italian","L2"
"2255",33,"positivo","1","9","Italian","L2"
"2256",33,"scortese","5","1","Italian","L2"
"2257",33,"meschina","5","3","Italian","L2"
"2258",33,"buono","1","9","Italian","L2"
"2259",33,"saggia","5","5","Italian","L2"
"2260",33,"crudele","5","1","Italian","L2"
"2261",33,"riservata","5","4","Italian","L2"
"2262",33,"pigra","5","2","Italian","L2"
"2263",115,"negativo","9","1","Italian","L2"
"2264",115,"crudele","7","1","Italian","L2"
"2265",115,"cauta","4","7","Italian","L2"
"2266",115,"buono","1","9","Italian","L2"
"2267",115,"cattivo","7","1","Italian","L2"
"2268",115,"pigra","9","1","Italian","L2"
"2269",115,"scortese","8","1","Italian","L2"
"2270",115,"tesoro","9","1","Italian","L2"
"2271",115,"stronzo","9","1","Italian","L2"
"2272",115,"scrupolosa","9","1","Italian","L2"
"2273",115,"gentile","1","9","Italian","L2"
"2274",115,"santo","3","9","Italian","L2"
"2275",115,"affidabile","1","9","Italian","L2"
"2276",115,"elegante","1","9","Italian","L2"
"2277",115,"meschina","8","1","Italian","L2"
"2278",115,"bugiarda","7","1","Italian","L2"
"2279",115,"indiscreta","3","9","Italian","L2"
"2280",115,"saggia","1","9","Italian","L2"
"2281",115,"positivo","1","9","Italian","L2"
"2282",115,"inaffidabile","7","1","Italian","L2"
"2283",115,"paziente","3","9","Italian","L2"
"2284",115,"leale","4","9","Italian","L2"
"2285",115,"osceno","9","1","Italian","L2"
"2286",115,"demone","7","2","Italian","L2"
"2287",115,"riservata","1","9","Italian","L2"
"2288",115,"sleale","3","1","Italian","L2"
"2289",76,"cattivo","7","2","Italian","L2"
"2290",76,"elegante","2","8","Italian","L2"
"2291",76,"positivo","2","8","Italian","L2"
"2292",76,"stronzo","7","3","Italian","L2"
"2293",76,"cauta","3","7","Italian","L2"
"2294",76,"osceno","8","2","Italian","L2"
"2295",76,"indiscreta","7","3","Italian","L2"
"2296",76,"tesoro","1","9","Italian","L2"
"2297",76,"meschina","5","5","Italian","L2"
"2298",76,"scortese","8","3","Italian","L2"
"2299",76,"crudele","7","2","Italian","L2"
"2300",76,"riservata","4","6","Italian","L2"
"2301",76,"demone","7","3","Italian","L2"
"2302",76,"inaffidabile","7","2","Italian","L2"
"2303",76,"saggia","1","9","Italian","L2"
"2304",76,"scrupolosa","7","4","Italian","L2"
"2305",76,"leale","1","9","Italian","L2"
"2306",76,"paziente","1","9","Italian","L2"
"2307",76,"pigra","5","5","Italian","L2"
"2308",76,"bugiarda","8","3","Italian","L2"
"2309",76,"buono","1","9","Italian","L2"
"2310",76,"affidabile","2","8","Italian","L2"
"2311",76,"santo","1","9","Italian","L2"
"2312",76,"negativo","6","2","Italian","L2"
"2313",76,"gentile","3","8","Italian","L2"
"2314",76,"sleale","6","3","Italian","L2"
"2315",192,"pigra","6","9","Italian","L2"
"2316",192,"stronzo","5","9","Italian","L2"
"2317",192,"cattivo","8","1","Italian","L2"
"2318",192,"leale","7","5","Italian","L2"
"2319",192,"indiscreta","1","1","Italian","L2"
"2320",192,"elegante","1","8","Italian","L2"
"2321",192,"saggia","9","1","Italian","L2"
"2322",192,"affidabile","7","8","Italian","L2"
"2323",192,"santo","6","6","Italian","L2"
"2324",192,"scortese","4","6","Italian","L2"
"2325",192,"paziente","9","3","Italian","L2"
"2326",192,"inaffidabile","6","5","Italian","L2"
"2327",192,"sleale","2","8","Italian","L2"
"2328",192,"gentile","8","5","Italian","L2"
"2329",192,"positivo","2","9","Italian","L2"
"2330",192,"demone","9","2","Italian","L2"
"2331",192,"buono","6","6","Italian","L2"
"2332",192,"meschina","5","1","Italian","L2"
"2333",192,"riservata","4","1","Italian","L2"
"2334",192,"tesoro","5","8","Italian","L2"
"2335",192,"crudele","6","6","Italian","L2"
"2336",192,"cauta","6","7","Italian","L2"
"2337",192,"bugiarda","5","7","Italian","L2"
"2338",192,"negativo","7","5","Italian","L2"
"2339",192,"osceno","9","2","Italian","L2"
"2340",192,"scrupolosa","3","7","Italian","L2"
"2341",41,"meschina","4","2","Italian","L2"
"2342",41,"elegante","9","9","Italian","L2"
"2343",41,"tesoro","2","8","Italian","L2"
"2344",41,"demone","5","5","Italian","L2"
"2345",41,"indiscreta","5","2","Italian","L2"
"2346",41,"gentile","4","8","Italian","L2"
"2347",41,"stronzo","7","2","Italian","L2"
"2348",41,"santo","3","5","Italian","L2"
"2349",41,"saggia","3","9","Italian","L2"
"2350",41,"riservata","1","6","Italian","L2"
"2351",41,"osceno","5","2","Italian","L2"
"2352",41,"inaffidabile","4","1","Italian","L2"
"2353",41,"positivo","7","8","Italian","L2"
"2354",41,"pigra","6","3","Italian","L2"
"2355",41,"leale","8","7","Italian","L2"
"2356",41,"buono","9","9","Italian","L2"
"2357",41,"cattivo","4","1","Italian","L2"
"2358",41,"bugiarda","6","1","Italian","L2"
"2359",41,"sleale","7","1","Italian","L2"
"2360",41,"cauta","4","7","Italian","L2"
"2361",41,"negativo","3","1","Italian","L2"
"2362",41,"crudele","7","1","Italian","L2"
"2363",41,"scrupolosa","6","1","Italian","L2"
"2364",41,"paziente","1","7","Italian","L2"
"2365",41,"scortese","6","1","Italian","L2"
"2366",41,"affidabile","8","8","Italian","L2"
"2367",179,"affidabile","1","9","Italian","L2"
"2368",179,"meschina","7","1","Italian","L2"
"2369",179,"demone","9","1","Italian","L2"
"2370",179,"stronzo","9","1","Italian","L2"
"2371",179,"crudele","9","1","Italian","L2"
"2372",179,"positivo","5","9","Italian","L2"
"2373",179,"santo","1","5","Italian","L2"
"2374",179,"cattivo","8","1","Italian","L2"
"2375",179,"paziente","1","9","Italian","L2"
"2376",179,"pigra","3","4","Italian","L2"
"2377",179,"indiscreta","7","2","Italian","L2"
"2378",179,"elegante","5","7","Italian","L2"
"2379",179,"tesoro","3","9","Italian","L2"
"2380",179,"leale","7","7","Italian","L2"
"2381",179,"bugiarda","7","2","Italian","L2"
"2382",179,"buono","1","9","Italian","L2"
"2383",179,"cauta","7","5","Italian","L2"
"2384",179,"scortese","9","1","Italian","L2"
"2385",179,"osceno","9","1","Italian","L2"
"2386",179,"inaffidabile","8","2","Italian","L2"
"2387",179,"scrupolosa","1","7","Italian","L2"
"2388",179,"riservata","1","9","Italian","L2"
"2389",179,"negativo","5","1","Italian","L2"
"2390",179,"sleale","6","3","Italian","L2"
"2391",179,"saggia","1","9","Italian","L2"
"2392",179,"gentile","1","9","Italian","L2"
"2393",168,"elegante","5","8","Italian","L2"
"2394",168,"paziente","1","6","Italian","L2"
"2395",168,"indiscreta","5","1","Italian","L2"
"2396",168,"santo","1","9","Italian","L2"
"2397",168,"sleale","5","5","Italian","L2"
"2398",168,"cauta","5","2","Italian","L2"
"2399",168,"positivo","9","9","Italian","L2"
"2400",168,"negativo","5","1","Italian","L2"
"2401",168,"inaffidabile","5","5","Italian","L2"
"2402",168,"stronzo","5","1","Italian","L2"
"2403",168,"pigra","5","1","Italian","L2"
"2404",168,"leale","5","5","Italian","L2"
"2405",168,"meschina","5","1","Italian","L2"
"2406",168,"crudele","5","1","Italian","L2"
"2407",168,"tesoro","5","5","Italian","L2"
"2408",168,"osceno","5","1","Italian","L2"
"2409",168,"scortese","5","4","Italian","L2"
"2410",168,"riservata","5","4","Italian","L2"
"2411",168,"bugiarda","5","4","Italian","L2"
"2412",168,"buono","4","9","Italian","L2"
"2413",168,"scrupolosa","6","3","Italian","L2"
"2414",168,"gentile","1","9","Italian","L2"
"2415",168,"cattivo","4","5","Italian","L2"
"2416",168,"demone","9","1","Italian","L2"
"2417",168,"affidabile","5","5","Italian","L2"
"2418",168,"saggia","4","1","Italian","L2"
"2419",118,"buono","5","9","Italian","L2"
"2420",118,"scortese","5","3","Italian","L2"
"2421",118,"demone","7","1","Italian","L2"
"2422",118,"paziente","5","5","Italian","L2"
"2423",118,"tesoro","5","7","Italian","L2"
"2424",118,"gentile","9","9","Italian","L2"
"2425",118,"indiscreta","7","1","Italian","L2"
"2426",118,"scrupolosa","7","2","Italian","L2"
"2427",118,"cattivo","6","2","Italian","L2"
"2428",118,"elegante","9","9","Italian","L2"
"2429",118,"bugiarda","7","1","Italian","L2"
"2430",118,"inaffidabile","5","2","Italian","L2"
"2431",118,"negativo","6","1","Italian","L2"
"2432",118,"leale","6","9","Italian","L2"
"2433",118,"cauta","5","5","Italian","L2"
"2434",118,"sleale","6","2","Italian","L2"
"2435",118,"meschina","6","1","Italian","L2"
"2436",118,"saggia","2","8","Italian","L2"
"2437",118,"positivo","9","9","Italian","L2"
"2438",118,"pigra","5","2","Italian","L2"
"2439",118,"stronzo","5","1","Italian","L2"
"2440",118,"affidabile","5","8","Italian","L2"
"2441",118,"riservata","7","3","Italian","L2"
"2442",118,"crudele","7","2","Italian","L2"
"2443",118,"santo","6","8","Italian","L2"
"2444",118,"osceno","6","2","Italian","L2"
"2445",6,"stronzo","7","1","Italian","L2"
"2446",6,"gentile","1","7","Italian","L2"
"2447",6,"leale","7","5","Italian","L2"
"2448",6,"inaffidabile","7","4","Italian","L2"
"2449",6,"tesoro","3","8","Italian","L2"
"2450",6,"santo","4","6","Italian","L2"
"2451",6,"buono","3","8","Italian","L2"
"2452",6,"demone","9","1","Italian","L2"
"2453",6,"pigra","4","5","Italian","L2"
"2454",6,"riservata","5","5","Italian","L2"
"2455",6,"paziente","3","6","Italian","L2"
"2456",6,"elegante","2","8","Italian","L2"
"2457",6,"positivo","6","8","Italian","L2"
"2458",6,"crudele","8","2","Italian","L2"
"2459",6,"osceno","4","6","Italian","L2"
"2460",6,"cauta","3","7","Italian","L2"
"2461",6,"meschina","4","6","Italian","L2"
"2462",6,"sleale","4","7","Italian","L2"
"2463",6,"negativo","8","2","Italian","L2"
"2464",6,"cattivo","8","1","Italian","L2"
"2465",6,"saggia","3","6","Italian","L2"
"2466",6,"scortese","6","6","Italian","L2"
"2467",6,"scrupolosa","4","4","Italian","L2"
"2468",6,"indiscreta","7","5","Italian","L2"
"2469",6,"affidabile","5","7","Italian","L2"
"2470",6,"bugiarda","7","2","Italian","L2"
"2471",252,"paziente","2","7","Italian","L2"
"2472",252,"santo","1","9","Italian","L2"
"2473",252,"negativo","7","2","Italian","L2"
"2474",252,"crudele","9","1","Italian","L2"
"2475",252,"osceno","9","1","Italian","L2"
"2476",252,"demone","8","2","Italian","L2"
"2477",252,"scortese","8","3","Italian","L2"
"2478",252,"indiscreta","7","3","Italian","L2"
"2479",252,"elegante","1","9","Italian","L2"
"2480",252,"bugiarda","7","2","Italian","L2"
"2481",252,"gentile","1","9","Italian","L2"
"2482",252,"scrupolosa","3","7","Italian","L2"
"2483",252,"tesoro","3","9","Italian","L2"
"2484",252,"cattivo","7","3","Italian","L2"
"2485",252,"saggia","1","7","Italian","L2"
"2486",252,"buono","2","9","Italian","L2"
"2487",252,"positivo","1","9","Italian","L2"
"2488",252,"leale","2","9","Italian","L2"
"2489",252,"cauta","3","7","Italian","L2"
"2490",252,"pigra","6","3","Italian","L2"
"2491",252,"affidabile","3","8","Italian","L2"
"2492",252,"meschina","8","3","Italian","L2"
"2493",252,"stronzo","6","4","Italian","L2"
"2494",252,"sleale","7","2","Italian","L2"
"2495",252,"riservata","5","5","Italian","L2"
"2496",252,"inaffidabile","7","2","Italian","L2"
"2497",271,"osceno","1","9","Italian","L2"
"2498",271,"sleale","1","1","Italian","L2"
"2499",271,"paziente","1","9","Italian","L2"
"2500",271,"meschina","5","1","Italian","L2"
"2501",271,"affidabile","2","9","Italian","L2"
"2502",271,"bugiarda","8","1","Italian","L2"
"2503",271,"gentile","1","9","Italian","L2"
"2504",271,"scrupolosa","6","5","Italian","L2"
"2505",271,"positivo","3","9","Italian","L2"
"2506",271,"stronzo","4","1","Italian","L2"
"2507",271,"elegante","6","9","Italian","L2"
"2508",271,"leale","5","5","Italian","L2"
"2509",271,"santo","1","9","Italian","L2"
"2510",271,"demone","9","1","Italian","L2"
"2511",271,"negativo","7","1","Italian","L2"
"2512",271,"tesoro","1","9","Italian","L2"
"2513",271,"cauta","5","5","Italian","L2"
"2514",271,"pigra","2","1","Italian","L2"
"2515",271,"cattivo","5","5","Italian","L2"
"2516",271,"indiscreta","3","3","Italian","L2"
"2517",271,"inaffidabile","2","3","Italian","L2"
"2518",271,"riservata","5","5","Italian","L2"
"2519",271,"crudele","3","2","Italian","L2"
"2520",271,"scortese","5","3","Italian","L2"
"2521",271,"buono","2","9","Italian","L2"
"2522",271,"saggia","5","5","Italian","L2"
"2523",185,"stronzo","8","1","Italian","L2"
"2524",185,"positivo","1","9","Italian","L2"
"2525",185,"elegante","3","9","Italian","L2"
"2526",185,"buono","2","9","Italian","L2"
"2527",185,"crudele","6","1","Italian","L2"
"2528",185,"demone","7","1","Italian","L2"
"2529",185,"meschina","7","2","Italian","L2"
"2530",185,"leale","4","9","Italian","L2"
"2531",185,"affidabile","2","8","Italian","L2"
"2532",185,"pigra","3","1","Italian","L2"
"2533",185,"osceno","5","5","Italian","L2"
"2534",185,"cattivo","7","1","Italian","L2"
"2535",185,"riservata","3","7","Italian","L2"
"2536",185,"scrupolosa","7","1","Italian","L2"
"2537",185,"santo","4","3","Italian","L2"
"2538",185,"scortese","6","2","Italian","L2"
"2539",185,"tesoro","5","9","Italian","L2"
"2540",185,"bugiarda","6","5","Italian","L2"
"2541",185,"inaffidabile","5","1","Italian","L2"
"2542",185,"saggia","2","8","Italian","L2"
"2543",185,"indiscreta","7","2","Italian","L2"
"2544",185,"sleale","7","2","Italian","L2"
"2545",185,"cauta","7","7","Italian","L2"
"2546",185,"negativo","7","1","Italian","L2"
"2547",185,"paziente","1","9","Italian","L2"
"2548",185,"gentile","1","9","Italian","L2"
"2549",38,"elegante","7","6","Italian","L2"
"2550",38,"paziente","6","8","Italian","L2"
"2551",38,"demone","7","2","Italian","L2"
"2552",38,"scrupolosa","6","6","Italian","L2"
"2553",38,"leale","7","9","Italian","L2"
"2554",38,"osceno","4","1","Italian","L2"
"2555",38,"negativo","4","1","Italian","L2"
"2556",38,"crudele","7","1","Italian","L2"
"2557",38,"meschina","6","1","Italian","L2"
"2558",38,"inaffidabile","7","2","Italian","L2"
"2559",38,"buono","1","9","Italian","L2"
"2560",38,"santo","1","9","Italian","L2"
"2561",38,"cattivo","9","1","Italian","L2"
"2562",38,"bugiarda","8","2","Italian","L2"
"2563",38,"indiscreta","6","3","Italian","L2"
"2564",38,"riservata","4","6","Italian","L2"
"2565",38,"pigra","5","3","Italian","L2"
"2566",38,"scortese","4","2","Italian","L2"
"2567",38,"gentile","5","8","Italian","L2"
"2568",38,"stronzo","6","1","Italian","L2"
"2569",38,"tesoro","1","9","Italian","L2"
"2570",38,"saggia","1","8","Italian","L2"
"2571",38,"affidabile","2","9","Italian","L2"
"2572",38,"cauta","3","8","Italian","L2"
"2573",38,"sleale","9","1","Italian","L2"
"2574",38,"positivo","3","9","Italian","L2"
"2575",87,"bugiarda","5","1","Italian","L2"
"2576",87,"indiscreta","2","5","Italian","L2"
"2577",87,"paziente","1","8","Italian","L2"
"2578",87,"leale","1","9","Italian","L2"
"2579",87,"inaffidabile","7","1","Italian","L2"
"2580",87,"meschina","7","2","Italian","L2"
"2581",87,"cattivo","8","1","Italian","L2"
"2582",87,"saggia","1","7","Italian","L2"
"2583",87,"riservata","1","5","Italian","L2"
"2584",87,"sleale","6","1","Italian","L2"
"2585",87,"tesoro","1","8","Italian","L2"
"2586",87,"gentile","1","8","Italian","L2"
"2587",87,"pigra","1","1","Italian","L2"
"2588",87,"crudele","6","2","Italian","L2"
"2589",87,"cauta","1","5","Italian","L2"
"2590",87,"scrupolosa","1","5","Italian","L2"
"2591",87,"osceno","5","4","Italian","L2"
"2592",87,"santo","6","9","Italian","L2"
"2593",87,"scortese","3","4","Italian","L2"
"2594",87,"negativo","5","1","Italian","L2"
"2595",87,"affidabile","5","9","Italian","L2"
"2596",87,"positivo","7","9","Italian","L2"
"2597",87,"stronzo","7","1","Italian","L2"
"2598",87,"elegante","2","6","Italian","L2"
"2599",87,"buono","2","8","Italian","L2"
"2600",87,"demone","7","1","Italian","L2"
"2601",222,"pigra","5","3","Italian","L2"
"2602",222,"meschina","8","3","Italian","L2"
"2603",222,"crudele","8","2","Italian","L2"
"2604",222,"leale","3","8","Italian","L2"
"2605",222,"paziente","2","8","Italian","L2"
"2606",222,"tesoro","1","9","Italian","L2"
"2607",222,"gentile","2","8","Italian","L2"
"2608",222,"osceno","8","2","Italian","L2"
"2609",222,"negativo","7","3","Italian","L2"
"2610",222,"buono","2","8","Italian","L2"
"2611",222,"saggia","4","7","Italian","L2"
"2612",222,"scortese","7","3","Italian","L2"
"2613",222,"positivo","3","7","Italian","L2"
"2614",222,"indiscreta","6","4","Italian","L2"
"2615",222,"scrupolosa","6","4","Italian","L2"
"2616",222,"riservata","1","5","Italian","L2"
"2617",222,"inaffidabile","7","4","Italian","L2"
"2618",222,"sleale","9","2","Italian","L2"
"2619",222,"cattivo","8","2","Italian","L2"
"2620",222,"affidabile","7","4","Italian","L2"
"2621",222,"elegante","2","8","Italian","L2"
"2622",222,"stronzo","9","1","Italian","L2"
"2623",222,"bugiarda","8","2","Italian","L2"
"2624",222,"santo","2","8","Italian","L2"
"2625",222,"demone","9","1","Italian","L2"
"2626",222,"cauta","7","3","Italian","L2"
"2627",169,"demone","6","1","Italian","L2"
"2628",169,"sleale","3","2","Italian","L2"
"2629",169,"cauta","2","7","Italian","L2"
"2630",169,"bugiarda","5","3","Italian","L2"
"2631",169,"negativo","3","2","Italian","L2"
"2632",169,"positivo","1","9","Italian","L2"
"2633",169,"stronzo","5","1","Italian","L2"
"2634",169,"leale","1","9","Italian","L2"
"2635",169,"inaffidabile","4","1","Italian","L2"
"2636",169,"gentile","2","9","Italian","L2"
"2637",169,"pigra","6","2","Italian","L2"
"2638",169,"tesoro","3","7","Italian","L2"
"2639",169,"crudele","2","3","Italian","L2"
"2640",169,"paziente","1","7","Italian","L2"
"2641",169,"indiscreta","4","2","Italian","L2"
"2642",169,"buono","5","9","Italian","L2"
"2643",169,"scortese","4","2","Italian","L2"
"2644",169,"santo","6","7","Italian","L2"
"2645",169,"meschina","6","2","Italian","L2"
"2646",169,"riservata","1","5","Italian","L2"
"2647",169,"cattivo","4","2","Italian","L2"
"2648",169,"osceno","6","3","Italian","L2"
"2649",169,"affidabile","4","6","Italian","L2"
"2650",169,"scrupolosa","1","4","Italian","L2"
"2651",169,"saggia","4","5","Italian","L2"
"2652",169,"elegante","2","7","Italian","L2"
"2653",105,"leale","3","7","Italian","L2"
"2654",105,"osceno","6","2","Italian","L2"
"2655",105,"meschina","7","2","Italian","L2"
"2656",105,"elegante","4","6","Italian","L2"
"2657",105,"pigra","7","3","Italian","L2"
"2658",105,"crudele","7","2","Italian","L2"
"2659",105,"sleale","7","1","Italian","L2"
"2660",105,"buono","2","6","Italian","L2"
"2661",105,"cattivo","7","2","Italian","L2"
"2662",105,"positivo","4","7","Italian","L2"
"2663",105,"demone","7","2","Italian","L2"
"2664",105,"cauta","6","4","Italian","L2"
"2665",105,"stronzo","7","2","Italian","L2"
"2666",105,"gentile","4","7","Italian","L2"
"2667",105,"saggia","5","7","Italian","L2"
"2668",105,"inaffidabile","7","2","Italian","L2"
"2669",105,"riservata","3","4","Italian","L2"
"2670",105,"santo","3","6","Italian","L2"
"2671",105,"negativo","6","3","Italian","L2"
"2672",105,"paziente","3","7","Italian","L2"
"2673",105,"scrupolosa","5","7","Italian","L2"
"2674",105,"bugiarda","6","3","Italian","L2"
"2675",105,"scortese","7","4","Italian","L2"
"2676",105,"indiscreta","5","3","Italian","L2"
"2677",105,"affidabile","4","7","Italian","L2"
"2678",105,"tesoro","5","7","Italian","L2"
"2679",177,"scortese","6","4","Italian","L2"
"2680",177,"saggia","1","8","Italian","L2"
"2681",177,"pigra","7","2","Italian","L2"
"2682",177,"tesoro","3","9","Italian","L2"
"2683",177,"positivo","6","9","Italian","L2"
"2684",177,"osceno","7","2","Italian","L2"
"2685",177,"leale","1","8","Italian","L2"
"2686",177,"santo","2","7","Italian","L2"
"2687",177,"inaffidabile","4","3","Italian","L2"
"2688",177,"stronzo","6","2","Italian","L2"
"2689",177,"bugiarda","7","2","Italian","L2"
"2690",177,"scrupolosa","2","6","Italian","L2"
"2691",177,"gentile","1","8","Italian","L2"
"2692",177,"crudele","6","2","Italian","L2"
"2693",177,"riservata","1","5","Italian","L2"
"2694",177,"indiscreta","6","3","Italian","L2"
"2695",177,"cattivo","7","2","Italian","L2"
"2696",177,"buono","1","9","Italian","L2"
"2697",177,"elegante","2","8","Italian","L2"
"2698",177,"cauta","2","5","Italian","L2"
"2699",177,"negativo","2","3","Italian","L2"
"2700",177,"paziente","2","7","Italian","L2"
"2701",177,"meschina","7","2","Italian","L2"
"2702",177,"affidabile","1","7","Italian","L2"
"2703",177,"demone","7","1","Italian","L2"
"2704",177,"sleale","6","2","Italian","L2"
"2705",85,"riservata","3","5","Italian","L2"
"2706",85,"pigra","5","2","Italian","L2"
"2707",85,"affidabile","3","7","Italian","L2"
"2708",85,"scortese","7","2","Italian","L2"
"2709",85,"meschina","7","2","Italian","L2"
"2710",85,"negativo","5","2","Italian","L2"
"2711",85,"inaffidabile","7","3","Italian","L2"
"2712",85,"indiscreta","5","5","Italian","L2"
"2713",85,"santo","2","8","Italian","L2"
"2714",85,"paziente","2","7","Italian","L2"
"2715",85,"buono","8","7","Italian","L2"
"2716",85,"saggia","4","5","Italian","L2"
"2717",85,"demone","7","3","Italian","L2"
"2718",85,"elegante","3","7","Italian","L2"
"2719",85,"scrupolosa","5","3","Italian","L2"
"2720",85,"osceno","7","2","Italian","L2"
"2721",85,"stronzo","8","3","Italian","L2"
"2722",85,"bugiarda","7","3","Italian","L2"
"2723",85,"crudele","6","3","Italian","L2"
"2724",85,"tesoro","2","7","Italian","L2"
"2725",85,"cattivo","7","2","Italian","L2"
"2726",85,"leale","2","8","Italian","L2"
"2727",85,"cauta","4","2","Italian","L2"
"2728",85,"sleale","3","3","Italian","L2"
"2729",85,"positivo","3","8","Italian","L2"
"2730",85,"gentile","3","7","Italian","L2"
"2731",66,"buono","2","7","Italian","L2"
"2732",66,"tesoro","3","8","Italian","L2"
"2733",66,"elegante","3","5","Italian","L2"
"2734",66,"indiscreta","6","2","Italian","L2"
"2735",66,"negativo","8","1","Italian","L2"
"2736",66,"sleale","9","1","Italian","L2"
"2737",66,"cattivo","8","1","Italian","L2"
"2738",66,"meschina","7","4","Italian","L2"
"2739",66,"stronzo","9","1","Italian","L2"
"2740",66,"santo","2","8","Italian","L2"
"2741",66,"affidabile","3","8","Italian","L2"
"2742",66,"inaffidabile","6","1","Italian","L2"
"2743",66,"scortese","5","3","Italian","L2"
"2744",66,"paziente","2","7","Italian","L2"
"2745",66,"saggia","3","8","Italian","L2"
"2746",66,"cauta","5","6","Italian","L2"
"2747",66,"leale","4","6","Italian","L2"
"2748",66,"riservata","5","5","Italian","L2"
"2749",66,"positivo","3","7","Italian","L2"
"2750",66,"pigra","5","4","Italian","L2"
"2751",66,"demone","9","1","Italian","L2"
"2752",66,"crudele","9","1","Italian","L2"
"2753",66,"scrupolosa","5","5","Italian","L2"
"2754",66,"bugiarda","7","2","Italian","L2"
"2755",66,"osceno","6","5","Italian","L2"
"2756",66,"gentile","1","7","Italian","L2"
"2757",47,"leale","1","9","Italian","L2"
"2758",47,"pigra","1","1","Italian","L2"
"2759",47,"elegante","7","9","Italian","L2"
"2760",47,"crudele","1","1","Italian","L2"
"2761",47,"positivo","6","9","Italian","L2"
"2762",47,"osceno","1","1","Italian","L2"
"2763",47,"cauta","5","6","Italian","L2"
"2764",47,"saggia","8","9","Italian","L2"
"2765",47,"paziente","5","7","Italian","L2"
"2766",47,"tesoro","5","7","Italian","L2"
"2767",47,"buono","3","6","Italian","L2"
"2768",47,"santo","4","7","Italian","L2"
"2769",47,"scortese","1","1","Italian","L2"
"2770",47,"inaffidabile","1","1","Italian","L2"
"2771",47,"demone","1","1","Italian","L2"
"2772",47,"riservata","3","5","Italian","L2"
"2773",47,"gentile","1","6","Italian","L2"
"2774",47,"scrupolosa","4","5","Italian","L2"
"2775",47,"sleale","1","1","Italian","L2"
"2776",47,"stronzo","1","1","Italian","L2"
"2777",47,"cattivo","1","1","Italian","L2"
"2778",47,"meschina","1","1","Italian","L2"
"2779",47,"affidabile","5","8","Italian","L2"
"2780",47,"negativo","1","1","Italian","L2"
"2781",47,"indiscreta","1","1","Italian","L2"
"2782",47,"bugiarda","1","1","Italian","L2"
"2783",154,"affidabile","2","9","Italian","L2"
"2784",154,"scortese","6","2","Italian","L2"
"2785",154,"meschina","6","3","Italian","L2"
"2786",154,"gentile","1","8","Italian","L2"
"2787",154,"positivo","6","9","Italian","L2"
"2788",154,"scrupolosa","3","9","Italian","L2"
"2789",154,"cattivo","6","1","Italian","L2"
"2790",154,"demone","5","5","Italian","L2"
"2791",154,"indiscreta","7","1","Italian","L2"
"2792",154,"crudele","6","1","Italian","L2"
"2793",154,"negativo","6","1","Italian","L2"
"2794",154,"riservata","5","5","Italian","L2"
"2795",154,"tesoro","3","9","Italian","L2"
"2796",154,"saggia","3","9","Italian","L2"
"2797",154,"sleale","7","1","Italian","L2"
"2798",154,"elegante","1","9","Italian","L2"
"2799",154,"leale","1","9","Italian","L2"
"2800",154,"buono","2","9","Italian","L2"
"2801",154,"inaffidabile","7","1","Italian","L2"
"2802",154,"osceno","5","4","Italian","L2"
"2803",154,"pigra","7","1","Italian","L2"
"2804",154,"santo","5","5","Italian","L2"
"2805",154,"stronzo","6","8","Italian","L2"
"2806",154,"paziente","1","9","Italian","L2"
"2807",154,"bugiarda","9","1","Italian","L2"
"2808",154,"cauta","5","1","Italian","L2"
"2809",55,"riservata","2","4","Italian","L2"
"2810",55,"scortese","7","2","Italian","L2"
"2811",55,"cauta","3","3","Italian","L2"
"2812",55,"bugiarda","7","1","Italian","L2"
"2813",55,"sleale","4","2","Italian","L2"
"2814",55,"affidabile","3","9","Italian","L2"
"2815",55,"meschina","6","2","Italian","L2"
"2816",55,"osceno","9","1","Italian","L2"
"2817",55,"paziente","1","9","Italian","L2"
"2818",55,"buono","2","8","Italian","L2"
"2819",55,"positivo","2","9","Italian","L2"
"2820",55,"crudele","6","1","Italian","L2"
"2821",55,"tesoro","4","9","Italian","L2"
"2822",55,"pigra","2","3","Italian","L2"
"2823",55,"scrupolosa","6","2","Italian","L2"
"2824",55,"gentile","6","6","Italian","L2"
"2825",55,"saggia","2","8","Italian","L2"
"2826",55,"indiscreta","6","3","Italian","L2"
"2827",55,"leale","1","9","Italian","L2"
"2828",55,"cattivo","7","2","Italian","L2"
"2829",55,"santo","4","7","Italian","L2"
"2830",55,"elegante","4","9","Italian","L2"
"2831",55,"stronzo","8","1","Italian","L2"
"2832",55,"negativo","6","1","Italian","L2"
"2833",55,"demone","8","1","Italian","L2"
"2834",55,"inaffidabile","5","2","Italian","L2"
"2835",133,"negativo","5","1","Italian","L2"
"2836",133,"riservata","3","4","Italian","L2"
"2837",133,"positivo","9","9","Italian","L2"
"2838",133,"scrupolosa","6","1","Italian","L2"
"2839",133,"osceno","7","1","Italian","L2"
"2840",133,"cauta","3","5","Italian","L2"
"2841",133,"inaffidabile","9","1","Italian","L2"
"2842",133,"bugiarda","6","1","Italian","L2"
"2843",133,"scortese","6","1","Italian","L2"
"2844",133,"crudele","9","1","Italian","L2"
"2845",133,"cattivo","3","1","Italian","L2"
"2846",133,"tesoro","9","9","Italian","L2"
"2847",133,"gentile","1","9","Italian","L2"
"2848",133,"demone","9","1","Italian","L2"
"2849",133,"buono","3","8","Italian","L2"
"2850",133,"meschina","7","1","Italian","L2"
"2851",133,"saggia","1","9","Italian","L2"
"2852",133,"indiscreta","8","1","Italian","L2"
"2853",133,"santo","1","9","Italian","L2"
"2854",133,"affidabile","1","9","Italian","L2"
"2855",133,"elegante","1","9","Italian","L2"
"2856",133,"pigra","4","3","Italian","L2"
"2857",133,"stronzo","9","1","Italian","L2"
"2858",133,"sleale","8","1","Italian","L2"
"2859",133,"leale","8","9","Italian","L2"
"2860",133,"paziente","1","9","Italian","L2"
"2861",162,"scrupolosa","7","9","Italian","L2"
"2862",162,"pigra","7","5","Italian","L2"
"2863",162,"saggia","6","9","Italian","L2"
"2864",162,"negativo","3","2","Italian","L2"
"2865",162,"cauta","4","6","Italian","L2"
"2866",162,"crudele","7","6","Italian","L2"
"2867",162,"meschina","7","8","Italian","L2"
"2868",162,"demone","7","6","Italian","L2"
"2869",162,"paziente","4","5","Italian","L2"
"2870",162,"cattivo","2","3","Italian","L2"
"2871",162,"buono","8","8","Italian","L2"
"2872",162,"indiscreta","7","7","Italian","L2"
"2873",162,"leale","3","8","Italian","L2"
"2874",162,"elegante","8","2","Italian","L2"
"2875",162,"affidabile","7","9","Italian","L2"
"2876",162,"sleale","9","7","Italian","L2"
"2877",162,"positivo","9","6","Italian","L2"
"2878",162,"scortese","3","7","Italian","L2"
"2879",162,"santo","7","8","Italian","L2"
"2880",162,"stronzo","9","8","Italian","L2"
"2881",162,"osceno","7","9","Italian","L2"
"2882",162,"inaffidabile","3","5","Italian","L2"
"2883",162,"tesoro","5","7","Italian","L2"
"2884",162,"bugiarda","7","3","Italian","L2"
"2885",162,"gentile","3","7","Italian","L2"
"2886",162,"riservata","7","8","Italian","L2"
"2887",201,"tesoro","3","7","Italian","L2"
"2888",201,"meschina","5","5","Italian","L2"
"2889",201,"paziente","1","7","Italian","L2"
"2890",201,"scortese","5","3","Italian","L2"
"2891",201,"elegante","3","7","Italian","L2"
"2892",201,"buono","5","7","Italian","L2"
"2893",201,"stronzo","6","5","Italian","L2"
"2894",201,"bugiarda","6","5","Italian","L2"
"2895",201,"pigra","7","5","Italian","L2"
"2896",201,"cattivo","5","5","Italian","L2"
"2897",201,"sleale","6","5","Italian","L2"
"2898",201,"leale","2","7","Italian","L2"
"2899",201,"indiscreta","6","5","Italian","L2"
"2900",201,"scrupolosa","4","5","Italian","L2"
"2901",201,"osceno","7","6","Italian","L2"
"2902",201,"gentile","2","7","Italian","L2"
"2903",201,"inaffidabile","6","5","Italian","L2"
"2904",201,"crudele","6","3","Italian","L2"
"2905",201,"affidabile","3","6","Italian","L2"
"2906",201,"saggia","1","8","Italian","L2"
"2907",201,"santo","2","8","Italian","L2"
"2908",201,"negativo","5","4","Italian","L2"
"2909",201,"riservata","2","5","Italian","L2"
"2910",201,"cauta","7","5","Italian","L2"
"2911",201,"positivo","2","8","Italian","L2"
"2912",201,"demone","7","3","Italian","L2"
"2913",84,"pigra","1","2","Italian","L2"
"2914",84,"paziente","2","8","Italian","L2"
"2915",84,"indiscreta","6","2","Italian","L2"
"2916",84,"osceno","8","2","Italian","L2"
"2917",84,"inaffidabile","4","2","Italian","L2"
"2918",84,"tesoro","4","9","Italian","L2"
"2919",84,"sleale","6","1","Italian","L2"
"2920",84,"bugiarda","7","2","Italian","L2"
"2921",84,"scortese","8","1","Italian","L2"
"2922",84,"scrupolosa","4","5","Italian","L2"
"2923",84,"cauta","2","6","Italian","L2"
"2924",84,"meschina","7","1","Italian","L2"
"2925",84,"affidabile","4","7","Italian","L2"
"2926",84,"saggia","5","6","Italian","L2"
"2927",84,"crudele","7","2","Italian","L2"
"2928",84,"demone","9","1","Italian","L2"
"2929",84,"cattivo","7","1","Italian","L2"
"2930",84,"riservata","2","6","Italian","L2"
"2931",84,"gentile","2","8","Italian","L2"
"2932",84,"positivo","4","7","Italian","L2"
"2933",84,"negativo","4","3","Italian","L2"
"2934",84,"elegante","6","8","Italian","L2"
"2935",84,"santo","3","8","Italian","L2"
"2936",84,"stronzo","7","2","Italian","L2"
"2937",84,"buono","2","7","Italian","L2"
"2938",84,"leale","1","9","Italian","L2"
"2939",151,"crudele","7","1","Italian","L2"
"2940",151,"gentile","3","7","Italian","L2"
"2941",151,"elegante","4","7","Italian","L2"
"2942",151,"positivo","4","9","Italian","L2"
"2943",151,"leale","1","6","Italian","L2"
"2944",151,"paziente","1","7","Italian","L2"
"2945",151,"bugiarda","7","3","Italian","L2"
"2946",151,"osceno","8","4","Italian","L2"
"2947",151,"demone","7","2","Italian","L2"
"2948",151,"buono","3","7","Italian","L2"
"2949",151,"negativo","7","3","Italian","L2"
"2950",151,"scortese","7","3","Italian","L2"
"2951",151,"tesoro","4","7","Italian","L2"
"2952",151,"sleale","5","5","Italian","L2"
"2953",151,"affidabile","3","7","Italian","L2"
"2954",151,"scrupolosa","7","3","Italian","L2"
"2955",151,"cattivo","7","2","Italian","L2"
"2956",151,"stronzo","9","1","Italian","L2"
"2957",151,"indiscreta","6","4","Italian","L2"
"2958",151,"santo","1","7","Italian","L2"
"2959",151,"inaffidabile","8","4","Italian","L2"
"2960",151,"cauta","5","5","Italian","L2"
"2961",151,"saggia","3","5","Italian","L2"
"2962",151,"meschina","6","4","Italian","L2"
"2963",151,"pigra","6","4","Italian","L2"
"2964",151,"riservata","4","5","Italian","L2"
"2965",60,"affidabile","2","8","Italian","L2"
"2966",60,"negativo","8","2","Italian","L2"
"2967",60,"sleale","6","3","Italian","L2"
"2968",60,"crudele","8","1","Italian","L2"
"2969",60,"inaffidabile","5","3","Italian","L2"
"2970",60,"cauta","4","5","Italian","L2"
"2971",60,"scortese","6","3","Italian","L2"
"2972",60,"stronzo","9","1","Italian","L2"
"2973",60,"riservata","4","6","Italian","L2"
"2974",60,"saggia","2","9","Italian","L2"
"2975",60,"bugiarda","6","3","Italian","L2"
"2976",60,"paziente","1","9","Italian","L2"
"2977",60,"scrupolosa","5","5","Italian","L2"
"2978",60,"leale","3","8","Italian","L2"
"2979",60,"gentile","2","8","Italian","L2"
"2980",60,"indiscreta","5","4","Italian","L2"
"2981",60,"cattivo","9","1","Italian","L2"
"2982",60,"santo","3","8","Italian","L2"
"2983",60,"meschina","6","2","Italian","L2"
"2984",60,"tesoro","1","9","Italian","L2"
"2985",60,"demone","9","3","Italian","L2"
"2986",60,"osceno","6","3","Italian","L2"
"2987",60,"positivo","1","9","Italian","L2"
"2988",60,"pigra","6","2","Italian","L2"
"2989",60,"elegante","3","8","Italian","L2"
"2990",60,"buono","2","8","Italian","L2"
"2991",180,"positivo","5","6","Italian","L2"
"2992",180,"gentile","3","6","Italian","L2"
"2993",180,"cauta","3","8","Italian","L2"
"2994",180,"tesoro","8","5","Italian","L2"
"2995",180,"buono","9","9","Italian","L2"
"2996",180,"paziente","4","6","Italian","L2"
"2997",180,"meschina","1","1","Italian","L2"
"2998",180,"leale","5","5","Italian","L2"
"2999",180,"demone","1","1","Italian","L2"
"3000",180,"riservata","4","5","Italian","L2"
"3001",180,"elegante","7","6","Italian","L2"
"3002",180,"indiscreta","4","4","Italian","L2"
"3003",180,"pigra","1","1","Italian","L2"
"3004",180,"cattivo","1","1","Italian","L2"
"3005",180,"inaffidabile","4","3","Italian","L2"
"3006",180,"affidabile","6","6","Italian","L2"
"3007",180,"saggia","9","9","Italian","L2"
"3008",180,"sleale","1","1","Italian","L2"
"3009",180,"negativo","5","4","Italian","L2"
"3010",180,"scrupolosa","5","5","Italian","L2"
"3011",180,"crudele","6","4","Italian","L2"
"3012",180,"santo","8","8","Italian","L2"
"3013",180,"scortese","1","1","Italian","L2"
"3014",180,"stronzo","1","1","Italian","L2"
"3015",180,"osceno","5","4","Italian","L2"
"3016",180,"bugiarda","3","4","Italian","L2"
"3017",161,"crudele","3","2","Italian","L2"
"3018",161,"tesoro","2","8","Italian","L2"
"3019",161,"cauta","4","5","Italian","L2"
"3020",161,"positivo","3","9","Italian","L2"
"3021",161,"scortese","6","3","Italian","L2"
"3022",161,"santo","8","8","Italian","L2"
"3023",161,"saggia","2","8","Italian","L2"
"3024",161,"cattivo","3","3","Italian","L2"
"3025",161,"inaffidabile","5","3","Italian","L2"
"3026",161,"demone","9","1","Italian","L2"
"3027",161,"osceno","9","1","Italian","L2"
"3028",161,"elegante","6","9","Italian","L2"
"3029",161,"affidabile","6","8","Italian","L2"
"3030",161,"meschina","4","4","Italian","L2"
"3031",161,"stronzo","7","2","Italian","L2"
"3032",161,"sleale","7","3","Italian","L2"
"3033",161,"scrupolosa","5","3","Italian","L2"
"3034",161,"indiscreta","6","3","Italian","L2"
"3035",161,"bugiarda","5","4","Italian","L2"
"3036",161,"gentile","2","9","Italian","L2"
"3037",161,"riservata","5","7","Italian","L2"
"3038",161,"negativo","3","4","Italian","L2"
"3039",161,"pigra","6","4","Italian","L2"
"3040",161,"leale","7","3","Italian","L2"
"3041",161,"paziente","2","7","Italian","L2"
"3042",161,"buono","1","9","Italian","L2"
"3043",28,"gentile","7","4","Italian","L2"
"3044",28,"sleale","2","6","Italian","L2"
"3045",28,"positivo","7","9","Italian","L2"
"3046",28,"negativo","5","3","Italian","L2"
"3047",28,"indiscreta","3","5","Italian","L2"
"3048",28,"elegante","1","9","Italian","L2"
"3049",28,"leale","3","7","Italian","L2"
"3050",28,"stronzo","8","5","Italian","L2"
"3051",28,"affidabile","7","4","Italian","L2"
"3052",28,"crudele","6","3","Italian","L2"
"3053",28,"scrupolosa","5","5","Italian","L2"
"3054",28,"saggia","1","4","Italian","L2"
"3055",28,"pigra","3","3","Italian","L2"
"3056",28,"osceno","6","3","Italian","L2"
"3057",28,"riservata","4","5","Italian","L2"
"3058",28,"scortese","8","1","Italian","L2"
"3059",28,"cauta","4","6","Italian","L2"
"3060",28,"cattivo","5","6","Italian","L2"
"3061",28,"paziente","1","8","Italian","L2"
"3062",28,"inaffidabile","6","3","Italian","L2"
"3063",28,"bugiarda","6","3","Italian","L2"
"3064",28,"santo","3","5","Italian","L2"
"3065",28,"buono","3","9","Italian","L2"
"3066",28,"tesoro","8","6","Italian","L2"
"3067",28,"meschina","5","3","Italian","L2"
"3068",28,"demone","7","3","Italian","L2"
"3069",72,"cattivo","7","1","Italian","L2"
"3070",72,"tesoro","3","9","Italian","L2"
"3071",72,"cauta","4","5","Italian","L2"
"3072",72,"gentile","1","7","Italian","L2"
"3073",72,"sleale","6","3","Italian","L2"
"3074",72,"stronzo","8","1","Italian","L2"
"3075",72,"negativo","6","2","Italian","L2"
"3076",72,"paziente","2","8","Italian","L2"
"3077",72,"indiscreta","7","3","Italian","L2"
"3078",72,"saggia","4","7","Italian","L2"
"3079",72,"leale","3","7","Italian","L2"
"3080",72,"riservata","3","5","Italian","L2"
"3081",72,"osceno","6","2","Italian","L2"
"3082",72,"scortese","7","2","Italian","L2"
"3083",72,"elegante","2","8","Italian","L2"
"3084",72,"positivo","2","9","Italian","L2"
"3085",72,"affidabile","1","9","Italian","L2"
"3086",72,"meschina","8","2","Italian","L2"
"3087",72,"inaffidabile","8","1","Italian","L2"
"3088",72,"pigra","6","3","Italian","L2"
"3089",72,"crudele","7","1","Italian","L2"
"3090",72,"buono","1","9","Italian","L2"
"3091",72,"scrupolosa","5","2","Italian","L2"
"3092",72,"santo","2","9","Italian","L2"
"3093",72,"demone","8","1","Italian","L2"
"3094",72,"bugiarda","7","1","Italian","L2"
"3095",232,"cauta","2","6","Italian","L2"
"3096",232,"saggia","3","6","Italian","L2"
"3097",232,"santo","3","6","Italian","L2"
"3098",232,"gentile","5","7","Italian","L2"
"3099",232,"tesoro","4","6","Italian","L2"
"3100",232,"bugiarda","5","1","Italian","L2"
"3101",232,"riservata","3","3","Italian","L2"
"3102",232,"crudele","5","1","Italian","L2"
"3103",232,"demone","6","1","Italian","L2"
"3104",232,"inaffidabile","5","2","Italian","L2"
"3105",232,"indiscreta","7","3","Italian","L2"
"3106",232,"osceno","5","1","Italian","L2"
"3107",232,"paziente","3","7","Italian","L2"
"3108",232,"pigra","4","1","Italian","L2"
"3109",232,"buono","5","8","Italian","L2"
"3110",232,"negativo","7","2","Italian","L2"
"3111",232,"meschina","4","2","Italian","L2"
"3112",232,"scrupolosa","5","7","Italian","L2"
"3113",232,"cattivo","7","1","Italian","L2"
"3114",232,"elegante","3","8","Italian","L2"
"3115",232,"leale","8","9","Italian","L2"
"3116",232,"sleale","3","1","Italian","L2"
"3117",232,"scortese","4","1","Italian","L2"
"3118",232,"affidabile","6","9","Italian","L2"
"3119",232,"stronzo","6","2","Italian","L2"
"3120",232,"positivo","5","9","Italian","L2"
"3121",143,"leale","6","9","Italian","L2"
"3122",143,"indiscreta","5","2","Italian","L2"
"3123",143,"sleale","8","1","Italian","L2"
"3124",143,"negativo","3","2","Italian","L2"
"3125",143,"scortese","7","1","Italian","L2"
"3126",143,"buono","2","9","Italian","L2"
"3127",143,"osceno","8","1","Italian","L2"
"3128",143,"stronzo","9","1","Italian","L2"
"3129",143,"affidabile","2","9","Italian","L2"
"3130",143,"scrupolosa","1","8","Italian","L2"
"3131",143,"saggia","5","8","Italian","L2"
"3132",143,"cauta","1","9","Italian","L2"
"3133",143,"pigra","1","1","Italian","L2"
"3134",143,"elegante","4","8","Italian","L2"
"3135",143,"positivo","5","9","Italian","L2"
"3136",143,"santo","9","9","Italian","L2"
"3137",143,"inaffidabile","2","1","Italian","L2"
"3138",143,"cattivo","6","1","Italian","L2"
"3139",143,"tesoro","8","9","Italian","L2"
"3140",143,"riservata","1","7","Italian","L2"
"3141",143,"gentile","3","8","Italian","L2"
"3142",143,"meschina","6","2","Italian","L2"
"3143",143,"paziente","1","9","Italian","L2"
"3144",143,"crudele","8","1","Italian","L2"
"3145",143,"demone","9","1","Italian","L2"
"3146",143,"bugiarda","5","1","Italian","L2"
"3147",18,"crudele","9","1","Italian","L2"
"3148",18,"elegante","1","9","Italian","L2"
"3149",18,"osceno","9","1","Italian","L2"
"3150",18,"sleale","1","1","Italian","L2"
"3151",18,"indiscreta","3","1","Italian","L2"
"3152",18,"leale","9","9","Italian","L2"
"3153",18,"saggia","9","9","Italian","L2"
"3154",18,"gentile","1","9","Italian","L2"
"3155",18,"pigra","1","1","Italian","L2"
"3156",18,"meschina","1","1","Italian","L2"
"3157",18,"santo","1","9","Italian","L2"
"3158",18,"inaffidabile","1","1","Italian","L2"
"3159",18,"positivo","9","9","Italian","L2"
"3160",18,"paziente","1","9","Italian","L2"
"3161",18,"affidabile","1","9","Italian","L2"
"3162",18,"scortese","7","1","Italian","L2"
"3163",18,"riservata","5","5","Italian","L2"
"3164",18,"buono","1","9","Italian","L2"
"3165",18,"scrupolosa","1","9","Italian","L2"
"3166",18,"cattivo","5","1","Italian","L2"
"3167",18,"bugiarda","9","1","Italian","L2"
"3168",18,"tesoro","9","9","Italian","L2"
"3169",18,"stronzo","7","1","Italian","L2"
"3170",18,"cauta","1","9","Italian","L2"
"3171",18,"demone","1","1","Italian","L2"
"3172",18,"negativo","1","1","Italian","L2"
"3173",267,"positivo","5","7","Italian","L2"
"3174",267,"cattivo","8","5","Italian","L2"
"3175",267,"santo","7","9","Italian","L2"
"3176",267,"elegante","4","1","Italian","L2"
"3177",267,"cauta","3","6","Italian","L2"
"3178",267,"affidabile","7","7","Italian","L2"
"3179",267,"tesoro","2","6","Italian","L2"
"3180",267,"saggia","8","3","Italian","L2"
"3181",267,"bugiarda","4","3","Italian","L2"
"3182",267,"meschina","7","7","Italian","L2"
"3183",267,"leale","7","3","Italian","L2"
"3184",267,"osceno","5","5","Italian","L2"
"3185",267,"buono","9","7","Italian","L2"
"3186",267,"riservata","4","1","Italian","L2"
"3187",267,"demone","5","4","Italian","L2"
"3188",267,"negativo","8","7","Italian","L2"
"3189",267,"paziente","3","5","Italian","L2"
"3190",267,"indiscreta","8","7","Italian","L2"
"3191",267,"sleale","7","4","Italian","L2"
"3192",267,"stronzo","9","1","Italian","L2"
"3193",267,"crudele","4","9","Italian","L2"
"3194",267,"gentile","3","4","Italian","L2"
"3195",267,"pigra","8","7","Italian","L2"
"3196",267,"scrupolosa","1","5","Italian","L2"
"3197",267,"inaffidabile","9","4","Italian","L2"
"3198",267,"scortese","9","1","Italian","L2"
"3199",137,"riservata","1","6","Italian","L2"
"3200",137,"negativo","5","2","Italian","L2"
"3201",137,"bugiarda","7","1","Italian","L2"
"3202",137,"stronzo","6","1","Italian","L2"
"3203",137,"gentile","1","8","Italian","L2"
"3204",137,"crudele","9","1","Italian","L2"
"3205",137,"tesoro","9","9","Italian","L2"
"3206",137,"santo","9","9","Italian","L2"
"3207",137,"scortese","8","1","Italian","L2"
"3208",137,"elegante","1","9","Italian","L2"
"3209",137,"demone","5","1","Italian","L2"
"3210",137,"indiscreta","5","1","Italian","L2"
"3211",137,"positivo","9","9","Italian","L2"
"3212",137,"affidabile","9","9","Italian","L2"
"3213",137,"cauta","1","7","Italian","L2"
"3214",137,"sleale","5","1","Italian","L2"
"3215",137,"saggia","9","9","Italian","L2"
"3216",137,"meschina","4","1","Italian","L2"
"3217",137,"inaffidabile","4","1","Italian","L2"
"3218",137,"buono","9","9","Italian","L2"
"3219",137,"scrupolosa","7","8","Italian","L2"
"3220",137,"osceno","6","1","Italian","L2"
"3221",137,"leale","9","9","Italian","L2"
"3222",137,"pigra","5","1","Italian","L2"
"3223",137,"paziente","1","9","Italian","L2"
"3224",137,"cattivo","6","1","Italian","L2"
"3225",221,"inaffidabile","6","2","Italian","L2"
"3226",221,"stronzo","7","1","Italian","L2"
"3227",221,"demone","6","1","Italian","L2"
"3228",221,"indiscreta","7","3","Italian","L2"
"3229",221,"meschina","5","4","Italian","L2"
"3230",221,"sleale","5","3","Italian","L2"
"3231",221,"cattivo","6","1","Italian","L2"
"3232",221,"pigra","4","3","Italian","L2"
"3233",221,"crudele","5","2","Italian","L2"
"3234",221,"leale","4","3","Italian","L2"
"3235",221,"saggia","4","3","Italian","L2"
"3236",221,"santo","2","7","Italian","L2"
"3237",221,"tesoro","1","9","Italian","L2"
"3238",221,"osceno","2","7","Italian","L2"
"3239",221,"paziente","2","7","Italian","L2"
"3240",221,"negativo","4","4","Italian","L2"
"3241",221,"scortese","5","4","Italian","L2"
"3242",221,"positivo","6","7","Italian","L2"
"3243",221,"cauta","4","4","Italian","L2"
"3244",221,"elegante","5","7","Italian","L2"
"3245",221,"bugiarda","5","3","Italian","L2"
"3246",221,"buono","5","7","Italian","L2"
"3247",221,"riservata","5","5","Italian","L2"
"3248",221,"scrupolosa","5","5","Italian","L2"
"3249",221,"gentile","5","6","Italian","L2"
"3250",221,"affidabile","3","6","Italian","L2"
"3251",238,"inaffidabile","5","2","Italian","L2"
"3252",238,"meschina","5","5","Italian","L2"
"3253",238,"santo","9","9","Italian","L2"
"3254",238,"tesoro","9","9","Italian","L2"
"3255",238,"demone","8","2","Italian","L2"
"3256",238,"riservata","6","6","Italian","L2"
"3257",238,"osceno","5","5","Italian","L2"
"3258",238,"cattivo","8","2","Italian","L2"
"3259",238,"scrupolosa","5","5","Italian","L2"
"3260",238,"paziente","1","8","Italian","L2"
"3261",238,"sleale","5","1","Italian","L2"
"3262",238,"bugiarda","7","1","Italian","L2"
"3263",238,"positivo","2","9","Italian","L2"
"3264",238,"scortese","7","2","Italian","L2"
"3265",238,"crudele","7","3","Italian","L2"
"3266",238,"buono","1","9","Italian","L2"
"3267",238,"leale","3","8","Italian","L2"
"3268",238,"elegante","7","8","Italian","L2"
"3269",238,"gentile","1","9","Italian","L2"
"3270",238,"pigra","5","5","Italian","L2"
"3271",238,"saggia","2","5","Italian","L2"
"3272",238,"cauta","1","7","Italian","L2"
"3273",238,"indiscreta","3","4","Italian","L2"
"3274",238,"affidabile","1","9","Italian","L2"
"3275",238,"stronzo","8","1","Italian","L2"
"3276",238,"negativo","5","1","Italian","L2"
"3277",62,"scrupolosa","1","4","Italian","L2"
"3278",62,"buono","1","5","Italian","L2"
"3279",62,"stronzo","1","5","Italian","L2"
"3280",62,"osceno","1","5","Italian","L2"
"3281",62,"paziente","5","5","Italian","L2"
"3282",62,"pigra","6","5","Italian","L2"
"3283",62,"crudele","3","5","Italian","L2"
"3284",62,"riservata","1","5","Italian","L2"
"3285",62,"meschina","3","5","Italian","L2"
"3286",62,"cattivo","1","5","Italian","L2"
"3287",62,"elegante","1","5","Italian","L2"
"3288",62,"cauta","1","5","Italian","L2"
"3289",62,"saggia","1","6","Italian","L2"
"3290",62,"affidabile","5","6","Italian","L2"
"3291",62,"gentile","6","5","Italian","L2"
"3292",62,"scortese","1","5","Italian","L2"
"3293",62,"sleale","5","5","Italian","L2"
"3294",62,"santo","1","5","Italian","L2"
"3295",62,"negativo","3","5","Italian","L2"
"3296",62,"leale","1","5","Italian","L2"
"3297",62,"demone","4","4","Italian","L2"
"3298",62,"tesoro","6","7","Italian","L2"
"3299",62,"indiscreta","1","5","Italian","L2"
"3300",62,"positivo","1","5","Italian","L2"
"3301",62,"bugiarda","6","4","Italian","L2"
"3302",62,"inaffidabile","6","4","Italian","L2"
"3303",12,"sleale","4","2","Italian","L2"
"3304",12,"positivo","9","8","Italian","L2"
"3305",12,"negativo","5","1","Italian","L2"
"3306",12,"scortese","5","1","Italian","L2"
"3307",12,"bugiarda","5","1","Italian","L2"
"3308",12,"buono","8","8","Italian","L2"
"3309",12,"stronzo","5","1","Italian","L2"
"3310",12,"cauta","5","3","Italian","L2"
"3311",12,"crudele","5","1","Italian","L2"
"3312",12,"saggia","7","8","Italian","L2"
"3313",12,"santo","3","7","Italian","L2"
"3314",12,"osceno","5","1","Italian","L2"
"3315",12,"tesoro","9","8","Italian","L2"
"3316",12,"cattivo","5","1","Italian","L2"
"3317",12,"gentile","2","8","Italian","L2"
"3318",12,"scrupolosa","5","7","Italian","L2"
"3319",12,"demone","5","1","Italian","L2"
"3320",12,"indiscreta","5","1","Italian","L2"
"3321",12,"riservata","5","5","Italian","L2"
"3322",12,"leale","4","6","Italian","L2"
"3323",12,"elegante","8","9","Italian","L2"
"3324",12,"inaffidabile","5","1","Italian","L2"
"3325",12,"affidabile","7","7","Italian","L2"
"3326",12,"pigra","5","2","Italian","L2"
"3327",12,"meschina","5","1","Italian","L2"
"3328",12,"paziente","5","6","Italian","L2"
"3329",74,"cauta","6","2","Italian","L2"
"3330",74,"bugiarda","4","6","Italian","L2"
"3331",74,"saggia","3","6","Italian","L2"
"3332",74,"indiscreta","5","9","Italian","L2"
"3333",74,"leale","4","4","Italian","L2"
"3334",74,"affidabile","3","9","Italian","L2"
"3335",74,"gentile","7","4","Italian","L2"
"3336",74,"riservata","3","3","Italian","L2"
"3337",74,"buono","7","3","Italian","L2"
"3338",74,"cattivo","4","7","Italian","L2"
"3339",74,"scortese","7","3","Italian","L2"
"3340",74,"sleale","6","2","Italian","L2"
"3341",74,"demone","5","7","Italian","L2"
"3342",74,"santo","3","6","Italian","L2"
"3343",74,"stronzo","8","7","Italian","L2"
"3344",74,"elegante","6","2","Italian","L2"
"3345",74,"osceno","3","8","Italian","L2"
"3346",74,"pigra","8","1","Italian","L2"
"3347",74,"inaffidabile","6","6","Italian","L2"
"3348",74,"negativo","8","2","Italian","L2"
"3349",74,"crudele","3","7","Italian","L2"
"3350",74,"tesoro","4","7","Italian","L2"
"3351",74,"meschina","4","6","Italian","L2"
"3352",74,"paziente","6","6","Italian","L2"
"3353",74,"positivo","7","7","Italian","L2"
"3354",74,"scrupolosa","5","5","Italian","L2"
"3355",121,"riservata","6","3","Italian","L2"
"3356",121,"saggia","1","8","Italian","L2"
"3357",121,"stronzo","9","2","Italian","L2"
"3358",121,"cauta","5","6","Italian","L2"
"3359",121,"santo","1","9","Italian","L2"
"3360",121,"cattivo","8","1","Italian","L2"
"3361",121,"tesoro","1","9","Italian","L2"
"3362",121,"inaffidabile","2","7","Italian","L2"
"3363",121,"crudele","7","2","Italian","L2"
"3364",121,"scrupolosa","5","5","Italian","L2"
"3365",121,"elegante","2","8","Italian","L2"
"3366",121,"bugiarda","9","1","Italian","L2"
"3367",121,"buono","1","9","Italian","L2"
"3368",121,"indiscreta","7","3","Italian","L2"
"3369",121,"sleale","8","2","Italian","L2"
"3370",121,"leale","2","8","Italian","L2"
"3371",121,"demone","8","2","Italian","L2"
"3372",121,"gentile","1","9","Italian","L2"
"3373",121,"negativo","9","1","Italian","L2"
"3374",121,"paziente","2","8","Italian","L2"
"3375",121,"osceno","7","3","Italian","L2"
"3376",121,"pigra","7","3","Italian","L2"
"3377",121,"affidabile","2","8","Italian","L2"
"3378",121,"scortese","8","2","Italian","L2"
"3379",121,"positivo","1","9","Italian","L2"
"3380",121,"meschina","8","2","Italian","L2"
"3381",190,"osceno","6","1","Italian","L2"
"3382",190,"saggia","2","9","Italian","L2"
"3383",190,"bugiarda","7","1","Italian","L2"
"3384",190,"leale","2","9","Italian","L2"
"3385",190,"meschina","7","1","Italian","L2"
"3386",190,"pigra","7","1","Italian","L2"
"3387",190,"indiscreta","7","2","Italian","L2"
"3388",190,"stronzo","8","1","Italian","L2"
"3389",190,"scortese","8","2","Italian","L2"
"3390",190,"elegante","1","9","Italian","L2"
"3391",190,"crudele","9","1","Italian","L2"
"3392",190,"sleale","8","1","Italian","L2"
"3393",190,"cauta","5","5","Italian","L2"
"3394",190,"buono","9","9","Italian","L2"
"3395",190,"negativo","9","1","Italian","L2"
"3396",190,"cattivo","9","1","Italian","L2"
"3397",190,"riservata","5","5","Italian","L2"
"3398",190,"affidabile","1","9","Italian","L2"
"3399",190,"santo","5","5","Italian","L2"
"3400",190,"scrupolosa","3","8","Italian","L2"
"3401",190,"paziente","1","9","Italian","L2"
"3402",190,"tesoro","3","9","Italian","L2"
"3403",190,"positivo","6","9","Italian","L2"
"3404",190,"inaffidabile","5","1","Italian","L2"
"3405",190,"demone","6","1","Italian","L2"
"3406",190,"gentile","1","9","Italian","L2"
"3407",5,"riservata","3","5","Italian","L2"
"3408",5,"bugiarda","5","2","Italian","L2"
"3409",5,"santo","3","7","Italian","L2"
"3410",5,"leale","7","8","Italian","L2"
"3411",5,"affidabile","2","8","Italian","L2"
"3412",5,"positivo","8","9","Italian","L2"
"3413",5,"scrupolosa","2","8","Italian","L2"
"3414",5,"pigra","5","2","Italian","L2"
"3415",5,"osceno","5","1","Italian","L2"
"3416",5,"sleale","4","1","Italian","L2"
"3417",5,"inaffidabile","4","2","Italian","L2"
"3418",5,"indiscreta","4","3","Italian","L2"
"3419",5,"paziente","1","8","Italian","L2"
"3420",5,"negativo","5","1","Italian","L2"
"3421",5,"elegante","8","8","Italian","L2"
"3422",5,"demone","5","2","Italian","L2"
"3423",5,"stronzo","5","1","Italian","L2"
"3424",5,"cattivo","3","1","Italian","L2"
"3425",5,"tesoro","8","8","Italian","L2"
"3426",5,"saggia","7","7","Italian","L2"
"3427",5,"scortese","4","2","Italian","L2"
"3428",5,"gentile","8","8","Italian","L2"
"3429",5,"meschina","5","2","Italian","L2"
"3430",5,"cauta","3","7","Italian","L2"
"3431",5,"crudele","5","1","Italian","L2"
"3432",5,"buono","9","9","Italian","L2"
"3433",10,"buono","5","9","Italian","L2"
"3434",10,"meschina","8","2","Italian","L2"
"3435",10,"scrupolosa","3","7","Italian","L2"
"3436",10,"osceno","5","5","Italian","L2"
"3437",10,"tesoro","1","9","Italian","L2"
"3438",10,"crudele","8","1","Italian","L2"
"3439",10,"pigra","5","5","Italian","L2"
"3440",10,"elegante","3","6","Italian","L2"
"3441",10,"gentile","1","9","Italian","L2"
"3442",10,"positivo","1","9","Italian","L2"
"3443",10,"cauta","2","8","Italian","L2"
"3444",10,"inaffidabile","7","2","Italian","L2"
"3445",10,"santo","2","8","Italian","L2"
"3446",10,"scortese","8","2","Italian","L2"
"3447",10,"saggia","2","8","Italian","L2"
"3448",10,"affidabile","1","9","Italian","L2"
"3449",10,"bugiarda","9","1","Italian","L2"
"3450",10,"sleale","9","1","Italian","L2"
"3451",10,"leale","1","9","Italian","L2"
"3452",10,"indiscreta","8","2","Italian","L2"
"3453",10,"paziente","1","9","Italian","L2"
"3454",10,"stronzo","9","5","Italian","L2"
"3455",10,"negativo","8","1","Italian","L2"
"3456",10,"cattivo","9","1","Italian","L2"
"3457",10,"riservata","2","7","Italian","L2"
"3458",10,"demone","9","5","Italian","L2"
"3459",227,"scrupolosa","3","8","Italian","L2"
"3460",227,"demone","6","2","Italian","L2"
"3461",227,"stronzo","3","2","Italian","L2"
"3462",227,"cauta","6","3","Italian","L2"
"3463",227,"santo","1","8","Italian","L2"
"3464",227,"inaffidabile","1","1","Italian","L2"
"3465",227,"indiscreta","7","2","Italian","L2"
"3466",227,"tesoro","2","9","Italian","L2"
"3467",227,"pigra","9","3","Italian","L2"
"3468",227,"cattivo","9","2","Italian","L2"
"3469",227,"affidabile","5","8","Italian","L2"
"3470",227,"scortese","3","2","Italian","L2"
"3471",227,"bugiarda","7","2","Italian","L2"
"3472",227,"riservata","3","5","Italian","L2"
"3473",227,"paziente","1","8","Italian","L2"
"3474",227,"saggia","6","3","Italian","L2"
"3475",227,"sleale","4","5","Italian","L2"
"3476",227,"buono","2","7","Italian","L2"
"3477",227,"meschina","3","6","Italian","L2"
"3478",227,"elegante","8","9","Italian","L2"
"3479",227,"gentile","1","9","Italian","L2"
"3480",227,"positivo","1","9","Italian","L2"
"3481",227,"crudele","7","3","Italian","L2"
"3482",227,"negativo","4","2","Italian","L2"
"3483",227,"osceno","4","3","Italian","L2"
"3484",227,"leale","3","6","Italian","L2"
"3485",184,"crudele","8","1","Italian","L2"
"3486",184,"meschina","5","2","Italian","L2"
"3487",184,"sleale","5","2","Italian","L2"
"3488",184,"scrupolosa","5","3","Italian","L2"
"3489",184,"positivo","7","9","Italian","L2"
"3490",184,"riservata","3","5","Italian","L2"
"3491",184,"cauta","3","6","Italian","L2"
"3492",184,"demone","4","1","Italian","L2"
"3493",184,"saggia","3","6","Italian","L2"
"3494",184,"indiscreta","2","5","Italian","L2"
"3495",184,"gentile","3","8","Italian","L2"
"3496",184,"santo","1","9","Italian","L2"
"3497",184,"inaffidabile","5","2","Italian","L2"
"3498",184,"scortese","5","2","Italian","L2"
"3499",184,"pigra","3","2","Italian","L2"
"3500",184,"bugiarda","6","1","Italian","L2"
"3501",184,"affidabile","5","8","Italian","L2"
"3502",184,"paziente","1","8","Italian","L2"
"3503",184,"cattivo","5","1","Italian","L2"
"3504",184,"stronzo","5","1","Italian","L2"
"3505",184,"elegante","5","9","Italian","L2"
"3506",184,"osceno","8","5","Italian","L2"
"3507",184,"negativo","5","1","Italian","L2"
"3508",184,"leale","5","9","Italian","L2"
"3509",184,"buono","5","9","Italian","L2"
"3510",184,"tesoro","6","9","Italian","L2"
"3511",260,"elegante","2","8","Italian","L2"
"3512",260,"scrupolosa","1","7","Italian","L2"
"3513",260,"cauta","2","5","Italian","L2"
"3514",260,"stronzo","5","1","Italian","L2"
"3515",260,"pigra","5","3","Italian","L2"
"3516",260,"paziente","1","6","Italian","L2"
"3517",260,"indiscreta","5","7","Italian","L2"
"3518",260,"cattivo","5","1","Italian","L2"
"3519",260,"osceno","5","1","Italian","L2"
"3520",260,"sleale","5","2","Italian","L2"
"3521",260,"demone","9","2","Italian","L2"
"3522",260,"leale","2","7","Italian","L2"
"3523",260,"scortese","5","2","Italian","L2"
"3524",260,"riservata","1","5","Italian","L2"
"3525",260,"santo","1","6","Italian","L2"
"3526",260,"gentile","1","9","Italian","L2"
"3527",260,"saggia","1","7","Italian","L2"
"3528",260,"buono","2","9","Italian","L2"
"3529",260,"inaffidabile","5","2","Italian","L2"
"3530",260,"bugiarda","7","2","Italian","L2"
"3531",260,"tesoro","1","8","Italian","L2"
"3532",260,"positivo","5","9","Italian","L2"
"3533",260,"negativo","5","1","Italian","L2"
"3534",260,"affidabile","1","8","Italian","L2"
"3535",260,"meschina","5","3","Italian","L2"
"3536",260,"crudele","3","1","Italian","L2"
"3537",104,"affidabile","3","9","Italian","L2"
"3538",104,"demone","5","1","Italian","L2"
"3539",104,"sleale","2","3","Italian","L2"
"3540",104,"indiscreta","1","2","Italian","L2"
"3541",104,"cattivo","3","3","Italian","L2"
"3542",104,"pigra","2","1","Italian","L2"
"3543",104,"scortese","2","2","Italian","L2"
"3544",104,"scrupolosa","2","2","Italian","L2"
"3545",104,"paziente","5","8","Italian","L2"
"3546",104,"santo","3","7","Italian","L2"
"3547",104,"osceno","6","2","Italian","L2"
"3548",104,"riservata","4","5","Italian","L2"
"3549",104,"leale","7","7","Italian","L2"
"3550",104,"positivo","8","9","Italian","L2"
"3551",104,"buono","7","8","Italian","L2"
"3552",104,"stronzo","5","1","Italian","L2"
"3553",104,"negativo","5","1","Italian","L2"
"3554",104,"elegante","9","9","Italian","L2"
"3555",104,"meschina","9","9","Italian","L2"
"3556",104,"cauta","3","9","Italian","L2"
"3557",104,"tesoro","9","9","Italian","L2"
"3558",104,"bugiarda","4","1","Italian","L2"
"3559",104,"gentile","8","9","Italian","L2"
"3560",104,"saggia","7","8","Italian","L2"
"3561",104,"crudele","4","1","Italian","L2"
"3562",104,"inaffidabile","3","1","Italian","L2"
"3563",269,"positivo","2","9","Italian","L2"
"3564",269,"demone","7","2","Italian","L2"
"3565",269,"stronzo","6","1","Italian","L2"
"3566",269,"affidabile","1","9","Italian","L2"
"3567",269,"riservata","2","7","Italian","L2"
"3568",269,"buono","2","9","Italian","L2"
"3569",269,"meschina","7","1","Italian","L2"
"3570",269,"cauta","4","5","Italian","L2"
"3571",269,"scortese","6","2","Italian","L2"
"3572",269,"paziente","1","8","Italian","L2"
"3573",269,"bugiarda","8","8","Italian","L2"
"3574",269,"elegante","1","9","Italian","L2"
"3575",269,"scrupolosa","2","9","Italian","L2"
"3576",269,"leale","1","9","Italian","L2"
"3577",269,"santo","1","9","Italian","L2"
"3578",269,"tesoro","1","9","Italian","L2"
"3579",269,"cattivo","6","1","Italian","L2"
"3580",269,"sleale","7","1","Italian","L2"
"3581",269,"inaffidabile","5","2","Italian","L2"
"3582",269,"crudele","9","1","Italian","L2"
"3583",269,"indiscreta","6","2","Italian","L2"
"3584",269,"osceno","9","1","Italian","L2"
"3585",269,"negativo","6","3","Italian","L2"
"3586",269,"saggia","1","9","Italian","L2"
"3587",269,"pigra","5","3","Italian","L2"
"3588",269,"gentile","1","9","Italian","L2"
"3589",44,"riservata","1","5","Italian","L2"
"3590",44,"osceno","6","5","Italian","L2"
"3591",44,"pigra","2","3","Italian","L2"
"3592",44,"paziente","1","9","Italian","L2"
"3593",44,"affidabile","1","9","Italian","L2"
"3594",44,"cauta","7","5","Italian","L2"
"3595",44,"positivo","9","9","Italian","L2"
"3596",44,"sleale","5","1","Italian","L2"
"3597",44,"inaffidabile","5","1","Italian","L2"
"3598",44,"demone","6","1","Italian","L2"
"3599",44,"meschina","6","1","Italian","L2"
"3600",44,"negativo","5","1","Italian","L2"
"3601",44,"bugiarda","5","1","Italian","L2"
"3602",44,"saggia","1","9","Italian","L2"
"3603",44,"cattivo","6","1","Italian","L2"
"3604",44,"crudele","6","1","Italian","L2"
"3605",44,"stronzo","5","5","Italian","L2"
"3606",44,"elegante","9","9","Italian","L2"
"3607",44,"santo","1","9","Italian","L2"
"3608",44,"scortese","6","1","Italian","L2"
"3609",44,"indiscreta","6","1","Italian","L2"
"3610",44,"tesoro","5","9","Italian","L2"
"3611",44,"scrupolosa","5","5","Italian","L2"
"3612",44,"leale","4","9","Italian","L2"
"3613",44,"gentile","3","9","Italian","L2"
"3614",44,"buono","5","9","Italian","L2"
"3615",188,"buono","5","9","Italian","L2"
"3616",188,"cattivo","5","3","Italian","L2"
"3617",188,"scortese","5","3","Italian","L2"
"3618",188,"cauta","7","6","Italian","L2"
"3619",188,"tesoro","7","1","Italian","L2"
"3620",188,"paziente","1","9","Italian","L2"
"3621",188,"elegante","6","9","Italian","L2"
"3622",188,"gentile","3","9","Italian","L2"
"3623",188,"indiscreta","3","4","Italian","L2"
"3624",188,"saggia","1","9","Italian","L2"
"3625",188,"positivo","6","9","Italian","L2"
"3626",188,"affidabile","5","9","Italian","L2"
"3627",188,"sleale","7","1","Italian","L2"
"3628",188,"negativo","4","9","Italian","L2"
"3629",188,"santo","7","7","Italian","L2"
"3630",188,"bugiarda","6","2","Italian","L2"
"3631",188,"riservata","1","5","Italian","L2"
"3632",188,"crudele","2","3","Italian","L2"
"3633",188,"inaffidabile","5","1","Italian","L2"
"3634",188,"scrupolosa","5","5","Italian","L2"
"3635",188,"osceno","9","1","Italian","L2"
"3636",188,"meschina","3","1","Italian","L2"
"3637",188,"demone","9","1","Italian","L2"
"3638",188,"stronzo","9","1","Italian","L2"
"3639",188,"leale","5","9","Italian","L2"
"3640",188,"pigra","2","3","Italian","L2"
"3641",211,"crudele","5","1","Italian","L2"
"3642",211,"demone","6","1","Italian","L2"
"3643",211,"inaffidabile","2","1","Italian","L2"
"3644",211,"cattivo","7","2","Italian","L2"
"3645",211,"buono","3","8","Italian","L2"
"3646",211,"indiscreta","6","3","Italian","L2"
"3647",211,"affidabile","3","8","Italian","L2"
"3648",211,"positivo","4","8","Italian","L2"
"3649",211,"bugiarda","6","1","Italian","L2"
"3650",211,"leale","6","2","Italian","L2"
"3651",211,"scortese","6","2","Italian","L2"
"3652",211,"stronzo","6","1","Italian","L2"
"3653",211,"sleale","7","1","Italian","L2"
"3654",211,"meschina","7","1","Italian","L2"
"3655",211,"pigra","7","1","Italian","L2"
"3656",211,"elegante","8","8","Italian","L2"
"3657",211,"riservata","3","9","Italian","L2"
"3658",211,"paziente","5","7","Italian","L2"
"3659",211,"negativo","3","1","Italian","L2"
"3660",211,"osceno","4","2","Italian","L2"
"3661",211,"scrupolosa","5","1","Italian","L2"
"3662",211,"tesoro","9","9","Italian","L2"
"3663",211,"saggia","5","1","Italian","L2"
"3664",211,"gentile","8","8","Italian","L2"
"3665",211,"santo","5","9","Italian","L2"
"3666",211,"cauta","5","8","Italian","L2"
"3667",140,"cattivo","9","1","Italian","L2"
"3668",140,"santo","1","9","Italian","L2"
"3669",140,"crudele","9","1","Italian","L2"
"3670",140,"riservata","1","9","Italian","L2"
"3671",140,"stronzo","9","1","Italian","L2"
"3672",140,"indiscreta","9","1","Italian","L2"
"3673",140,"buono","1","9","Italian","L2"
"3674",140,"negativo","9","1","Italian","L2"
"3675",140,"scortese","9","1","Italian","L2"
"3676",140,"sleale","9","1","Italian","L2"
"3677",140,"affidabile","1","9","Italian","L2"
"3678",140,"elegante","1","9","Italian","L2"
"3679",140,"cauta","1","9","Italian","L2"
"3680",140,"tesoro","1","9","Italian","L2"
"3681",140,"scrupolosa","1","9","Italian","L2"
"3682",140,"bugiarda","8","1","Italian","L2"
"3683",140,"demone","9","1","Italian","L2"
"3684",140,"positivo","1","9","Italian","L2"
"3685",140,"saggia","1","9","Italian","L2"
"3686",140,"pigra","7","3","Italian","L2"
"3687",140,"leale","1","9","Italian","L2"
"3688",140,"meschina","9","1","Italian","L2"
"3689",140,"gentile","1","9","Italian","L2"
"3690",140,"osceno","9","1","Italian","L2"
"3691",140,"inaffidabile","9","1","Italian","L2"
"3692",140,"paziente","1","9","Italian","L2"
"3693",24,"buono","5","5","Italian","L2"
"3694",24,"tesoro","6","7","Italian","L2"
"3695",24,"elegante","7","8","Italian","L2"
"3696",24,"demone","7","1","Italian","L2"
"3697",24,"saggia","7","7","Italian","L2"
"3698",24,"pigra","5","1","Italian","L2"
"3699",24,"cattivo","4","1","Italian","L2"
"3700",24,"cauta","7","6","Italian","L2"
"3701",24,"affidabile","1","9","Italian","L2"
"3702",24,"indiscreta","7","1","Italian","L2"
"3703",24,"scrupolosa","6","7","Italian","L2"
"3704",24,"osceno","5","1","Italian","L2"
"3705",24,"gentile","5","9","Italian","L2"
"3706",24,"inaffidabile","6","1","Italian","L2"
"3707",24,"stronzo","5","1","Italian","L2"
"3708",24,"sleale","7","1","Italian","L2"
"3709",24,"bugiarda","7","1","Italian","L2"
"3710",24,"positivo","1","9","Italian","L2"
"3711",24,"crudele","9","1","Italian","L2"
"3712",24,"leale","1","9","Italian","L2"
"3713",24,"meschina","5","8","Italian","L2"
"3714",24,"negativo","9","1","Italian","L2"
"3715",24,"santo","1","9","Italian","L2"
"3716",24,"paziente","1","9","Italian","L2"
"3717",24,"riservata","1","7","Italian","L2"
"3718",24,"scortese","7","1","Italian","L2"
"3719",219,"affidabile","5","7","Italian","L2"
"3720",219,"scortese","5","2","Italian","L2"
"3721",219,"scrupolosa","5","4","Italian","L2"
"3722",219,"stronzo","5","3","Italian","L2"
"3723",219,"sleale","5","2","Italian","L2"
"3724",219,"saggia","7","7","Italian","L2"
"3725",219,"crudele","5","5","Italian","L2"
"3726",219,"paziente","7","6","Italian","L2"
"3727",219,"negativo","4","3","Italian","L2"
"3728",219,"meschina","5","5","Italian","L2"
"3729",219,"santo","7","6","Italian","L2"
"3730",219,"riservata","7","7","Italian","L2"
"3731",219,"inaffidabile","5","4","Italian","L2"
"3732",219,"leale","7","7","Italian","L2"
"3733",219,"indiscreta","5","5","Italian","L2"
"3734",219,"tesoro","7","7","Italian","L2"
"3735",219,"osceno","7","7","Italian","L2"
"3736",219,"bugiarda","5","5","Italian","L2"
"3737",219,"cauta","6","6","Italian","L2"
"3738",219,"cattivo","4","4","Italian","L2"
"3739",219,"positivo","7","7","Italian","L2"
"3740",219,"demone","4","4","Italian","L2"
"3741",219,"gentile","7","7","Italian","L2"
"3742",219,"elegante","7","7","Italian","L2"
"3743",219,"pigra","4","3","Italian","L2"
"3744",219,"buono","7","7","Italian","L2"
"3745",68,"crudele","8","9","Italian","L2"
"3746",68,"indiscreta","5","9","Italian","L2"
"3747",68,"santo","3","6","Italian","L2"
"3748",68,"buono","9","9","Italian","L2"
"3749",68,"paziente","9","8","Italian","L2"
"3750",68,"inaffidabile","7","9","Italian","L2"
"3751",68,"affidabile","7","8","Italian","L2"
"3752",68,"sleale","8","6","Italian","L2"
"3753",68,"scrupolosa","7","8","Italian","L2"
"3754",68,"positivo","9","9","Italian","L2"
"3755",68,"riservata","7","7","Italian","L2"
"3756",68,"pigra","6","8","Italian","L2"
"3757",68,"cauta","7","7","Italian","L2"
"3758",68,"stronzo","8","8","Italian","L2"
"3759",68,"bugiarda","9","9","Italian","L2"
"3760",68,"meschina","7","8","Italian","L2"
"3761",68,"negativo","1","1","Italian","L2"
"3762",68,"demone","9","9","Italian","L2"
"3763",68,"cattivo","7","7","Italian","L2"
"3764",68,"scortese","7","7","Italian","L2"
"3765",68,"osceno","7","7","Italian","L2"
"3766",68,"tesoro","9","9","Italian","L2"
"3767",68,"gentile","8","9","Italian","L2"
"3768",68,"saggia","9","9","Italian","L2"
"3769",68,"leale","7","7","Italian","L2"
"3770",68,"elegante","8","9","Italian","L2"
"3771",103,"inaffidabile","5","4","Italian","L2"
"3772",103,"pigra","5","3","Italian","L2"
"3773",103,"cattivo","7","3","Italian","L2"
"3774",103,"sleale","5","3","Italian","L2"
"3775",103,"paziente","3","5","Italian","L2"
"3776",103,"bugiarda","6","3","Italian","L2"
"3777",103,"leale","2","6","Italian","L2"
"3778",103,"saggia","2","5","Italian","L2"
"3779",103,"positivo","2","6","Italian","L2"
"3780",103,"elegante","2","6","Italian","L2"
"3781",103,"tesoro","3","7","Italian","L2"
"3782",103,"riservata","1","5","Italian","L2"
"3783",103,"scortese","6","6","Italian","L2"
"3784",103,"gentile","2","6","Italian","L2"
"3785",103,"santo","2","6","Italian","L2"
"3786",103,"indiscreta","3","6","Italian","L2"
"3787",103,"demone","5","3","Italian","L2"
"3788",103,"osceno","7","3","Italian","L2"
"3789",103,"buono","2","6","Italian","L2"
"3790",103,"affidabile","2","6","Italian","L2"
"3791",103,"meschina","5","6","Italian","L2"
"3792",103,"crudele","6","7","Italian","L2"
"3793",103,"stronzo","8","2","Italian","L2"
"3794",103,"scrupolosa","2","6","Italian","L2"
"3795",103,"cauta","2","5","Italian","L2"
"3796",103,"negativo","3","6","Italian","L2"
"3797",218,"stronzo","7","3","Italian","L2"
"3798",218,"buono","2","8","Italian","L2"
"3799",218,"meschina","3","4","Italian","L2"
"3800",218,"paziente","1","9","Italian","L2"
"3801",218,"elegante","2","7","Italian","L2"
"3802",218,"cauta","5","3","Italian","L2"
"3803",218,"scortese","7","2","Italian","L2"
"3804",218,"bugiarda","4","3","Italian","L2"
"3805",218,"santo","1","7","Italian","L2"
"3806",218,"affidabile","1","9","Italian","L2"
"3807",218,"gentile","1","8","Italian","L2"
"3808",218,"riservata","3","7","Italian","L2"
"3809",218,"negativo","5","4","Italian","L2"
"3810",218,"leale","2","8","Italian","L2"
"3811",218,"tesoro","2","8","Italian","L2"
"3812",218,"positivo","5","8","Italian","L2"
"3813",218,"saggia","1","8","Italian","L2"
"3814",218,"scrupolosa","7","4","Italian","L2"
"3815",218,"crudele","7","4","Italian","L2"
"3816",218,"inaffidabile","6","3","Italian","L2"
"3817",218,"demone","7","2","Italian","L2"
"3818",218,"sleale","5","3","Italian","L2"
"3819",218,"indiscreta","6","3","Italian","L2"
"3820",218,"pigra","4","5","Italian","L2"
"3821",218,"osceno","5","3","Italian","L2"
"3822",218,"cattivo","5","3","Italian","L2"
"3823",52,"indiscreta","5","5","Italian","L2"
"3824",52,"sleale","1","1","Italian","L2"
"3825",52,"inaffidabile","1","1","Italian","L2"
"3826",52,"negativo","5","1","Italian","L2"
"3827",52,"bugiarda","5","1","Italian","L2"
"3828",52,"cattivo","5","1","Italian","L2"
"3829",52,"pigra","5","1","Italian","L2"
"3830",52,"demone","5","5","Italian","L2"
"3831",52,"cauta","1","1","Italian","L2"
"3832",52,"scrupolosa","9","9","Italian","L2"
"3833",52,"stronzo","9","9","Italian","L2"
"3834",52,"scortese","5","5","Italian","L2"
"3835",52,"leale","9","9","Italian","L2"
"3836",52,"riservata","5","5","Italian","L2"
"3837",52,"paziente","9","9","Italian","L2"
"3838",52,"osceno","5","5","Italian","L2"
"3839",52,"buono","9","9","Italian","L2"
"3840",52,"crudele","5","5","Italian","L2"
"3841",52,"gentile","1","9","Italian","L2"
"3842",52,"saggia","9","9","Italian","L2"
"3843",52,"elegante","9","9","Italian","L2"
"3844",52,"positivo","9","9","Italian","L2"
"3845",52,"santo","5","5","Italian","L2"
"3846",52,"affidabile","9","9","Italian","L2"
"3847",52,"meschina","5","1","Italian","L2"
"3848",52,"tesoro","9","9","Italian","L2"
"3849",93,"scortese","7","2","Italian","L2"
"3850",93,"cauta","1","5","Italian","L2"
"3851",93,"santo","1","6","Italian","L2"
"3852",93,"negativo","5","2","Italian","L2"
"3853",93,"gentile","1","9","Italian","L2"
"3854",93,"sleale","8","1","Italian","L2"
"3855",93,"indiscreta","7","3","Italian","L2"
"3856",93,"positivo","2","7","Italian","L2"
"3857",93,"meschina","8","1","Italian","L2"
"3858",93,"tesoro","6","9","Italian","L2"
"3859",93,"stronzo","9","1","Italian","L2"
"3860",93,"demone","9","1","Italian","L2"
"3861",93,"paziente","1","9","Italian","L2"
"3862",93,"inaffidabile","8","1","Italian","L2"
"3863",93,"buono","1","9","Italian","L2"
"3864",93,"riservata","1","5","Italian","L2"
"3865",93,"elegante","2","7","Italian","L2"
"3866",93,"cattivo","9","1","Italian","L2"
"3867",93,"pigra","3","5","Italian","L2"
"3868",93,"affidabile","2","9","Italian","L2"
"3869",93,"bugiarda","8","1","Italian","L2"
"3870",93,"crudele","8","1","Italian","L2"
"3871",93,"scrupolosa","3","5","Italian","L2"
"3872",93,"osceno","8","1","Italian","L2"
"3873",93,"saggia","2","8","Italian","L2"
"3874",93,"leale","2","9","Italian","L2"
"3875",92,"positivo","7","8","Italian","L2"
"3876",92,"scortese","8","1","Italian","L2"
"3877",92,"gentile","5","6","Italian","L2"
"3878",92,"tesoro","8","8","Italian","L2"
"3879",92,"riservata","4","6","Italian","L2"
"3880",92,"pigra","7","1","Italian","L2"
"3881",92,"demone","6","2","Italian","L2"
"3882",92,"sleale","7","2","Italian","L2"
"3883",92,"elegante","6","8","Italian","L2"
"3884",92,"affidabile","6","8","Italian","L2"
"3885",92,"scrupolosa","7","5","Italian","L2"
"3886",92,"buono","7","8","Italian","L2"
"3887",92,"saggia","7","8","Italian","L2"
"3888",92,"santo","6","7","Italian","L2"
"3889",92,"negativo","7","1","Italian","L2"
"3890",92,"inaffidabile","7","9","Italian","L2"
"3891",92,"meschina","8","2","Italian","L2"
"3892",92,"stronzo","9","1","Italian","L2"
"3893",92,"cauta","8","5","Italian","L2"
"3894",92,"crudele","7","1","Italian","L2"
"3895",92,"paziente","3","9","Italian","L2"
"3896",92,"osceno","8","1","Italian","L2"
"3897",92,"indiscreta","6","5","Italian","L2"
"3898",92,"leale","7","3","Italian","L2"
"3899",92,"cattivo","7","1","Italian","L2"
"3900",92,"bugiarda","7","1","Italian","L2"
"3901",131,"elegante","4","8","Italian","L2"
"3902",131,"positivo","7","8","Italian","L2"
"3903",131,"cattivo","8","1","Italian","L2"
"3904",131,"osceno","5","3","Italian","L2"
"3905",131,"affidabile","1","7","Italian","L2"
"3906",131,"bugiarda","8","1","Italian","L2"
"3907",131,"inaffidabile","6","3","Italian","L2"
"3908",131,"scortese","6","3","Italian","L2"
"3909",131,"demone","7","2","Italian","L2"
"3910",131,"gentile","1","9","Italian","L2"
"3911",131,"negativo","4","3","Italian","L2"
"3912",131,"paziente","2","7","Italian","L2"
"3913",131,"scrupolosa","2","6","Italian","L2"
"3914",131,"crudele","8","1","Italian","L2"
"3915",131,"cauta","5","7","Italian","L2"
"3916",131,"stronzo","7","2","Italian","L2"
"3917",131,"pigra","5","4","Italian","L2"
"3918",131,"saggia","2","7","Italian","L2"
"3919",131,"sleale","6","3","Italian","L2"
"3920",131,"riservata","2","6","Italian","L2"
"3921",131,"leale","3","6","Italian","L2"
"3922",131,"tesoro","5","9","Italian","L2"
"3923",131,"indiscreta","7","3","Italian","L2"
"3924",131,"buono","3","7","Italian","L2"
"3925",131,"santo","3","7","Italian","L2"
"3926",131,"meschina","7","2","Italian","L2"
"3927",4,"cauta","3","6","Italian","L2"
"3928",4,"tesoro","3","6","Italian","L2"
"3929",4,"sleale","5","5","Italian","L2"
"3930",4,"bugiarda","5","5","Italian","L2"
"3931",4,"buono","3","6","Italian","L2"
"3932",4,"osceno","5","5","Italian","L2"
"3933",4,"crudele","5","5","Italian","L2"
"3934",4,"riservata","3","6","Italian","L2"
"3935",4,"negativo","5","5","Italian","L2"
"3936",4,"meschina","5","5","Italian","L2"
"3937",4,"indiscreta","5","5","Italian","L2"
"3938",4,"inaffidabile","5","5","Italian","L2"
"3939",4,"stronzo","5","5","Italian","L2"
"3940",4,"demone","5","5","Italian","L2"
"3941",4,"scrupolosa","5","5","Italian","L2"
"3942",4,"gentile","3","6","Italian","L2"
"3943",4,"santo","3","6","Italian","L2"
"3944",4,"scortese","5","5","Italian","L2"
"3945",4,"affidabile","3","6","Italian","L2"
"3946",4,"cattivo","5","5","Italian","L2"
"3947",4,"leale","3","6","Italian","L2"
"3948",4,"positivo","3","6","Italian","L2"
"3949",4,"paziente","3","6","Italian","L2"
"3950",4,"pigra","5","5","Italian","L2"
"3951",4,"elegante","3","6","Italian","L2"
"3952",4,"saggia","3","6","Italian","L2"
"3953",89,"pigra","6","3","Italian","L2"
"3954",89,"paziente","1","8","Italian","L2"
"3955",89,"negativo","7","3","Italian","L2"
"3956",89,"scortese","7","2","Italian","L2"
"3957",89,"elegante","4","7","Italian","L2"
"3958",89,"santo","4","6","Italian","L2"
"3959",89,"tesoro","3","7","Italian","L2"
"3960",89,"meschina","7","3","Italian","L2"
"3961",89,"bugiarda","8","2","Italian","L2"
"3962",89,"stronzo","9","1","Italian","L2"
"3963",89,"demone","8","2","Italian","L2"
"3964",89,"affidabile","3","8","Italian","L2"
"3965",89,"positivo","4","7","Italian","L2"
"3966",89,"cattivo","6","4","Italian","L2"
"3967",89,"scrupolosa","5","5","Italian","L2"
"3968",89,"inaffidabile","6","3","Italian","L2"
"3969",89,"cauta","6","5","Italian","L2"
"3970",89,"gentile","3","7","Italian","L2"
"3971",89,"leale","3","7","Italian","L2"
"3972",89,"osceno","6","4","Italian","L2"
"3973",89,"sleale","7","3","Italian","L2"
"3974",89,"crudele","7","3","Italian","L2"
"3975",89,"indiscreta","6","4","Italian","L2"
"3976",89,"buono","3","8","Italian","L2"
"3977",89,"saggia","3","7","Italian","L2"
"3978",89,"riservata","2","7","Italian","L2"
"3979",255,"buono","6","9","Italian","L2"
"3980",255,"demone","8","8","Italian","L2"
"3981",255,"leale","6","9","Italian","L2"
"3982",255,"inaffidabile","1","3","Italian","L2"
"3983",255,"elegante","6","9","Italian","L2"
"3984",255,"tesoro","8","9","Italian","L2"
"3985",255,"negativo","1","4","Italian","L2"
"3986",255,"indiscreta","1","4","Italian","L2"
"3987",255,"meschina","1","2","Italian","L2"
"3988",255,"pigra","1","3","Italian","L2"
"3989",255,"stronzo","2","1","Italian","L2"
"3990",255,"cauta","1","4","Italian","L2"
"3991",255,"affidabile","3","8","Italian","L2"
"3992",255,"osceno","8","9","Italian","L2"
"3993",255,"scortese","2","3","Italian","L2"
"3994",255,"paziente","3","8","Italian","L2"
"3995",255,"riservata","2","4","Italian","L2"
"3996",255,"gentile","6","9","Italian","L2"
"3997",255,"bugiarda","1","1","Italian","L2"
"3998",255,"cattivo","1","2","Italian","L2"
"3999",255,"santo","4","8","Italian","L2"
"4000",255,"crudele","1","3","Italian","L2"
"4001",255,"sleale","2","1","Italian","L2"
"4002",255,"saggia","6","9","Italian","L2"
"4003",255,"positivo","6","7","Italian","L2"
"4004",255,"scrupolosa","6","8","Italian","L2"
"4005",181,"positivo","3","9","Italian","L2"
"4006",181,"tesoro","5","8","Italian","L2"
"4007",181,"saggia","3","7","Italian","L2"
"4008",181,"osceno","7","2","Italian","L2"
"4009",181,"cattivo","7","2","Italian","L2"
"4010",181,"santo","2","7","Italian","L2"
"4011",181,"pigra","6","2","Italian","L2"
"4012",181,"scrupolosa","5","6","Italian","L2"
"4013",181,"affidabile","3","7","Italian","L2"
"4014",181,"indiscreta","7","2","Italian","L2"
"4015",181,"bugiarda","7","2","Italian","L2"
"4016",181,"meschina","8","2","Italian","L2"
"4017",181,"leale","3","8","Italian","L2"
"4018",181,"inaffidabile","7","2","Italian","L2"
"4019",181,"scortese","7","2","Italian","L2"
"4020",181,"paziente","2","8","Italian","L2"
"4021",181,"buono","2","8","Italian","L2"
"4022",181,"sleale","8","2","Italian","L2"
"4023",181,"riservata","4","5","Italian","L2"
"4024",181,"crudele","8","1","Italian","L2"
"4025",181,"cauta","7","3","Italian","L2"
"4026",181,"demone","8","1","Italian","L2"
"4027",181,"gentile","2","8","Italian","L2"
"4028",181,"stronzo","6","4","Italian","L2"
"4029",181,"negativo","7","3","Italian","L2"
"4030",181,"elegante","3","8","Italian","L2"
"4031",64,"scrupolosa","3","7","Italian","L2"
"4032",64,"affidabile","2","8","Italian","L2"
"4033",64,"positivo","3","9","Italian","L2"
"4034",64,"gentile","2","9","Italian","L2"
"4035",64,"paziente","1","9","Italian","L2"
"4036",64,"demone","7","2","Italian","L2"
"4037",64,"stronzo","7","1","Italian","L2"
"4038",64,"bugiarda","8","1","Italian","L2"
"4039",64,"indiscreta","7","2","Italian","L2"
"4040",64,"riservata","3","5","Italian","L2"
"4041",64,"tesoro","6","9","Italian","L2"
"4042",64,"cattivo","7","1","Italian","L2"
"4043",64,"buono","5","7","Italian","L2"
"4044",64,"crudele","6","2","Italian","L2"
"4045",64,"elegante","3","8","Italian","L2"
"4046",64,"santo","3","7","Italian","L2"
"4047",64,"leale","2","7","Italian","L2"
"4048",64,"sleale","7","1","Italian","L2"
"4049",64,"negativo","4","2","Italian","L2"
"4050",64,"osceno","6","2","Italian","L2"
"4051",64,"meschina","7","2","Italian","L2"
"4052",64,"cauta","4","5","Italian","L2"
"4053",64,"saggia","2","7","Italian","L2"
"4054",64,"scortese","7","2","Italian","L2"
"4055",64,"pigra","6","2","Italian","L2"
"4056",64,"inaffidabile","6","2","Italian","L2"
"4057",270,"saggia","5","5","Italian","L2"
"4058",270,"leale","5","5","Italian","L2"
"4059",270,"stronzo","5","5","Italian","L2"
"4060",270,"riservata","5","5","Italian","L2"
"4061",270,"gentile","5","5","Italian","L2"
"4062",270,"pigra","5","5","Italian","L2"
"4063",270,"affidabile","5","5","Italian","L2"
"4064",270,"sleale","5","5","Italian","L2"
"4065",270,"scrupolosa","5","5","Italian","L2"
"4066",270,"crudele","5","5","Italian","L2"
"4067",270,"scortese","5","5","Italian","L2"
"4068",270,"buono","5","5","Italian","L2"
"4069",270,"bugiarda","5","5","Italian","L2"
"4070",270,"demone","5","5","Italian","L2"
"4071",270,"cattivo","5","5","Italian","L2"
"4072",270,"meschina","5","5","Italian","L2"
"4073",270,"positivo","5","5","Italian","L2"
"4074",270,"osceno","5","5","Italian","L2"
"4075",270,"inaffidabile","5","5","Italian","L2"
"4076",270,"paziente","5","5","Italian","L2"
"4077",270,"indiscreta","5","5","Italian","L2"
"4078",270,"santo","5","5","Italian","L2"
"4079",270,"elegante","5","5","Italian","L2"
"4080",270,"negativo","5","5","Italian","L2"
"4081",270,"cauta","5","5","Italian","L2"
"4082",270,"tesoro","5","5","Italian","L2"
"4083",19,"scortese","8","3","Italian","L2"
"4084",19,"leale","1","8","Italian","L2"
"4085",19,"elegante","1","9","Italian","L2"
"4086",19,"buono","3","9","Italian","L2"
"4087",19,"gentile","1","9","Italian","L2"
"4088",19,"scrupolosa","6","7","Italian","L2"
"4089",19,"riservata","3","7","Italian","L2"
"4090",19,"cauta","7","2","Italian","L2"
"4091",19,"saggia","7","9","Italian","L2"
"4092",19,"meschina","8","2","Italian","L2"
"4093",19,"osceno","9","1","Italian","L2"
"4094",19,"bugiarda","8","1","Italian","L2"
"4095",19,"tesoro","1","9","Italian","L2"
"4096",19,"crudele","9","1","Italian","L2"
"4097",19,"santo","3","9","Italian","L2"
"4098",19,"positivo","3","9","Italian","L2"
"4099",19,"inaffidabile","9","2","Italian","L2"
"4100",19,"demone","9","1","Italian","L2"
"4101",19,"stronzo","7","1","Italian","L2"
"4102",19,"pigra","6","2","Italian","L2"
"4103",19,"negativo","4","1","Italian","L2"
"4104",19,"paziente","1","9","Italian","L2"
"4105",19,"cattivo","7","1","Italian","L2"
"4106",19,"affidabile","1","9","Italian","L2"
"4107",19,"sleale","8","1","Italian","L2"
"4108",19,"indiscreta","7","4","Italian","L2"
"4109",32,"scortese","7","1","Italian","L2"
"4110",32,"crudele","8","1","Italian","L2"
"4111",32,"cattivo","7","1","Italian","L2"
"4112",32,"inaffidabile","5","1","Italian","L2"
"4113",32,"bugiarda","7","1","Italian","L2"
"4114",32,"gentile","7","8","Italian","L2"
"4115",32,"osceno","6","1","Italian","L2"
"4116",32,"buono","8","8","Italian","L2"
"4117",32,"paziente","4","7","Italian","L2"
"4118",32,"stronzo","8","1","Italian","L2"
"4119",32,"positivo","7","8","Italian","L2"
"4120",32,"demone","8","1","Italian","L2"
"4121",32,"riservata","1","5","Italian","L2"
"4122",32,"negativo","7","1","Italian","L2"
"4123",32,"pigra","6","1","Italian","L2"
"4124",32,"tesoro","8","9","Italian","L2"
"4125",32,"sleale","7","1","Italian","L2"
"4126",32,"cauta","5","5","Italian","L2"
"4127",32,"indiscreta","7","1","Italian","L2"
"4128",32,"affidabile","7","8","Italian","L2"
"4129",32,"saggia","7","8","Italian","L2"
"4130",32,"santo","8","8","Italian","L2"
"4131",32,"scrupolosa","7","8","Italian","L2"
"4132",32,"meschina","7","1","Italian","L2"
"4133",32,"leale","7","8","Italian","L2"
"4134",32,"elegante","7","7","Italian","L2"
"4135",127,"meschina","3","3","Italian","L2"
"4136",127,"santo","3","7","Italian","L2"
"4137",127,"sleale","6","1","Italian","L2"
"4138",127,"affidabile","3","8","Italian","L2"
"4139",127,"buono","4","8","Italian","L2"
"4140",127,"paziente","2","6","Italian","L2"
"4141",127,"demone","8","1","Italian","L2"
"4142",127,"positivo","5","8","Italian","L2"
"4143",127,"leale","3","8","Italian","L2"
"4144",127,"indiscreta","2","4","Italian","L2"
"4145",127,"riservata","2","6","Italian","L2"
"4146",127,"gentile","3","8","Italian","L2"
"4147",127,"scrupolosa","3","7","Italian","L2"
"4148",127,"stronzo","7","1","Italian","L2"
"4149",127,"inaffidabile","5","2","Italian","L2"
"4150",127,"tesoro","6","9","Italian","L2"
"4151",127,"saggia","2","8","Italian","L2"
"4152",127,"crudele","7","1","Italian","L2"
"4153",127,"osceno","7","1","Italian","L2"
"4154",127,"bugiarda","7","1","Italian","L2"
"4155",127,"scortese","6","2","Italian","L2"
"4156",127,"elegante","4","8","Italian","L2"
"4157",127,"cauta","2","6","Italian","L2"
"4158",127,"cattivo","7","1","Italian","L2"
"4159",127,"negativo","4","2","Italian","L2"
"4160",127,"pigra","2","2","Italian","L2"
"4161",257,"osceno","6","3","Italian","L2"
"4162",257,"scrupolosa","2","7","Italian","L2"
"4163",257,"santo","4","6","Italian","L2"
"4164",257,"elegante","6","9","Italian","L2"
"4165",257,"bugiarda","8","1","Italian","L2"
"4166",257,"affidabile","4","7","Italian","L2"
"4167",257,"cattivo","9","1","Italian","L2"
"4168",257,"gentile","4","9","Italian","L2"
"4169",257,"buono","4","9","Italian","L2"
"4170",257,"cauta","3","5","Italian","L2"
"4171",257,"pigra","6","2","Italian","L2"
"4172",257,"meschina","7","2","Italian","L2"
"4173",257,"saggia","3","9","Italian","L2"
"4174",257,"paziente","2","9","Italian","L2"
"4175",257,"sleale","9","1","Italian","L2"
"4176",257,"stronzo","8","2","Italian","L2"
"4177",257,"indiscreta","7","1","Italian","L2"
"4178",257,"inaffidabile","6","3","Italian","L2"
"4179",257,"positivo","5","9","Italian","L2"
"4180",257,"leale","4","9","Italian","L2"
"4181",257,"crudele","9","1","Italian","L2"
"4182",257,"demone","7","2","Italian","L2"
"4183",257,"scortese","6","2","Italian","L2"
"4184",257,"tesoro","4","9","Italian","L2"
"4185",257,"negativo","6","2","Italian","L2"
"4186",257,"riservata","3","5","Italian","L2"
"4187",187,"saggia","3","7","Italian","L2"
"4188",187,"meschina","6","2","Italian","L2"
"4189",187,"paziente","2","8","Italian","L2"
"4190",187,"bugiarda","7","2","Italian","L2"
"4191",187,"cattivo","6","2","Italian","L2"
"4192",187,"pigra","4","4","Italian","L2"
"4193",187,"affidabile","1","9","Italian","L2"
"4194",187,"riservata","3","5","Italian","L2"
"4195",187,"osceno","7","2","Italian","L2"
"4196",187,"stronzo","6","2","Italian","L2"
"4197",187,"elegante","5","7","Italian","L2"
"4198",187,"demone","8","1","Italian","L2"
"4199",187,"cauta","2","5","Italian","L2"
"4200",187,"leale","2","8","Italian","L2"
"4201",187,"indiscreta","8","2","Italian","L2"
"4202",187,"inaffidabile","7","2","Italian","L2"
"4203",187,"santo","3","5","Italian","L2"
"4204",187,"sleale","8","2","Italian","L2"
"4205",187,"negativo","6","4","Italian","L2"
"4206",187,"crudele","7","2","Italian","L2"
"4207",187,"scortese","6","4","Italian","L2"
"4208",187,"scrupolosa","4","6","Italian","L2"
"4209",187,"buono","2","8","Italian","L2"
"4210",187,"positivo","7","9","Italian","L2"
"4211",187,"gentile","4","8","Italian","L2"
"4212",187,"tesoro","5","5","Italian","L2"
"4213",165,"osceno","5","5","Italian","L2"
"4214",165,"demone","7","7","Italian","L2"
"4215",165,"bugiarda","5","4","Italian","L2"
"4216",165,"pigra","7","3","Italian","L2"
"4217",165,"sleale","5","5","Italian","L2"
"4218",165,"inaffidabile","5","3","Italian","L2"
"4219",165,"indiscreta","5","5","Italian","L2"
"4220",165,"positivo","4","7","Italian","L2"
"4221",165,"cauta","5","5","Italian","L2"
"4222",165,"santo","5","5","Italian","L2"
"4223",165,"crudele","5","2","Italian","L2"
"4224",165,"riservata","3","7","Italian","L2"
"4225",165,"negativo","5","3","Italian","L2"
"4226",165,"scortese","5","5","Italian","L2"
"4227",165,"buono","3","7","Italian","L2"
"4228",165,"meschina","5","3","Italian","L2"
"4229",165,"leale","5","5","Italian","L2"
"4230",165,"scrupolosa","5","6","Italian","L2"
"4231",165,"saggia","5","7","Italian","L2"
"4232",165,"paziente","5","7","Italian","L2"
"4233",165,"tesoro","5","7","Italian","L2"
"4234",165,"stronzo","7","9","Italian","L2"
"4235",165,"gentile","3","7","Italian","L2"
"4236",165,"cattivo","5","5","Italian","L2"
"4237",165,"affidabile","4","6","Italian","L2"
"4238",165,"elegante","5","7","Italian","L2"
"4239",102,"buono","6","8","Italian","L2"
"4240",102,"leale","5","5","Italian","L2"
"4241",102,"tesoro","7","8","Italian","L2"
"4242",102,"santo","5","5","Italian","L2"
"4243",102,"bugiarda","3","1","Italian","L2"
"4244",102,"saggia","6","7","Italian","L2"
"4245",102,"demone","3","1","Italian","L2"
"4246",102,"inaffidabile","3","3","Italian","L2"
"4247",102,"indiscreta","2","2","Italian","L2"
"4248",102,"elegante","8","8","Italian","L2"
"4249",102,"affidabile","7","7","Italian","L2"
"4250",102,"gentile","8","8","Italian","L2"
"4251",102,"scortese","2","1","Italian","L2"
"4252",102,"crudele","2","2","Italian","L2"
"4253",102,"sleale","4","4","Italian","L2"
"4254",102,"meschina","2","1","Italian","L2"
"4255",102,"osceno","2","2","Italian","L2"
"4256",102,"pigra","6","1","Italian","L2"
"4257",102,"paziente","5","6","Italian","L2"
"4258",102,"negativo","5","2","Italian","L2"
"4259",102,"positivo","5","7","Italian","L2"
"4260",102,"riservata","5","5","Italian","L2"
"4261",102,"cauta","5","5","Italian","L2"
"4262",102,"cattivo","7","2","Italian","L2"
"4263",102,"stronzo","7","1","Italian","L2"
"4264",102,"scrupolosa","6","4","Italian","L2"
"4265",69,"osceno","5","4","Italian","L2"
"4266",69,"cattivo","5","2","Italian","L2"
"4267",69,"tesoro","2","6","Italian","L2"
"4268",69,"paziente","5","5","Italian","L2"
"4269",69,"leale","1","9","Italian","L2"
"4270",69,"gentile","1","9","Italian","L2"
"4271",69,"riservata","4","5","Italian","L2"
"4272",69,"indiscreta","5","2","Italian","L2"
"4273",69,"stronzo","5","1","Italian","L2"
"4274",69,"elegante","5","9","Italian","L2"
"4275",69,"scrupolosa","5","9","Italian","L2"
"4276",69,"positivo","9","9","Italian","L2"
"4277",69,"meschina","8","1","Italian","L2"
"4278",69,"crudele","8","1","Italian","L2"
"4279",69,"sleale","6","1","Italian","L2"
"4280",69,"demone","6","1","Italian","L2"
"4281",69,"pigra","7","1","Italian","L2"
"4282",69,"scortese","6","1","Italian","L2"
"4283",69,"santo","6","8","Italian","L2"
"4284",69,"saggia","2","8","Italian","L2"
"4285",69,"cauta","2","9","Italian","L2"
"4286",69,"buono","5","9","Italian","L2"
"4287",69,"negativo","5","1","Italian","L2"
"4288",69,"affidabile","5","9","Italian","L2"
"4289",69,"bugiarda","6","1","Italian","L2"
"4290",69,"inaffidabile","5","2","Italian","L2"
"4291",205,"crudele","7","2","Italian","L2"
"4292",205,"sleale","6","3","Italian","L2"
"4293",205,"santo","2","7","Italian","L2"
"4294",205,"stronzo","5","3","Italian","L2"
"4295",205,"leale","3","7","Italian","L2"
"4296",205,"scrupolosa","8","2","Italian","L2"
"4297",205,"buono","3","6","Italian","L2"
"4298",205,"positivo","6","8","Italian","L2"
"4299",205,"negativo","5","3","Italian","L2"
"4300",205,"demone","8","2","Italian","L2"
"4301",205,"saggia","2","7","Italian","L2"
"4302",205,"paziente","2","8","Italian","L2"
"4303",205,"meschina","8","3","Italian","L2"
"4304",205,"affidabile","7","8","Italian","L2"
"4305",205,"indiscreta","8","2","Italian","L2"
"4306",205,"tesoro","2","8","Italian","L2"
"4307",205,"pigra","7","4","Italian","L2"
"4308",205,"scortese","8","2","Italian","L2"
"4309",205,"cattivo","5","3","Italian","L2"
"4310",205,"cauta","5","6","Italian","L2"
"4311",205,"bugiarda","7","3","Italian","L2"
"4312",205,"gentile","2","8","Italian","L2"
"4313",205,"elegante","2","8","Italian","L2"
"4314",205,"osceno","9","2","Italian","L2"
"4315",205,"riservata","4","6","Italian","L2"
"4316",205,"inaffidabile","8","3","Italian","L2"
"4317",178,"demone","7","3","Italian","L2"
"4318",178,"santo","5","7","Italian","L2"
"4319",178,"paziente","6","7","Italian","L2"
"4320",178,"saggia","4","7","Italian","L2"
"4321",178,"inaffidabile","8","3","Italian","L2"
"4322",178,"stronzo","9","7","Italian","L2"
"4323",178,"meschina","7","5","Italian","L2"
"4324",178,"negativo","6","4","Italian","L2"
"4325",178,"riservata","1","2","Italian","L2"
"4326",178,"elegante","6","4","Italian","L2"
"4327",178,"buono","5","5","Italian","L2"
"4328",178,"pigra","5","5","Italian","L2"
"4329",178,"scortese","6","3","Italian","L2"
"4330",178,"crudele","6","4","Italian","L2"
"4331",178,"cauta","3","3","Italian","L2"
"4332",178,"bugiarda","7","6","Italian","L2"
"4333",178,"gentile","4","5","Italian","L2"
"4334",178,"scrupolosa","2","6","Italian","L2"
"4335",178,"positivo","7","9","Italian","L2"
"4336",178,"indiscreta","7","6","Italian","L2"
"4337",178,"affidabile","4","8","Italian","L2"
"4338",178,"tesoro","5","6","Italian","L2"
"4339",178,"osceno","7","5","Italian","L2"
"4340",178,"leale","6","6","Italian","L2"
"4341",178,"cattivo","9","4","Italian","L2"
"4342",178,"sleale","1","1","Italian","L2"
"4343",152,"inaffidabile","7","4","Italian","L2"
"4344",152,"paziente","6","8","Italian","L2"
"4345",152,"indiscreta","6","4","Italian","L2"
"4346",152,"elegante","7","7","Italian","L2"
"4347",152,"stronzo","8","3","Italian","L2"
"4348",152,"bugiarda","7","4","Italian","L2"
"4349",152,"leale","9","8","Italian","L2"
"4350",152,"meschina","7","3","Italian","L2"
"4351",152,"negativo","7","1","Italian","L2"
"4352",152,"scortese","6","1","Italian","L2"
"4353",152,"demone","7","1","Italian","L2"
"4354",152,"pigra","4","2","Italian","L2"
"4355",152,"cattivo","4","4","Italian","L2"
"4356",152,"osceno","6","1","Italian","L2"
"4357",152,"scrupolosa","3","5","Italian","L2"
"4358",152,"buono","4","9","Italian","L2"
"4359",152,"affidabile","4","8","Italian","L2"
"4360",152,"tesoro","7","9","Italian","L2"
"4361",152,"cauta","5","5","Italian","L2"
"4362",152,"riservata","1","5","Italian","L2"
"4363",152,"saggia","2","6","Italian","L2"
"4364",152,"sleale","3","1","Italian","L2"
"4365",152,"gentile","3","8","Italian","L2"
"4366",152,"santo","7","9","Italian","L2"
"4367",152,"positivo","6","9","Italian","L2"
"4368",152,"crudele","7","3","Italian","L2"
"4369",22,"leale","2","7","Italian","L2"
"4370",22,"crudele","7","1","Italian","L2"
"4371",22,"indiscreta","7","5","Italian","L2"
"4372",22,"stronzo","5","2","Italian","L2"
"4373",22,"negativo","5","1","Italian","L2"
"4374",22,"pigra","1","3","Italian","L2"
"4375",22,"saggia","3","5","Italian","L2"
"4376",22,"santo","6","9","Italian","L2"
"4377",22,"gentile","1","9","Italian","L2"
"4378",22,"elegante","4","5","Italian","L2"
"4379",22,"sleale","7","2","Italian","L2"
"4380",22,"osceno","4","2","Italian","L2"
"4381",22,"riservata","1","6","Italian","L2"
"4382",22,"cattivo","8","1","Italian","L2"
"4383",22,"paziente","1","8","Italian","L2"
"4384",22,"affidabile","4","6","Italian","L2"
"4385",22,"inaffidabile","6","2","Italian","L2"
"4386",22,"scrupolosa","6","3","Italian","L2"
"4387",22,"cauta","2","5","Italian","L2"
"4388",22,"positivo","8","9","Italian","L2"
"4389",22,"demone","7","1","Italian","L2"
"4390",22,"scortese","5","6","Italian","L2"
"4391",22,"bugiarda","6","3","Italian","L2"
"4392",22,"meschina","6","4","Italian","L2"
"4393",22,"tesoro","3","9","Italian","L2"
"4394",22,"buono","7","9","Italian","L2"
"4395",264,"bugiarda","6","4","Italian","L2"
"4396",264,"buono","2","8","Italian","L2"
"4397",264,"riservata","3","3","Italian","L2"
"4398",264,"crudele","8","3","Italian","L2"
"4399",264,"paziente","1","9","Italian","L2"
"4400",264,"affidabile","3","7","Italian","L2"
"4401",264,"meschina","7","4","Italian","L2"
"4402",264,"scrupolosa","6","6","Italian","L2"
"4403",264,"indiscreta","7","3","Italian","L2"
"4404",264,"stronzo","8","1","Italian","L2"
"4405",264,"tesoro","2","8","Italian","L2"
"4406",264,"cauta","4","5","Italian","L2"
"4407",264,"elegante","3","7","Italian","L2"
"4408",264,"sleale","7","4","Italian","L2"
"4409",264,"inaffidabile","7","3","Italian","L2"
"4410",264,"negativo","9","2","Italian","L2"
"4411",264,"demone","8","2","Italian","L2"
"4412",264,"leale","8","4","Italian","L2"
"4413",264,"positivo","2","8","Italian","L2"
"4414",264,"pigra","8","3","Italian","L2"
"4415",264,"cattivo","7","1","Italian","L2"
"4416",264,"osceno","6","3","Italian","L2"
"4417",264,"santo","3","8","Italian","L2"
"4418",264,"scortese","7","3","Italian","L2"
"4419",264,"gentile","2","9","Italian","L2"
"4420",264,"saggia","3","6","Italian","L2"
"4421",116,"santo","7","7","Italian","L2"
"4422",116,"cauta","4","3","Italian","L2"
"4423",116,"cattivo","8","1","Italian","L2"
"4424",116,"osceno","4","2","Italian","L2"
"4425",116,"bugiarda","9","1","Italian","L2"
"4426",116,"inaffidabile","6","1","Italian","L2"
"4427",116,"affidabile","1","8","Italian","L2"
"4428",116,"saggia","1","6","Italian","L2"
"4429",116,"gentile","1","9","Italian","L2"
"4430",116,"meschina","6","3","Italian","L2"
"4431",116,"crudele","9","1","Italian","L2"
"4432",116,"sleale","6","1","Italian","L2"
"4433",116,"riservata","2","5","Italian","L2"
"4434",116,"tesoro","9","9","Italian","L2"
"4435",116,"negativo","5","1","Italian","L2"
"4436",116,"scrupolosa","6","3","Italian","L2"
"4437",116,"stronzo","9","1","Italian","L2"
"4438",116,"indiscreta","4","2","Italian","L2"
"4439",116,"demone","9","1","Italian","L2"
"4440",116,"buono","3","8","Italian","L2"
"4441",116,"positivo","4","8","Italian","L2"
"4442",116,"scortese","5","3","Italian","L2"
"4443",116,"elegante","4","5","Italian","L2"
"4444",116,"pigra","5","2","Italian","L2"
"4445",116,"leale","3","7","Italian","L2"
"4446",116,"paziente","1","7","Italian","L2"
"4447",138,"cattivo","7","3","Italian","L2"
"4448",138,"tesoro","7","7","Italian","L2"
"4449",138,"inaffidabile","6","3","Italian","L2"
"4450",138,"positivo","3","7","Italian","L2"
"4451",138,"meschina","3","2","Italian","L2"
"4452",138,"riservata","3","6","Italian","L2"
"4453",138,"scortese","6","3","Italian","L2"
"4454",138,"osceno","6","3","Italian","L2"
"4455",138,"negativo","4","3","Italian","L2"
"4456",138,"gentile","2","7","Italian","L2"
"4457",138,"paziente","2","7","Italian","L2"
"4458",138,"leale","2","7","Italian","L2"
"4459",138,"affidabile","2","8","Italian","L2"
"4460",138,"saggia","2","8","Italian","L2"
"4461",138,"pigra","5","3","Italian","L2"
"4462",138,"sleale","5","3","Italian","L2"
"4463",138,"elegante","3","7","Italian","L2"
"4464",138,"santo","4","7","Italian","L2"
"4465",138,"cauta","7","7","Italian","L2"
"4466",138,"crudele","5","2","Italian","L2"
"4467",138,"scrupolosa","6","7","Italian","L2"
"4468",138,"stronzo","6","2","Italian","L2"
"4469",138,"bugiarda","6","3","Italian","L2"
"4470",138,"buono","5","7","Italian","L2"
"4471",138,"demone","7","3","Italian","L2"
"4472",138,"indiscreta","5","3","Italian","L2"
"4473",134,"sleale","6","2","Italian","L2"
"4474",134,"affidabile","1","9","Italian","L2"
"4475",134,"elegante","7","9","Italian","L2"
"4476",134,"cattivo","6","2","Italian","L2"
"4477",134,"scrupolosa","4","6","Italian","L2"
"4478",134,"saggia","2","8","Italian","L2"
"4479",134,"paziente","1","8","Italian","L2"
"4480",134,"pigra","8","2","Italian","L2"
"4481",134,"stronzo","4","2","Italian","L2"
"4482",134,"bugiarda","7","1","Italian","L2"
"4483",134,"santo","3","8","Italian","L2"
"4484",134,"osceno","6","1","Italian","L2"
"4485",134,"demone","3","3","Italian","L2"
"4486",134,"meschina","6","2","Italian","L2"
"4487",134,"tesoro","2","9","Italian","L2"
"4488",134,"positivo","8","9","Italian","L2"
"4489",134,"negativo","5","2","Italian","L2"
"4490",134,"cauta","6","5","Italian","L2"
"4491",134,"inaffidabile","6","1","Italian","L2"
"4492",134,"buono","2","9","Italian","L2"
"4493",134,"crudele","7","1","Italian","L2"
"4494",134,"gentile","2","9","Italian","L2"
"4495",134,"riservata","2","7","Italian","L2"
"4496",134,"indiscreta","7","1","Italian","L2"
"4497",134,"leale","2","8","Italian","L2"
"4498",134,"scortese","6","2","Italian","L2"
"4499",79,"scortese","3","2","Italian","L2"
"4500",79,"indiscreta","5","5","Italian","L2"
"4501",79,"pigra","7","2","Italian","L2"
"4502",79,"paziente","1","9","Italian","L2"
"4503",79,"osceno","5","1","Italian","L2"
"4504",79,"inaffidabile","5","2","Italian","L2"
"4505",79,"crudele","4","1","Italian","L2"
"4506",79,"cauta","1","7","Italian","L2"
"4507",79,"elegante","7","7","Italian","L2"
"4508",79,"demone","4","1","Italian","L2"
"4509",79,"saggia","1","7","Italian","L2"
"4510",79,"scrupolosa","4","4","Italian","L2"
"4511",79,"gentile","3","8","Italian","L2"
"4512",79,"stronzo","3","1","Italian","L2"
"4513",79,"santo","6","8","Italian","L2"
"4514",79,"bugiarda","3","1","Italian","L2"
"4515",79,"positivo","8","7","Italian","L2"
"4516",79,"leale","6","8","Italian","L2"
"4517",79,"tesoro","6","7","Italian","L2"
"4518",79,"negativo","4","1","Italian","L2"
"4519",79,"buono","7","7","Italian","L2"
"4520",79,"cattivo","3","1","Italian","L2"
"4521",79,"meschina","4","2","Italian","L2"
"4522",79,"sleale","3","1","Italian","L2"
"4523",79,"affidabile","6","9","Italian","L2"
"4524",79,"riservata","5","5","Italian","L2"
"4525",254,"cauta","2","8","Italian","L2"
"4526",254,"demone","5","1","Italian","L2"
"4527",254,"scrupolosa","5","5","Italian","L2"
"4528",254,"cattivo","5","1","Italian","L2"
"4529",254,"bugiarda","5","1","Italian","L2"
"4530",254,"scortese","5","1","Italian","L2"
"4531",254,"negativo","1","1","Italian","L2"
"4532",254,"crudele","5","1","Italian","L2"
"4533",254,"elegante","9","9","Italian","L2"
"4534",254,"saggia","9","9","Italian","L2"
"4535",254,"indiscreta","6","8","Italian","L2"
"4536",254,"santo","9","9","Italian","L2"
"4537",254,"gentile","1","9","Italian","L2"
"4538",254,"tesoro","8","9","Italian","L2"
"4539",254,"paziente","1","9","Italian","L2"
"4540",254,"sleale","5","1","Italian","L2"
"4541",254,"buono","8","9","Italian","L2"
"4542",254,"inaffidabile","5","1","Italian","L2"
"4543",254,"meschina","5","1","Italian","L2"
"4544",254,"stronzo","5","1","Italian","L2"
"4545",254,"pigra","1","6","Italian","L2"
"4546",254,"leale","9","9","Italian","L2"
"4547",254,"affidabile","9","9","Italian","L2"
"4548",254,"positivo","1","9","Italian","L2"
"4549",254,"riservata","1","8","Italian","L2"
"4550",254,"osceno","5","5","Italian","L2"
"4551",209,"scrupolosa","5","5","Italian","L2"
"4552",209,"elegante","6","7","Italian","L2"
"4553",209,"meschina","2","1","Italian","L2"
"4554",209,"osceno","4","2","Italian","L2"
"4555",209,"crudele","5","1","Italian","L2"
"4556",209,"cattivo","1","1","Italian","L2"
"4557",209,"cauta","1","1","Italian","L2"
"4558",209,"stronzo","1","1","Italian","L2"
"4559",209,"indiscreta","5","5","Italian","L2"
"4560",209,"negativo","4","1","Italian","L2"
"4561",209,"saggia","5","5","Italian","L2"
"4562",209,"tesoro","7","8","Italian","L2"
"4563",209,"demone","4","5","Italian","L2"
"4564",209,"bugiarda","5","5","Italian","L2"
"4565",209,"gentile","8","9","Italian","L2"
"4566",209,"buono","8","9","Italian","L2"
"4567",209,"affidabile","8","9","Italian","L2"
"4568",209,"scortese","1","1","Italian","L2"
"4569",209,"sleale","4","1","Italian","L2"
"4570",209,"santo","5","4","Italian","L2"
"4571",209,"paziente","1","4","Italian","L2"
"4572",209,"inaffidabile","3","4","Italian","L2"
"4573",209,"leale","5","4","Italian","L2"
"4574",209,"positivo","9","9","Italian","L2"
"4575",209,"riservata","4","5","Italian","L2"
"4576",209,"pigra","4","1","Italian","L2"
"4577",237,"demon","5","2","English","L1"
"4578",237,"bad","5","2","English","L1"
"4579",237,"indiscreet","5","5","English","L1"
"4580",237,"negative","5","1","English","L1"
"4581",237,"good","9","9","English","L1"
"4582",237,"cruel","5","2","English","L1"
"4583",237,"positive","1","9","English","L1"
"4584",237,"mean","5","1","English","L1"
"4585",237,"reliable","5","9","English","L1"
"4586",237,"rude","5","1","English","L1"
"4587",237,"liar","5","1","English","L1"
"4588",237,"careful","1","8","English","L1"
"4589",237,"obsecene","4","5","English","L1"
"4590",237,"discreet","5","5","English","L1"
"4591",237,"wise","3","9","English","L1"
"4592",237,"sweetheart","4","8","English","L1"
"4593",237,"disloyal","5","1","English","L1"
"4594",237,"asshole","5","1","English","L1"
"4595",237,"cautious","1","6","English","L1"
"4596",237,"loyal","1","9","English","L1"
"4597",237,"lazy","5","1","English","L1"
"4598",237,"saint","5","7","English","L1"
"4599",237,"unrealiable","5","1","English","L1"
"4600",237,"kind","6","6","English","L1"
"4601",237,"graceful","5","6","English","L1"
"4602",237,"patient","5","8","English","L1"
"4603",186,"cruel","4","3","English","L1"
"4604",186,"indiscreet","7","5","English","L1"
"4605",186,"careful","8","7","English","L1"
"4606",186,"mean","3","2","English","L1"
"4607",186,"disloyal","4","2","English","L1"
"4608",186,"reliable","9","7","English","L1"
"4609",186,"asshole","9","7","English","L1"
"4610",186,"discreet","9","8","English","L1"
"4611",186,"good","9","8","English","L1"
"4612",186,"lazy","8","8","English","L1"
"4613",186,"kind","8","8","English","L1"
"4614",186,"saint","8","8","English","L1"
"4615",186,"cautious","8","7","English","L1"
"4616",186,"wise","8","7","English","L1"
"4617",186,"graceful","8","8","English","L1"
"4618",186,"negative","9","7","English","L1"
"4619",186,"unrealiable","3","3","English","L1"
"4620",186,"loyal","4","3","English","L1"
"4621",186,"rude","3","2","English","L1"
"4622",186,"bad","4","1","English","L1"
"4623",186,"positive","8","7","English","L1"
"4624",186,"patient","8","6","English","L1"
"4625",186,"liar","8","4","English","L1"
"4626",186,"sweetheart","7","4","English","L1"
"4627",186,"obsecene","4","4","English","L1"
"4628",186,"demon","4","3","English","L1"
"4629",233,"saint","3","6","English","L1"
"4630",233,"discreet","2","5","English","L1"
"4631",233,"disloyal","4","1","English","L1"
"4632",233,"careful","1","6","English","L1"
"4633",233,"bad","4","1","English","L1"
"4634",233,"wise","5","7","English","L1"
"4635",233,"good","2","2","English","L1"
"4636",233,"positive","9","9","English","L1"
"4637",233,"reliable","6","8","English","L1"
"4638",233,"obsecene","7","6","English","L1"
"4639",233,"rude","5","1","English","L1"
"4640",233,"cruel","7","8","English","L1"
"4641",233,"loyal","6","8","English","L1"
"4642",233,"patient","1","1","English","L1"
"4643",233,"kind","9","9","English","L1"
"4644",233,"unrealiable","2","2","English","L1"
"4645",233,"sweetheart","8","9","English","L1"
"4646",233,"liar","3","1","English","L1"
"4647",233,"cautious","4","4","English","L1"
"4648",233,"lazy","2","2","English","L1"
"4649",233,"demon","8","1","English","L1"
"4650",233,"negative","5","2","English","L1"
"4651",233,"graceful","6","8","English","L1"
"4652",233,"asshole","9","1","English","L1"
"4653",233,"mean","6","2","English","L1"
"4654",233,"indiscreet","5","3","English","L1"
"4655",11,"indiscreet","1","1","English","L1"
"4656",11,"patient","1","9","English","L1"
"4657",11,"asshole","6","1","English","L1"
"4658",11,"bad","5","1","English","L1"
"4659",11,"demon","5","1","English","L1"
"4660",11,"rude","4","1","English","L1"
"4661",11,"cruel","4","1","English","L1"
"4662",11,"discreet","5","1","English","L1"
"4663",11,"loyal","7","9","English","L1"
"4664",11,"good","9","9","English","L1"
"4665",11,"negative","5","1","English","L1"
"4666",11,"sweetheart","9","9","English","L1"
"4667",11,"unrealiable","5","1","English","L1"
"4668",11,"wise","1","9","English","L1"
"4669",11,"disloyal","5","1","English","L1"
"4670",11,"graceful","1","9","English","L1"
"4671",11,"kind","6","9","English","L1"
"4672",11,"saint","6","8","English","L1"
"4673",11,"mean","5","1","English","L1"
"4674",11,"lazy","4","1","English","L1"
"4675",11,"positive","9","9","English","L1"
"4676",11,"reliable","9","9","English","L1"
"4677",11,"obsecene","4","1","English","L1"
"4678",11,"cautious","5","5","English","L1"
"4679",11,"careful","8","6","English","L1"
"4680",11,"liar","5","1","English","L1"
"4681",199,"lazy","3","3","English","L1"
"4682",199,"wise","3","7","English","L1"
"4683",199,"obsecene","6","2","English","L1"
"4684",199,"indiscreet","6","2","English","L1"
"4685",199,"demon","7","3","English","L1"
"4686",199,"rude","6","3","English","L1"
"4687",199,"negative","5","2","English","L1"
"4688",199,"patient","3","7","English","L1"
"4689",199,"discreet","3","7","English","L1"
"4690",199,"unrealiable","7","3","English","L1"
"4691",199,"cautious","3","7","English","L1"
"4692",199,"cruel","7","3","English","L1"
"4693",199,"asshole","7","3","English","L1"
"4694",199,"good","5","7","English","L1"
"4695",199,"graceful","3","7","English","L1"
"4696",199,"liar","7","2","English","L1"
"4697",199,"saint","3","6","English","L1"
"4698",199,"reliable","3","7","English","L1"
"4699",199,"careful","3","7","English","L1"
"4700",199,"loyal","5","7","English","L1"
"4701",199,"positive","7","7","English","L1"
"4702",199,"mean","6","2","English","L1"
"4703",199,"sweetheart","3","7","English","L1"
"4704",199,"kind","2","7","English","L1"
"4705",199,"disloyal","7","3","English","L1"
"4706",199,"bad","5","3","English","L1"
"4707",96,"good","9","9","English","L1"
"4708",96,"mean","1","1","English","L1"
"4709",96,"demon","1","1","English","L1"
"4710",96,"graceful","9","9","English","L1"
"4711",96,"saint","1","9","English","L1"
"4712",96,"asshole","3","1","English","L1"
"4713",96,"bad","3","1","English","L1"
"4714",96,"cautious","1","5","English","L1"
"4715",96,"indiscreet","2","1","English","L1"
"4716",96,"discreet","8","8","English","L1"
"4717",96,"obsecene","4","3","English","L1"
"4718",96,"loyal","1","9","English","L1"
"4719",96,"lazy","4","1","English","L1"
"4720",96,"negative","2","2","English","L1"
"4721",96,"cruel","2","1","English","L1"
"4722",96,"rude","2","1","English","L1"
"4723",96,"positive","9","9","English","L1"
"4724",96,"sweetheart","9","9","English","L1"
"4725",96,"wise","8","8","English","L1"
"4726",96,"patient","3","8","English","L1"
"4727",96,"kind","8","9","English","L1"
"4728",96,"unrealiable","3","1","English","L1"
"4729",96,"disloyal","2","1","English","L1"
"4730",96,"careful","7","6","English","L1"
"4731",96,"liar","2","1","English","L1"
"4732",96,"reliable","8","9","English","L1"
"4733",213,"kind","1","9","English","L1"
"4734",213,"disloyal","5","1","English","L1"
"4735",213,"saint","1","9","English","L1"
"4736",213,"demon","5","1","English","L1"
"4737",213,"cautious","5","5","English","L1"
"4738",213,"graceful","1","9","English","L1"
"4739",213,"asshole","5","1","English","L1"
"4740",213,"unrealiable","5","1","English","L1"
"4741",213,"positive","9","9","English","L1"
"4742",213,"indiscreet","5","2","English","L1"
"4743",213,"wise","2","9","English","L1"
"4744",213,"rude","5","1","English","L1"
"4745",213,"reliable","5","9","English","L1"
"4746",213,"lazy","1","1","English","L1"
"4747",213,"cruel","5","1","English","L1"
"4748",213,"liar","5","1","English","L1"
"4749",213,"obsecene","6","1","English","L1"
"4750",213,"mean","6","1","English","L1"
"4751",213,"loyal","9","9","English","L1"
"4752",213,"discreet","5","8","English","L1"
"4753",213,"bad","4","1","English","L1"
"4754",213,"patient","1","8","English","L1"
"4755",213,"good","1","9","English","L1"
"4756",213,"careful","5","5","English","L1"
"4757",213,"sweetheart","9","9","English","L1"
"4758",213,"negative","5","1","English","L1"
"4759",3,"kind","3","8","English","L1"
"4760",3,"rude","6","3","English","L1"
"4761",3,"graceful","6","7","English","L1"
"4762",3,"demon","7","1","English","L1"
"4763",3,"patient","2","8","English","L1"
"4764",3,"indiscreet","3","3","English","L1"
"4765",3,"liar","7","7","English","L1"
"4766",3,"discreet","5","4","English","L1"
"4767",3,"lazy","3","2","English","L1"
"4768",3,"negative","6","1","English","L1"
"4769",3,"bad","6","1","English","L1"
"4770",3,"mean","5","1","English","L1"
"4771",3,"good","7","7","English","L1"
"4772",3,"wise","2","5","English","L1"
"4773",3,"cautious","5","4","English","L1"
"4774",3,"obsecene","6","5","English","L1"
"4775",3,"loyal","2","7","English","L1"
"4776",3,"saint","3","7","English","L1"
"4777",3,"careful","2","6","English","L1"
"4778",3,"unrealiable","3","2","English","L1"
"4779",3,"disloyal","5","3","English","L1"
"4780",3,"reliable","4","7","English","L1"
"4781",3,"asshole","8","2","English","L1"
"4782",3,"sweetheart","2","8","English","L1"
"4783",3,"cruel","6","1","English","L1"
"4784",3,"positive","5","8","English","L1"
"4785",113,"mean","5","2","English","L1"
"4786",113,"asshole","3","2","English","L1"
"4787",113,"disloyal","3","2","English","L1"
"4788",113,"rude","2","2","English","L1"
"4789",113,"kind","7","8","English","L1"
"4790",113,"careful","6","7","English","L1"
"4791",113,"liar","1","2","English","L1"
"4792",113,"positive","6","8","English","L1"
"4793",113,"good","7","8","English","L1"
"4794",113,"demon","2","2","English","L1"
"4795",113,"discreet","4","4","English","L1"
"4796",113,"saint","6","7","English","L1"
"4797",113,"wise","6","7","English","L1"
"4798",113,"patient","6","5","English","L1"
"4799",113,"reliable","7","5","English","L1"
"4800",113,"obsecene","3","4","English","L1"
"4801",113,"indiscreet","3","3","English","L1"
"4802",113,"cautious","3","5","English","L1"
"4803",113,"cruel","2","3","English","L1"
"4804",113,"sweetheart","7","8","English","L1"
"4805",113,"negative","4","2","English","L1"
"4806",113,"unrealiable","2","4","English","L1"
"4807",113,"bad","4","2","English","L1"
"4808",113,"lazy","2","3","English","L1"
"4809",113,"graceful","6","8","English","L1"
"4810",113,"loyal","6","7","English","L1"
"4811",51,"demon","6","1","English","L1"
"4812",51,"positive","9","9","English","L1"
"4813",51,"saint","9","9","English","L1"
"4814",51,"kind","9","9","English","L1"
"4815",51,"disloyal","9","9","English","L1"
"4816",51,"reliable","9","9","English","L1"
"4817",51,"cautious","5","9","English","L1"
"4818",51,"indiscreet","6","5","English","L1"
"4819",51,"lazy","1","1","English","L1"
"4820",51,"sweetheart","9","9","English","L1"
"4821",51,"patient","9","9","English","L1"
"4822",51,"asshole","2","1","English","L1"
"4823",51,"unrealiable","3","2","English","L1"
"4824",51,"bad","1","1","English","L1"
"4825",51,"careful","6","5","English","L1"
"4826",51,"negative","8","7","English","L1"
"4827",51,"mean","9","8","English","L1"
"4828",51,"graceful","8","8","English","L1"
"4829",51,"loyal","9","8","English","L1"
"4830",51,"obsecene","8","8","English","L1"
"4831",51,"wise","8","8","English","L1"
"4832",51,"liar","1","1","English","L1"
"4833",51,"rude","6","1","English","L1"
"4834",51,"good","8","8","English","L1"
"4835",51,"cruel","2","2","English","L1"
"4836",51,"discreet","1","1","English","L1"
"4837",145,"demon","7","2","English","L1"
"4838",145,"cautious","7","2","English","L1"
"4839",145,"cruel","7","1","English","L1"
"4840",145,"bad","6","1","English","L1"
"4841",145,"obsecene","9","9","English","L1"
"4842",145,"saint","1","8","English","L1"
"4843",145,"sweetheart","1","9","English","L1"
"4844",145,"positive","9","9","English","L1"
"4845",145,"patient","1","9","English","L1"
"4846",145,"rude","6","1","English","L1"
"4847",145,"graceful","2","9","English","L1"
"4848",145,"indiscreet","5","2","English","L1"
"4849",145,"lazy","1","6","English","L1"
"4850",145,"careful","2","8","English","L1"
"4851",145,"kind","2","9","English","L1"
"4852",145,"liar","6","2","English","L1"
"4853",145,"asshole","8","1","English","L1"
"4854",145,"loyal","3","9","English","L1"
"4855",145,"negative","8","1","English","L1"
"4856",145,"unrealiable","6","1","English","L1"
"4857",145,"wise","1","8","English","L1"
"4858",145,"reliable","3","9","English","L1"
"4859",145,"mean","8","1","English","L1"
"4860",145,"discreet","1","9","English","L1"
"4861",145,"good","3","7","English","L1"
"4862",145,"disloyal","6","1","English","L1"
"4863",148,"negative","4","4","English","L1"
"4864",148,"mean","7","7","English","L1"
"4865",148,"positive","3","7","English","L1"
"4866",148,"cruel","3","2","English","L1"
"4867",148,"liar","5","7","English","L1"
"4868",148,"discreet","7","8","English","L1"
"4869",148,"good","4","8","English","L1"
"4870",148,"reliable","5","8","English","L1"
"4871",148,"patient","3","8","English","L1"
"4872",148,"loyal","3","8","English","L1"
"4873",148,"indiscreet","3","2","English","L1"
"4874",148,"obsecene","4","3","English","L1"
"4875",148,"rude","7","3","English","L1"
"4876",148,"cautious","8","7","English","L1"
"4877",148,"disloyal","8","3","English","L1"
"4878",148,"graceful","6","7","English","L1"
"4879",148,"unrealiable","2","2","English","L1"
"4880",148,"sweetheart","8","8","English","L1"
"4881",148,"bad","7","8","English","L1"
"4882",148,"demon","8","7","English","L1"
"4883",148,"careful","2","7","English","L1"
"4884",148,"lazy","3","2","English","L1"
"4885",148,"wise","2","7","English","L1"
"4886",148,"kind","2","7","English","L1"
"4887",148,"asshole","9","7","English","L1"
"4888",148,"saint","3","7","English","L1"
"4889",248,"reliable","1","8","English","L1"
"4890",248,"negative","5","1","English","L1"
"4891",248,"graceful","1","7","English","L1"
"4892",248,"mean","5","2","English","L1"
"4893",248,"asshole","5","1","English","L1"
"4894",248,"good","1","9","English","L1"
"4895",248,"careful","4","6","English","L1"
"4896",248,"disloyal","5","2","English","L1"
"4897",248,"sweetheart","7","9","English","L1"
"4898",248,"saint","1","8","English","L1"
"4899",248,"loyal","1","7","English","L1"
"4900",248,"lazy","5","2","English","L1"
"4901",248,"indiscreet","5","3","English","L1"
"4902",248,"obsecene","5","1","English","L1"
"4903",248,"liar","6","1","English","L1"
"4904",248,"kind","1","8","English","L1"
"4905",248,"discreet","2","6","English","L1"
"4906",248,"unrealiable","5","1","English","L1"
"4907",248,"wise","1","7","English","L1"
"4908",248,"demon","5","1","English","L1"
"4909",248,"cautious","1","5","English","L1"
"4910",248,"rude","5","3","English","L1"
"4911",248,"cruel","6","2","English","L1"
"4912",248,"positive","1","8","English","L1"
"4913",248,"bad","3","4","English","L1"
"4914",248,"patient","1","7","English","L1"
"4915",174,"good","9","9","English","L1"
"4916",174,"patient","9","9","English","L1"
"4917",174,"indiscreet","4","1","English","L1"
"4918",174,"lazy","4","1","English","L1"
"4919",174,"cautious","9","9","English","L1"
"4920",174,"sweetheart","9","9","English","L1"
"4921",174,"disloyal","1","1","English","L1"
"4922",174,"wise","9","9","English","L1"
"4923",174,"demon","5","1","English","L1"
"4924",174,"rude","1","1","English","L1"
"4925",174,"discreet","9","9","English","L1"
"4926",174,"saint","5","5","English","L1"
"4927",174,"liar","4","1","English","L1"
"4928",174,"asshole","1","1","English","L1"
"4929",174,"mean","1","1","English","L1"
"4930",174,"negative","1","1","English","L1"
"4931",174,"unrealiable","1","1","English","L1"
"4932",174,"positive","7","9","English","L1"
"4933",174,"kind","9","9","English","L1"
"4934",174,"careful","8","8","English","L1"
"4935",174,"graceful","9","9","English","L1"
"4936",174,"bad","1","1","English","L1"
"4937",174,"loyal","9","9","English","L1"
"4938",174,"obsecene","3","1","English","L1"
"4939",174,"reliable","9","9","English","L1"
"4940",174,"cruel","5","1","English","L1"
"4941",65,"negative","6","4","English","L1"
"4942",65,"loyal","9","9","English","L1"
"4943",65,"positive","6","6","English","L1"
"4944",65,"rude","2","2","English","L1"
"4945",65,"saint","4","4","English","L1"
"4946",65,"demon","4","4","English","L1"
"4947",65,"wise","7","7","English","L1"
"4948",65,"reliable","7","7","English","L1"
"4949",65,"cruel","2","2","English","L1"
"4950",65,"unrealiable","4","4","English","L1"
"4951",65,"liar","2","2","English","L1"
"4952",65,"disloyal","2","2","English","L1"
"4953",65,"good","7","7","English","L1"
"4954",65,"discreet","2","2","English","L1"
"4955",65,"kind","8","8","English","L1"
"4956",65,"lazy","2","2","English","L1"
"4957",65,"obsecene","4","4","English","L1"
"4958",65,"sweetheart","7","7","English","L1"
"4959",65,"asshole","4","4","English","L1"
"4960",65,"cautious","7","7","English","L1"
"4961",65,"mean","4","4","English","L1"
"4962",65,"graceful","7","7","English","L1"
"4963",65,"bad","4","4","English","L1"
"4964",65,"patient","4","4","English","L1"
"4965",65,"indiscreet","4","4","English","L1"
"4966",65,"careful","7","7","English","L1"
"4967",225,"lazy","2","2","English","L1"
"4968",225,"unrealiable","2","2","English","L1"
"4969",225,"cruel","3","2","English","L1"
"4970",225,"sweetheart","9","9","English","L1"
"4971",225,"graceful","9","9","English","L1"
"4972",225,"kind","9","7","English","L1"
"4973",225,"asshole","7","1","English","L1"
"4974",225,"negative","2","1","English","L1"
"4975",225,"wise","2","1","English","L1"
"4976",225,"rude","1","1","English","L1"
"4977",225,"loyal","8","9","English","L1"
"4978",225,"cautious","8","8","English","L1"
"4979",225,"obsecene","6","4","English","L1"
"4980",225,"good","7","7","English","L1"
"4981",225,"liar","1","1","English","L1"
"4982",225,"indiscreet","2","2","English","L1"
"4983",225,"disloyal","1","1","English","L1"
"4984",225,"bad","1","1","English","L1"
"4985",225,"mean","8","8","English","L1"
"4986",225,"careful","7","5","English","L1"
"4987",225,"discreet","1","2","English","L1"
"4988",225,"demon","1","1","English","L1"
"4989",225,"reliable","8","7","English","L1"
"4990",225,"patient","8","8","English","L1"
"4991",225,"saint","8","8","English","L1"
"4992",225,"positive","8","8","English","L1"
"4993",40,"asshole","4","1","English","L1"
"4994",40,"demon","5","1","English","L1"
"4995",40,"disloyal","5","1","English","L1"
"4996",40,"bad","5","2","English","L1"
"4997",40,"saint","1","9","English","L1"
"4998",40,"mean","3","3","English","L1"
"4999",40,"lazy","5","2","English","L1"
"5000",40,"careful","5","8","English","L1"
"5001",40,"graceful","1","8","English","L1"
"5002",40,"liar","5","2","English","L1"
"5003",40,"obsecene","5","5","English","L1"
"5004",40,"unrealiable","4","2","English","L1"
"5005",40,"good","8","8","English","L1"
"5006",40,"positive","8","8","English","L1"
"5007",40,"patient","1","8","English","L1"
"5008",40,"kind","1","8","English","L1"
"5009",40,"rude","2","2","English","L1"
"5010",40,"sweetheart","7","8","English","L1"
"5011",40,"reliable","8","8","English","L1"
"5012",40,"negative","2","1","English","L1"
"5013",40,"cautious","8","8","English","L1"
"5014",40,"discreet","6","5","English","L1"
"5015",40,"loyal","8","8","English","L1"
"5016",40,"cruel","2","2","English","L1"
"5017",40,"wise","8","8","English","L1"
"5018",40,"indiscreet","2","2","English","L1"
"5019",99,"bad","4","2","English","L1"
"5020",99,"discreet","3","5","English","L1"
"5021",99,"obsecene","4","3","English","L1"
"5022",99,"wise","7","8","English","L1"
"5023",99,"careful","7","8","English","L1"
"5024",99,"loyal","7","8","English","L1"
"5025",99,"sweetheart","9","9","English","L1"
"5026",99,"demon","3","1","English","L1"
"5027",99,"cruel","3","1","English","L1"
"5028",99,"graceful","7","9","English","L1"
"5029",99,"rude","3","3","English","L1"
"5030",99,"patient","6","6","English","L1"
"5031",99,"asshole","3","1","English","L1"
"5032",99,"negative","3","1","English","L1"
"5033",99,"indiscreet","4","4","English","L1"
"5034",99,"good","7","7","English","L1"
"5035",99,"cautious","7","6","English","L1"
"5036",99,"reliable","8","7","English","L1"
"5037",99,"unrealiable","2","2","English","L1"
"5038",99,"disloyal","4","2","English","L1"
"5039",99,"lazy","2","2","English","L1"
"5040",99,"liar","4","2","English","L1"
"5041",99,"positive","8","8","English","L1"
"5042",99,"mean","2","1","English","L1"
"5043",99,"kind","8","7","English","L1"
"5044",99,"saint","6","6","English","L1"
"5045",159,"indiscreet","5","3","English","L1"
"5046",159,"negative","3","1","English","L1"
"5047",159,"loyal","3","6","English","L1"
"5048",159,"unrealiable","4","1","English","L1"
"5049",159,"bad","5","1","English","L1"
"5050",159,"obsecene","5","2","English","L1"
"5051",159,"demon","3","1","English","L1"
"5052",159,"mean","3","3","English","L1"
"5053",159,"saint","1","7","English","L1"
"5054",159,"kind","7","7","English","L1"
"5055",159,"rude","7","1","English","L1"
"5056",159,"reliable","2","7","English","L1"
"5057",159,"discreet","4","6","English","L1"
"5058",159,"good","6","9","English","L1"
"5059",159,"cruel","7","1","English","L1"
"5060",159,"asshole","8","2","English","L1"
"5061",159,"cautious","6","2","English","L1"
"5062",159,"careful","5","4","English","L1"
"5063",159,"positive","8","7","English","L1"
"5064",159,"sweetheart","9","9","English","L1"
"5065",159,"disloyal","6","3","English","L1"
"5066",159,"graceful","4","7","English","L1"
"5067",159,"patient","3","6","English","L1"
"5068",159,"liar","6","2","English","L1"
"5069",159,"wise","1","7","English","L1"
"5070",159,"lazy","2","2","English","L1"
"5071",21,"bad","6","2","English","L1"
"5072",21,"wise","3","6","English","L1"
"5073",21,"unrealiable","5","1","English","L1"
"5074",21,"discreet","2","4","English","L1"
"5075",21,"demon","5","1","English","L1"
"5076",21,"cruel","6","1","English","L1"
"5077",21,"patient","3","6","English","L1"
"5078",21,"mean","4","1","English","L1"
"5079",21,"rude","5","1","English","L1"
"5080",21,"kind","7","9","English","L1"
"5081",21,"negative","6","1","English","L1"
"5082",21,"indiscreet","6","1","English","L1"
"5083",21,"lazy","5","4","English","L1"
"5084",21,"liar","7","1","English","L1"
"5085",21,"saint","1","9","English","L1"
"5086",21,"sweetheart","1","9","English","L1"
"5087",21,"obsecene","6","1","English","L1"
"5088",21,"loyal","2","8","English","L1"
"5089",21,"asshole","6","1","English","L1"
"5090",21,"positive","2","9","English","L1"
"5091",21,"disloyal","5","1","English","L1"
"5092",21,"careful","4","6","English","L1"
"5093",21,"graceful","1","8","English","L1"
"5094",21,"good","6","9","English","L1"
"5095",21,"cautious","5","3","English","L1"
"5096",21,"reliable","2","8","English","L1"
"5097",70,"unrealiable","2","2","English","L1"
"5098",70,"obsecene","1","1","English","L1"
"5099",70,"asshole","1","1","English","L1"
"5100",70,"rude","1","1","English","L1"
"5101",70,"graceful","9","9","English","L1"
"5102",70,"good","9","9","English","L1"
"5103",70,"careful","9","9","English","L1"
"5104",70,"cautious","9","9","English","L1"
"5105",70,"negative","1","2","English","L1"
"5106",70,"cruel","1","1","English","L1"
"5107",70,"patient","8","8","English","L1"
"5108",70,"kind","9","9","English","L1"
"5109",70,"discreet","2","1","English","L1"
"5110",70,"sweetheart","9","9","English","L1"
"5111",70,"lazy","1","1","English","L1"
"5112",70,"wise","9","9","English","L1"
"5113",70,"positive","9","9","English","L1"
"5114",70,"bad","1","1","English","L1"
"5115",70,"saint","8","9","English","L1"
"5116",70,"indiscreet","1","1","English","L1"
"5117",70,"loyal","9","9","English","L1"
"5118",70,"reliable","9","9","English","L1"
"5119",70,"demon","1","1","English","L1"
"5120",70,"liar","1","1","English","L1"
"5121",70,"disloyal","1","1","English","L1"
"5122",70,"mean","1","1","English","L1"
"5123",198,"discreet","3","6","English","L1"
"5124",198,"cruel","4","1","English","L1"
"5125",198,"cautious","2","6","English","L1"
"5126",198,"rude","5","2","English","L1"
"5127",198,"positive","8","8","English","L1"
"5128",198,"demon","3","2","English","L1"
"5129",198,"loyal","7","7","English","L1"
"5130",198,"unrealiable","3","2","English","L1"
"5131",198,"saint","6","6","English","L1"
"5132",198,"sweetheart","6","7","English","L1"
"5133",198,"careful","6","7","English","L1"
"5134",198,"obsecene","6","5","English","L1"
"5135",198,"patient","6","6","English","L1"
"5136",198,"bad","4","2","English","L1"
"5137",198,"liar","3","2","English","L1"
"5138",198,"negative","3","1","English","L1"
"5139",198,"disloyal","2","2","English","L1"
"5140",198,"wise","7","7","English","L1"
"5141",198,"kind","7","7","English","L1"
"5142",198,"graceful","6","7","English","L1"
"5143",198,"lazy","4","3","English","L1"
"5144",198,"asshole","4","2","English","L1"
"5145",198,"reliable","8","7","English","L1"
"5146",198,"indiscreet","4","6","English","L1"
"5147",198,"mean","4","3","English","L1"
"5148",198,"good","7","6","English","L1"
"5149",272,"sweetheart","5","8","English","L1"
"5150",272,"rude","2","2","English","L1"
"5151",272,"unrealiable","2","1","English","L1"
"5152",272,"bad","2","1","English","L1"
"5153",272,"negative","1","1","English","L1"
"5154",272,"asshole","2","1","English","L1"
"5155",272,"discreet","6","9","English","L1"
"5156",272,"reliable","7","9","English","L1"
"5157",272,"kind","7","9","English","L1"
"5158",272,"wise","7","9","English","L1"
"5159",272,"patient","8","8","English","L1"
"5160",272,"mean","2","1","English","L1"
"5161",272,"saint","8","9","English","L1"
"5162",272,"lazy","4","2","English","L1"
"5163",272,"cautious","5","5","English","L1"
"5164",272,"good","6","9","English","L1"
"5165",272,"positive","8","9","English","L1"
"5166",272,"loyal","7","9","English","L1"
"5167",272,"obsecene","1","1","English","L1"
"5168",272,"careful","5","7","English","L1"
"5169",272,"cruel","4","1","English","L1"
"5170",272,"disloyal","2","1","English","L1"
"5171",272,"liar","3","1","English","L1"
"5172",272,"indiscreet","1","1","English","L1"
"5173",272,"graceful","5","8","English","L1"
"5174",272,"demon","2","1","English","L1"
"5175",250,"good","6","9","English","L1"
"5176",250,"graceful","8","9","English","L1"
"5177",250,"loyal","9","9","English","L1"
"5178",250,"indiscreet","2","3","English","L1"
"5179",250,"discreet","6","8","English","L1"
"5180",250,"demon","5","1","English","L1"
"5181",250,"saint","5","8","English","L1"
"5182",250,"cautious","6","9","English","L1"
"5183",250,"mean","1","1","English","L1"
"5184",250,"rude","1","1","English","L1"
"5185",250,"cruel","1","1","English","L1"
"5186",250,"liar","1","1","English","L1"
"5187",250,"disloyal","1","1","English","L1"
"5188",250,"reliable","8","9","English","L1"
"5189",250,"bad","1","1","English","L1"
"5190",250,"positive","8","9","English","L1"
"5191",250,"wise","8","9","English","L1"
"5192",250,"obsecene","3","2","English","L1"
"5193",250,"asshole","1","1","English","L1"
"5194",250,"careful","5","9","English","L1"
"5195",250,"patient","5","9","English","L1"
"5196",250,"unrealiable","5","1","English","L1"
"5197",250,"kind","9","9","English","L1"
"5198",250,"sweetheart","9","9","English","L1"
"5199",250,"negative","1","1","English","L1"
"5200",250,"lazy","4","1","English","L1"
"5201",39,"unrealiable","5","1","English","L1"
"5202",39,"liar","5","1","English","L1"
"5203",39,"good","7","7","English","L1"
"5204",39,"careful","5","6","English","L1"
"5205",39,"kind","9","9","English","L1"
"5206",39,"lazy","2","1","English","L1"
"5207",39,"saint","6","8","English","L1"
"5208",39,"demon","3","3","English","L1"
"5209",39,"cautious","5","5","English","L1"
"5210",39,"bad","3","2","English","L1"
"5211",39,"sweetheart","9","9","English","L1"
"5212",39,"positive","9","9","English","L1"
"5213",39,"loyal","7","9","English","L1"
"5214",39,"cruel","1","1","English","L1"
"5215",39,"discreet","4","3","English","L1"
"5216",39,"mean","3","2","English","L1"
"5217",39,"negative","3","2","English","L1"
"5218",39,"obsecene","4","1","English","L1"
"5219",39,"asshole","1","1","English","L1"
"5220",39,"graceful","6","7","English","L1"
"5221",39,"indiscreet","3","1","English","L1"
"5222",39,"disloyal","3","1","English","L1"
"5223",39,"patient","6","6","English","L1"
"5224",39,"wise","7","7","English","L1"
"5225",39,"reliable","9","9","English","L1"
"5226",39,"rude","1","1","English","L1"
"5227",120,"lazy","5","5","English","L1"
"5228",120,"asshole","2","1","English","L1"
"5229",120,"obsecene","3","4","English","L1"
"5230",120,"kind","6","9","English","L1"
"5231",120,"saint","5","5","English","L1"
"5232",120,"discreet","5","5","English","L1"
"5233",120,"rude","3","1","English","L1"
"5234",120,"unrealiable","4","2","English","L1"
"5235",120,"wise","1","9","English","L1"
"5236",120,"graceful","1","9","English","L1"
"5237",120,"patient","1","8","English","L1"
"5238",120,"bad","5","3","English","L1"
"5239",120,"reliable","6","8","English","L1"
"5240",120,"mean","5","1","English","L1"
"5241",120,"positive","5","9","English","L1"
"5242",120,"loyal","6","9","English","L1"
"5243",120,"cruel","1","2","English","L1"
"5244",120,"negative","3","1","English","L1"
"5245",120,"good","6","9","English","L1"
"5246",120,"liar","1","2","English","L1"
"5247",120,"cautious","5","1","English","L1"
"5248",120,"careful","5","5","English","L1"
"5249",120,"disloyal","4","1","English","L1"
"5250",120,"indiscreet","5","1","English","L1"
"5251",120,"sweetheart","5","9","English","L1"
"5252",120,"demon","1","1","English","L1"
"5253",183,"liar","5","4","English","L1"
"5254",183,"asshole","4","3","English","L1"
"5255",183,"obsecene","4","3","English","L1"
"5256",183,"sweetheart","9","8","English","L1"
"5257",183,"saint","7","7","English","L1"
"5258",183,"graceful","6","6","English","L1"
"5259",183,"mean","3","3","English","L1"
"5260",183,"careful","6","5","English","L1"
"5261",183,"discreet","6","7","English","L1"
"5262",183,"good","6","7","English","L1"
"5263",183,"negative","3","3","English","L1"
"5264",183,"positive","5","5","English","L1"
"5265",183,"lazy","2","2","English","L1"
"5266",183,"bad","2","2","English","L1"
"5267",183,"disloyal","2","3","English","L1"
"5268",183,"demon","2","2","English","L1"
"5269",183,"reliable","7","7","English","L1"
"5270",183,"rude","3","2","English","L1"
"5271",183,"cruel","2","2","English","L1"
"5272",183,"kind","7","6","English","L1"
"5273",183,"cautious","7","6","English","L1"
"5274",183,"patient","7","6","English","L1"
"5275",183,"wise","7","6","English","L1"
"5276",183,"loyal","7","6","English","L1"
"5277",183,"unrealiable","7","5","English","L1"
"5278",183,"indiscreet","2","3","English","L1"
"5279",243,"asshole","1","3","English","L1"
"5280",243,"obsecene","1","1","English","L1"
"5281",243,"negative","2","2","English","L1"
"5282",243,"unrealiable","2","3","English","L1"
"5283",243,"indiscreet","3","1","English","L1"
"5284",243,"liar","1","1","English","L1"
"5285",243,"positive","7","9","English","L1"
"5286",243,"patient","7","8","English","L1"
"5287",243,"demon","3","1","English","L1"
"5288",243,"graceful","6","8","English","L1"
"5289",243,"cruel","3","2","English","L1"
"5290",243,"loyal","4","7","English","L1"
"5291",243,"cautious","5","5","English","L1"
"5292",243,"discreet","4","3","English","L1"
"5293",243,"kind","9","9","English","L1"
"5294",243,"good","5","9","English","L1"
"5295",243,"mean","4","1","English","L1"
"5296",243,"lazy","3","3","English","L1"
"5297",243,"reliable","7","8","English","L1"
"5298",243,"bad","4","3","English","L1"
"5299",243,"careful","6","9","English","L1"
"5300",243,"sweetheart","5","9","English","L1"
"5301",243,"wise","3","7","English","L1"
"5302",243,"disloyal","1","2","English","L1"
"5303",243,"rude","1","1","English","L1"
"5304",243,"saint","6","8","English","L1"
"5305",220,"negative","5","2","English","L1"
"5306",220,"cruel","4","2","English","L1"
"5307",220,"discreet","5","5","English","L1"
"5308",220,"wise","6","6","English","L1"
"5309",220,"saint","5","5","English","L1"
"5310",220,"patient","2","7","English","L1"
"5311",220,"unrealiable","5","2","English","L1"
"5312",220,"obsecene","4","2","English","L1"
"5313",220,"indiscreet","4","3","English","L1"
"5314",220,"graceful","7","7","English","L1"
"5315",220,"careful","3","6","English","L1"
"5316",220,"loyal","6","7","English","L1"
"5317",220,"positive","7","8","English","L1"
"5318",220,"demon","5","2","English","L1"
"5319",220,"reliable","5","7","English","L1"
"5320",220,"mean","5","2","English","L1"
"5321",220,"disloyal","4","2","English","L1"
"5322",220,"cautious","5","6","English","L1"
"5323",220,"sweetheart","7","7","English","L1"
"5324",220,"asshole","4","2","English","L1"
"5325",220,"kind","8","7","English","L1"
"5326",220,"good","7","7","English","L1"
"5327",220,"lazy","4","4","English","L1"
"5328",220,"rude","4","2","English","L1"
"5329",220,"bad","4","3","English","L1"
"5330",220,"liar","6","2","English","L1"
"5331",110,"bad","5","1","English","L1"
"5332",110,"demon","5","1","English","L1"
"5333",110,"wise","5","7","English","L1"
"5334",110,"unrealiable","5","3","English","L1"
"5335",110,"graceful","5","9","English","L1"
"5336",110,"mean","5","1","English","L1"
"5337",110,"cautious","1","5","English","L1"
"5338",110,"kind","8","9","English","L1"
"5339",110,"asshole","5","1","English","L1"
"5340",110,"cruel","5","1","English","L1"
"5341",110,"reliable","5","5","English","L1"
"5342",110,"sweetheart","7","8","English","L1"
"5343",110,"loyal","4","6","English","L1"
"5344",110,"good","9","9","English","L1"
"5345",110,"patient","6","8","English","L1"
"5346",110,"discreet","1","5","English","L1"
"5347",110,"positive","9","9","English","L1"
"5348",110,"careful","2","5","English","L1"
"5349",110,"saint","5","5","English","L1"
"5350",110,"disloyal","5","2","English","L1"
"5351",110,"liar","5","2","English","L1"
"5352",110,"rude","5","3","English","L1"
"5353",110,"negative","5","1","English","L1"
"5354",110,"obsecene","5","5","English","L1"
"5355",110,"indiscreet","5","6","English","L1"
"5356",110,"lazy","1","1","English","L1"
"5357",208,"wise","3","7","English","L1"
"5358",208,"discreet","4","4","English","L1"
"5359",208,"careful","3","5","English","L1"
"5360",208,"good","7","9","English","L1"
"5361",208,"unrealiable","4","2","English","L1"
"5362",208,"cruel","3","2","English","L1"
"5363",208,"positive","9","9","English","L1"
"5364",208,"lazy","2","3","English","L1"
"5365",208,"disloyal","5","3","English","L1"
"5366",208,"sweetheart","9","9","English","L1"
"5367",208,"cautious","3","4","English","L1"
"5368",208,"liar","4","1","English","L1"
"5369",208,"kind","3","9","English","L1"
"5370",208,"asshole","7","2","English","L1"
"5371",208,"patient","1","8","English","L1"
"5372",208,"rude","3","1","English","L1"
"5373",208,"graceful","4","9","English","L1"
"5374",208,"loyal","8","9","English","L1"
"5375",208,"reliable","8","9","English","L1"
"5376",208,"obsecene","3","3","English","L1"
"5377",208,"negative","4","1","English","L1"
"5378",208,"mean","5","1","English","L1"
"5379",208,"demon","6","1","English","L1"
"5380",208,"indiscreet","5","5","English","L1"
"5381",208,"saint","8","8","English","L1"
"5382",208,"bad","4","1","English","L1"
"5383",30,"graceful","9","9","English","L1"
"5384",30,"cautious","9","9","English","L1"
"5385",30,"negative","1","9","English","L1"
"5386",30,"bad","1","9","English","L1"
"5387",30,"demon","1","9","English","L1"
"5388",30,"liar","1","5","English","L1"
"5389",30,"discreet","1","9","English","L1"
"5390",30,"lazy","1","1","English","L1"
"5391",30,"mean","2","2","English","L1"
"5392",30,"unrealiable","1","1","English","L1"
"5393",30,"good","9","9","English","L1"
"5394",30,"careful","9","9","English","L1"
"5395",30,"disloyal","2","2","English","L1"
"5396",30,"patient","9","9","English","L1"
"5397",30,"positive","9","9","English","L1"
"5398",30,"kind","9","9","English","L1"
"5399",30,"indiscreet","1","1","English","L1"
"5400",30,"loyal","9","9","English","L1"
"5401",30,"cruel","1","1","English","L1"
"5402",30,"saint","8","8","English","L1"
"5403",30,"asshole","1","1","English","L1"
"5404",30,"sweetheart","9","9","English","L1"
"5405",30,"wise","9","9","English","L1"
"5406",30,"rude","1","1","English","L1"
"5407",30,"obsecene","1","1","English","L1"
"5408",30,"reliable","9","9","English","L1"
"5409",150,"positive","8","9","English","L1"
"5410",150,"obsecene","7","5","English","L1"
"5411",150,"careful","9","9","English","L1"
"5412",150,"good","9","8","English","L1"
"5413",150,"disloyal","3","3","English","L1"
"5414",150,"cautious","9","8","English","L1"
"5415",150,"asshole","1","1","English","L1"
"5416",150,"indiscreet","4","3","English","L1"
"5417",150,"negative","2","2","English","L1"
"5418",150,"unrealiable","2","2","English","L1"
"5419",150,"lazy","2","2","English","L1"
"5420",150,"patient","8","7","English","L1"
"5421",150,"mean","1","2","English","L1"
"5422",150,"graceful","9","8","English","L1"
"5423",150,"rude","2","2","English","L1"
"5424",150,"kind","9","8","English","L1"
"5425",150,"loyal","8","8","English","L1"
"5426",150,"demon","2","2","English","L1"
"5427",150,"reliable","9","8","English","L1"
"5428",150,"saint","5","5","English","L1"
"5429",150,"wise","9","7","English","L1"
"5430",150,"liar","5","1","English","L1"
"5431",150,"discreet","2","2","English","L1"
"5432",150,"cruel","2","2","English","L1"
"5433",150,"bad","2","2","English","L1"
"5434",150,"sweetheart","9","9","English","L1"
"5435",273,"wise","8","7","English","L1"
"5436",273,"lazy","2","1","English","L1"
"5437",273,"saint","5","5","English","L1"
"5438",273,"indiscreet","5","5","English","L1"
"5439",273,"disloyal","9","1","English","L1"
"5440",273,"discreet","6","6","English","L1"
"5441",273,"sweetheart","9","9","English","L1"
"5442",273,"cruel","1","1","English","L1"
"5443",273,"obsecene","8","9","English","L1"
"5444",273,"asshole","5","1","English","L1"
"5445",273,"rude","5","1","English","L1"
"5446",273,"demon","9","1","English","L1"
"5447",273,"mean","9","1","English","L1"
"5448",273,"kind","1","9","English","L1"
"5449",273,"positive","1","9","English","L1"
"5450",273,"graceful","9","9","English","L1"
"5451",273,"liar","1","1","English","L1"
"5452",273,"reliable","6","9","English","L1"
"5453",273,"cautious","6","9","English","L1"
"5454",273,"negative","5","1","English","L1"
"5455",273,"loyal","5","9","English","L1"
"5456",273,"good","9","9","English","L1"
"5457",273,"careful","6","5","English","L1"
"5458",273,"bad","5","1","English","L1"
"5459",273,"unrealiable","6","1","English","L1"
"5460",273,"patient","1","9","English","L1"
"5461",266,"cruel","6","1","English","L1"
"5462",266,"discreet","2","7","English","L1"
"5463",266,"lazy","6","1","English","L1"
"5464",266,"sweetheart","8","9","English","L1"
"5465",266,"negative","6","2","English","L1"
"5466",266,"liar","4","1","English","L1"
"5467",266,"patient","9","9","English","L1"
"5468",266,"indiscreet","3","2","English","L1"
"5469",266,"demon","2","1","English","L1"
"5470",266,"wise","9","9","English","L1"
"5471",266,"reliable","9","9","English","L1"
"5472",266,"careful","4","9","English","L1"
"5473",266,"unrealiable","3","1","English","L1"
"5474",266,"rude","1","1","English","L1"
"5475",266,"kind","9","9","English","L1"
"5476",266,"saint","9","9","English","L1"
"5477",266,"bad","3","1","English","L1"
"5478",266,"graceful","9","9","English","L1"
"5479",266,"good","9","9","English","L1"
"5480",266,"mean","1","1","English","L1"
"5481",266,"loyal","9","9","English","L1"
"5482",266,"cautious","3","5","English","L1"
"5483",266,"disloyal","3","1","English","L1"
"5484",266,"asshole","1","1","English","L1"
"5485",266,"obsecene","2","1","English","L1"
"5486",266,"positive","9","9","English","L1"
"5487",234,"good","5","7","English","L1"
"5488",234,"rude","4","3","English","L1"
"5489",234,"careful","5","6","English","L1"
"5490",234,"positive","7","8","English","L1"
"5491",234,"asshole","9","8","English","L1"
"5492",234,"bad","4","3","English","L1"
"5493",234,"unrealiable","3","2","English","L1"
"5494",234,"patient","5","8","English","L1"
"5495",234,"cruel","5","4","English","L1"
"5496",234,"reliable","6","7","English","L1"
"5497",234,"disloyal","3","4","English","L1"
"5498",234,"mean","2","3","English","L1"
"5499",234,"kind","8","7","English","L1"
"5500",234,"cautious","7","8","English","L1"
"5501",234,"liar","7","3","English","L1"
"5502",234,"wise","6","8","English","L1"
"5503",234,"sweetheart","9","9","English","L1"
"5504",234,"obsecene","5","3","English","L1"
"5505",234,"negative","6","5","English","L1"
"5506",234,"loyal","7","7","English","L1"
"5507",234,"graceful","6","9","English","L1"
"5508",234,"indiscreet","5","5","English","L1"
"5509",234,"demon","5","7","English","L1"
"5510",234,"saint","8","7","English","L1"
"5511",234,"discreet","8","7","English","L1"
"5512",234,"lazy","5","2","English","L1"
"5513",46,"discreet","7","5","English","L1"
"5514",46,"cautious","5","5","English","L1"
"5515",46,"careful","6","5","English","L1"
"5516",46,"kind","7","6","English","L1"
"5517",46,"bad","2","2","English","L1"
"5518",46,"good","8","8","English","L1"
"5519",46,"unrealiable","3","2","English","L1"
"5520",46,"loyal","8","8","English","L1"
"5521",46,"graceful","9","8","English","L1"
"5522",46,"patient","8","8","English","L1"
"5523",46,"wise","9","8","English","L1"
"5524",46,"rude","2","2","English","L1"
"5525",46,"cruel","1","1","English","L1"
"5526",46,"obsecene","2","2","English","L1"
"5527",46,"negative","1","1","English","L1"
"5528",46,"demon","1","1","English","L1"
"5529",46,"sweetheart","9","9","English","L1"
"5530",46,"reliable","9","8","English","L1"
"5531",46,"mean","1","1","English","L1"
"5532",46,"saint","9","8","English","L1"
"5533",46,"disloyal","1","1","English","L1"
"5534",46,"asshole","1","1","English","L1"
"5535",46,"positive","9","9","English","L1"
"5536",46,"liar","1","1","English","L1"
"5537",46,"lazy","1","1","English","L1"
"5538",46,"indiscreet","3","1","English","L1"
"5539",63,"liar","9","9","English","L1"
"5540",63,"discreet","8","9","English","L1"
"5541",63,"lazy","2","1","English","L1"
"5542",63,"demon","6","1","English","L1"
"5543",63,"asshole","1","1","English","L1"
"5544",63,"good","9","9","English","L1"
"5545",63,"wise","9","9","English","L1"
"5546",63,"negative","1","1","English","L1"
"5547",63,"unrealiable","2","1","English","L1"
"5548",63,"cautious","9","9","English","L1"
"5549",63,"loyal","9","9","English","L1"
"5550",63,"reliable","9","9","English","L1"
"5551",63,"bad","1","1","English","L1"
"5552",63,"careful","8","9","English","L1"
"5553",63,"cruel","2","1","English","L1"
"5554",63,"obsecene","8","8","English","L1"
"5555",63,"positive","9","9","English","L1"
"5556",63,"graceful","9","9","English","L1"
"5557",63,"kind","9","9","English","L1"
"5558",63,"rude","1","1","English","L1"
"5559",63,"mean","3","3","English","L1"
"5560",63,"disloyal","3","5","English","L1"
"5561",63,"patient","9","9","English","L1"
"5562",63,"saint","8","8","English","L1"
"5563",63,"indiscreet","2","2","English","L1"
"5564",63,"sweetheart","9","9","English","L1"
"5565",153,"loyal","5","6","English","L1"
"5566",153,"discreet","5","4","English","L1"
"5567",153,"indiscreet","1","3","English","L1"
"5568",153,"demon","5","1","English","L1"
"5569",153,"negative","2","1","English","L1"
"5570",153,"patient","6","6","English","L1"
"5571",153,"saint","7","5","English","L1"
"5572",153,"cautious","1","3","English","L1"
"5573",153,"wise","7","7","English","L1"
"5574",153,"sweetheart","7","7","English","L1"
"5575",153,"rude","1","2","English","L1"
"5576",153,"mean","4","2","English","L1"
"5577",153,"obsecene","3","1","English","L1"
"5578",153,"lazy","4","1","English","L1"
"5579",153,"kind","6","6","English","L1"
"5580",153,"reliable","5","5","English","L1"
"5581",153,"disloyal","3","3","English","L1"
"5582",153,"good","6","7","English","L1"
"5583",153,"liar","2","2","English","L1"
"5584",153,"asshole","4","1","English","L1"
"5585",153,"cruel","2","2","English","L1"
"5586",153,"positive","5","7","English","L1"
"5587",153,"careful","6","5","English","L1"
"5588",153,"bad","2","2","English","L1"
"5589",153,"unrealiable","2","2","English","L1"
"5590",153,"graceful","6","7","English","L1"
"5591",193,"asshole","8","1","English","L1"
"5592",193,"discreet","3","6","English","L1"
"5593",193,"obsecene","7","2","English","L1"
"5594",193,"cruel","6","1","English","L1"
"5595",193,"cautious","5","2","English","L1"
"5596",193,"negative","5","1","English","L1"
"5597",193,"loyal","2","9","English","L1"
"5598",193,"wise","3","8","English","L1"
"5599",193,"graceful","1","9","English","L1"
"5600",193,"kind","6","9","English","L1"
"5601",193,"bad","6","1","English","L1"
"5602",193,"saint","5","7","English","L1"
"5603",193,"unrealiable","3","1","English","L1"
"5604",193,"patient","2","8","English","L1"
"5605",193,"reliable","3","8","English","L1"
"5606",193,"liar","7","1","English","L1"
"5607",193,"demon","5","5","English","L1"
"5608",193,"rude","6","2","English","L1"
"5609",193,"indiscreet","5","3","English","L1"
"5610",193,"disloyal","4","2","English","L1"
"5611",193,"positive","8","8","English","L1"
"5612",193,"careful","3","8","English","L1"
"5613",193,"sweetheart","8","8","English","L1"
"5614",193,"good","3","9","English","L1"
"5615",193,"mean","5","2","English","L1"
"5616",193,"lazy","3","2","English","L1"
"5617",236,"liar","7","1","English","L1"
"5618",236,"obsecene","3","2","English","L1"
"5619",236,"wise","1","8","English","L1"
"5620",236,"rude","7","3","English","L1"
"5621",236,"discreet","3","6","English","L1"
"5622",236,"mean","3","2","English","L1"
"5623",236,"sweetheart","6","7","English","L1"
"5624",236,"disloyal","9","1","English","L1"
"5625",236,"lazy","9","1","English","L1"
"5626",236,"kind","1","7","English","L1"
"5627",236,"loyal","1","9","English","L1"
"5628",236,"cruel","9","1","English","L1"
"5629",236,"indiscreet","4","2","English","L1"
"5630",236,"good","5","5","English","L1"
"5631",236,"positive","3","6","English","L1"
"5632",236,"cautious","5","3","English","L1"
"5633",236,"reliable","6","9","English","L1"
"5634",236,"demon","9","1","English","L1"
"5635",236,"careful","3","4","English","L1"
"5636",236,"unrealiable","9","1","English","L1"
"5637",236,"saint","4","7","English","L1"
"5638",236,"negative","6","4","English","L1"
"5639",236,"patient","1","8","English","L1"
"5640",236,"graceful","3","6","English","L1"
"5641",236,"asshole","9","3","English","L1"
"5642",236,"bad","5","2","English","L1"
"5643",176,"saint","7","8","English","L1"
"5644",176,"lazy","5","3","English","L1"
"5645",176,"unrealiable","5","3","English","L1"
"5646",176,"indiscreet","5","5","English","L1"
"5647",176,"bad","5","2","English","L1"
"5648",176,"graceful","5","7","English","L1"
"5649",176,"discreet","5","2","English","L1"
"5650",176,"loyal","7","8","English","L1"
"5651",176,"good","8","8","English","L1"
"5652",176,"kind","8","8","English","L1"
"5653",176,"reliable","8","8","English","L1"
"5654",176,"rude","5","2","English","L1"
"5655",176,"careful","5","8","English","L1"
"5656",176,"wise","6","7","English","L1"
"5657",176,"cautious","6","8","English","L1"
"5658",176,"patient","7","8","English","L1"
"5659",176,"mean","5","2","English","L1"
"5660",176,"cruel","5","2","English","L1"
"5661",176,"positive","5","8","English","L1"
"5662",176,"sweetheart","5","8","English","L1"
"5663",176,"obsecene","5","2","English","L1"
"5664",176,"demon","5","2","English","L1"
"5665",176,"asshole","5","2","English","L1"
"5666",176,"negative","5","2","English","L1"
"5667",176,"disloyal","4","2","English","L1"
"5668",176,"liar","5","1","English","L1"
"5669",23,"asshole","5","2","English","L1"
"5670",23,"reliable","3","9","English","L1"
"5671",23,"bad","3","1","English","L1"
"5672",23,"careful","4","6","English","L1"
"5673",23,"obsecene","5","2","English","L1"
"5674",23,"disloyal","2","1","English","L1"
"5675",23,"patient","1","8","English","L1"
"5676",23,"lazy","1","1","English","L1"
"5677",23,"unrealiable","2","2","English","L1"
"5678",23,"loyal","9","9","English","L1"
"5679",23,"sweetheart","9","9","English","L1"
"5680",23,"positive","7","9","English","L1"
"5681",23,"discreet","3","3","English","L1"
"5682",23,"demon","5","1","English","L1"
"5683",23,"cruel","5","1","English","L1"
"5684",23,"rude","5","1","English","L1"
"5685",23,"cautious","5","1","English","L1"
"5686",23,"saint","7","9","English","L1"
"5687",23,"kind","9","9","English","L1"
"5688",23,"wise","3","9","English","L1"
"5689",23,"negative","3","1","English","L1"
"5690",23,"mean","3","1","English","L1"
"5691",23,"good","9","9","English","L1"
"5692",23,"graceful","2","9","English","L1"
"5693",23,"liar","2","1","English","L1"
"5694",23,"indiscreet","5","4","English","L1"
"5695",49,"wise","8","8","English","L1"
"5696",49,"bad","5","3","English","L1"
"5697",49,"graceful","1","7","English","L1"
"5698",49,"negative","5","1","English","L1"
"5699",49,"good","8","8","English","L1"
"5700",49,"kind","1","9","English","L1"
"5701",49,"unrealiable","5","1","English","L1"
"5702",49,"mean","5","1","English","L1"
"5703",49,"cruel","5","1","English","L1"
"5704",49,"saint","2","7","English","L1"
"5705",49,"sweetheart","6","6","English","L1"
"5706",49,"discreet","5","5","English","L1"
"5707",49,"loyal","5","6","English","L1"
"5708",49,"liar","5","1","English","L1"
"5709",49,"positive","5","8","English","L1"
"5710",49,"cautious","5","4","English","L1"
"5711",49,"careful","5","5","English","L1"
"5712",49,"patient","5","5","English","L1"
"5713",49,"lazy","5","2","English","L1"
"5714",49,"indiscreet","6","2","English","L1"
"5715",49,"disloyal","5","5","English","L1"
"5716",49,"rude","5","2","English","L1"
"5717",49,"asshole","5","2","English","L1"
"5718",49,"demon","5","1","English","L1"
"5719",49,"reliable","6","8","English","L1"
"5720",49,"obsecene","5","2","English","L1"
"5721",17,"liar","5","1","English","L1"
"5722",17,"lazy","5","1","English","L1"
"5723",17,"obsecene","5","1","English","L1"
"5724",17,"cruel","5","1","English","L1"
"5725",17,"patient","5","1","English","L1"
"5726",17,"discreet","5","5","English","L1"
"5727",17,"unrealiable","5","1","English","L1"
"5728",17,"graceful","6","9","English","L1"
"5729",17,"indiscreet","5","2","English","L1"
"5730",17,"reliable","6","9","English","L1"
"5731",17,"loyal","8","9","English","L1"
"5732",17,"good","9","9","English","L1"
"5733",17,"rude","5","1","English","L1"
"5734",17,"saint","8","9","English","L1"
"5735",17,"sweetheart","9","9","English","L1"
"5736",17,"bad","4","1","English","L1"
"5737",17,"disloyal","4","1","English","L1"
"5738",17,"demon","2","1","English","L1"
"5739",17,"mean","2","1","English","L1"
"5740",17,"careful","7","8","English","L1"
"5741",17,"asshole","2","1","English","L1"
"5742",17,"wise","9","9","English","L1"
"5743",17,"cautious","8","9","English","L1"
"5744",17,"kind","8","8","English","L1"
"5745",17,"negative","3","1","English","L1"
"5746",17,"positive","9","9","English","L1"
"5747",172,"unrealiable","2","1","English","L1"
"5748",172,"asshole","1","1","English","L1"
"5749",172,"mean","9","1","English","L1"
"5750",172,"discreet","9","9","English","L1"
"5751",172,"disloyal","9","1","English","L1"
"5752",172,"wise","6","9","English","L1"
"5753",172,"sweetheart","8","8","English","L1"
"5754",172,"demon","5","1","English","L1"
"5755",172,"good","8","9","English","L1"
"5756",172,"rude","4","1","English","L1"
"5757",172,"obsecene","2","1","English","L1"
"5758",172,"loyal","6","9","English","L1"
"5759",172,"patient","7","9","English","L1"
"5760",172,"careful","7","8","English","L1"
"5761",172,"bad","4","1","English","L1"
"5762",172,"negative","4","1","English","L1"
"5763",172,"kind","8","9","English","L1"
"5764",172,"positive","9","9","English","L1"
"5765",172,"cautious","7","6","English","L1"
"5766",172,"indiscreet","6","1","English","L1"
"5767",172,"reliable","8","9","English","L1"
"5768",172,"cruel","4","1","English","L1"
"5769",172,"graceful","7","9","English","L1"
"5770",172,"liar","3","1","English","L1"
"5771",172,"saint","8","8","English","L1"
"5772",172,"lazy","5","4","English","L1"
"5773",259,"patient","8","8","English","L1"
"5774",259,"obsecene","6","7","English","L1"
"5775",259,"rude","3","3","English","L1"
"5776",259,"unrealiable","4","3","English","L1"
"5777",259,"good","8","8","English","L1"
"5778",259,"disloyal","3","2","English","L1"
"5779",259,"lazy","3","2","English","L1"
"5780",259,"saint","7","7","English","L1"
"5781",259,"demon","4","3","English","L1"
"5782",259,"asshole","4","4","English","L1"
"5783",259,"indiscreet","4","4","English","L1"
"5784",259,"cautious","4","4","English","L1"
"5785",259,"kind","4","6","English","L1"
"5786",259,"reliable","6","6","English","L1"
"5787",259,"mean","6","5","English","L1"
"5788",259,"graceful","6","6","English","L1"
"5789",259,"liar","5","4","English","L1"
"5790",259,"loyal","8","6","English","L1"
"5791",259,"positive","8","7","English","L1"
"5792",259,"bad","5","4","English","L1"
"5793",259,"negative","5","4","English","L1"
"5794",259,"wise","7","5","English","L1"
"5795",259,"careful","6","6","English","L1"
"5796",259,"sweetheart","8","7","English","L1"
"5797",259,"discreet","6","6","English","L1"
"5798",259,"cruel","4","5","English","L1"
"5799",189,"liar","7","8","English","L1"
"5800",189,"discreet","5","4","English","L1"
"5801",189,"lazy","4","3","English","L1"
"5802",189,"obsecene","5","4","English","L1"
"5803",189,"good","6","3","English","L1"
"5804",189,"indiscreet","5","5","English","L1"
"5805",189,"demon","5","2","English","L1"
"5806",189,"cruel","5","3","English","L1"
"5807",189,"wise","5","3","English","L1"
"5808",189,"mean","4","3","English","L1"
"5809",189,"positive","8","6","English","L1"
"5810",189,"cautious","4","3","English","L1"
"5811",189,"rude","5","2","English","L1"
"5812",189,"unrealiable","6","3","English","L1"
"5813",189,"saint","6","5","English","L1"
"5814",189,"sweetheart","9","9","English","L1"
"5815",189,"graceful","7","8","English","L1"
"5816",189,"bad","5","3","English","L1"
"5817",189,"reliable","6","5","English","L1"
"5818",189,"negative","5","3","English","L1"
"5819",189,"patient","6","5","English","L1"
"5820",189,"disloyal","5","3","English","L1"
"5821",189,"careful","5","5","English","L1"
"5822",189,"kind","8","6","English","L1"
"5823",189,"asshole","4","4","English","L1"
"5824",189,"loyal","7","6","English","L1"
"5825",36,"demon","5","3","English","L1"
"5826",36,"negative","1","1","English","L1"
"5827",36,"disloyal","5","1","English","L1"
"5828",36,"careful","6","3","English","L1"
"5829",36,"bad","4","3","English","L1"
"5830",36,"wise","7","6","English","L1"
"5831",36,"discreet","4","5","English","L1"
"5832",36,"reliable","7","7","English","L1"
"5833",36,"saint","8","7","English","L1"
"5834",36,"patient","8","8","English","L1"
"5835",36,"indiscreet","7","6","English","L1"
"5836",36,"loyal","8","7","English","L1"
"5837",36,"kind","9","9","English","L1"
"5838",36,"cautious","5","6","English","L1"
"5839",36,"cruel","3","3","English","L1"
"5840",36,"graceful","8","9","English","L1"
"5841",36,"good","7","7","English","L1"
"5842",36,"sweetheart","9","9","English","L1"
"5843",36,"positive","8","9","English","L1"
"5844",36,"mean","3","2","English","L1"
"5845",36,"unrealiable","4","2","English","L1"
"5846",36,"obsecene","4","5","English","L1"
"5847",36,"asshole","3","1","English","L1"
"5848",36,"liar","3","3","English","L1"
"5849",36,"lazy","5","1","English","L1"
"5850",36,"rude","3","1","English","L1"
"5851",265,"asshole","2","1","English","L1"
"5852",265,"patient","8","8","English","L1"
"5853",265,"positive","8","8","English","L1"
"5854",265,"graceful","8","8","English","L1"
"5855",265,"kind","8","8","English","L1"
"5856",265,"cruel","2","2","English","L1"
"5857",265,"obsecene","3","1","English","L1"
"5858",265,"disloyal","3","1","English","L1"
"5859",265,"sweetheart","9","9","English","L1"
"5860",265,"demon","3","1","English","L1"
"5861",265,"negative","2","1","English","L1"
"5862",265,"cautious","6","8","English","L1"
"5863",265,"mean","3","1","English","L1"
"5864",265,"liar","2","1","English","L1"
"5865",265,"wise","8","9","English","L1"
"5866",265,"good","9","9","English","L1"
"5867",265,"saint","8","9","English","L1"
"5868",265,"reliable","9","9","English","L1"
"5869",265,"unrealiable","3","1","English","L1"
"5870",265,"careful","9","9","English","L1"
"5871",265,"indiscreet","3","1","English","L1"
"5872",265,"loyal","8","9","English","L1"
"5873",265,"discreet","8","9","English","L1"
"5874",265,"lazy","3","1","English","L1"
"5875",265,"rude","3","1","English","L1"
"5876",265,"bad","2","1","English","L1"
"5877",175,"reliable","2","9","English","L1"
"5878",175,"patient","1","9","English","L1"
"5879",175,"positive","8","9","English","L1"
"5880",175,"saint","3","9","English","L1"
"5881",175,"good","8","9","English","L1"
"5882",175,"indiscreet","6","5","English","L1"
"5883",175,"sweetheart","9","9","English","L1"
"5884",175,"asshole","5","1","English","L1"
"5885",175,"disloyal","5","1","English","L1"
"5886",175,"liar","2","1","English","L1"
"5887",175,"wise","9","9","English","L1"
"5888",175,"cautious","3","5","English","L1"
"5889",175,"graceful","9","9","English","L1"
"5890",175,"rude","5","1","English","L1"
"5891",175,"obsecene","6","5","English","L1"
"5892",175,"demon","3","1","English","L1"
"5893",175,"mean","4","1","English","L1"
"5894",175,"negative","1","1","English","L1"
"5895",175,"loyal","9","9","English","L1"
"5896",175,"bad","5","1","English","L1"
"5897",175,"cruel","3","1","English","L1"
"5898",175,"discreet","6","5","English","L1"
"5899",175,"unrealiable","5","1","English","L1"
"5900",175,"careful","2","8","English","L1"
"5901",175,"kind","2","9","English","L1"
"5902",175,"lazy","5","1","English","L1"
"5903",83,"liar","6","3","English","L1"
"5904",83,"cautious","5","5","English","L1"
"5905",83,"patient","6","5","English","L1"
"5906",83,"obsecene","3","2","English","L1"
"5907",83,"discreet","4","3","English","L1"
"5908",83,"indiscreet","3","3","English","L1"
"5909",83,"sweetheart","7","7","English","L1"
"5910",83,"demon","3","1","English","L1"
"5911",83,"reliable","5","5","English","L1"
"5912",83,"lazy","2","3","English","L1"
"5913",83,"positive","7","6","English","L1"
"5914",83,"loyal","7","7","English","L1"
"5915",83,"saint","6","5","English","L1"
"5916",83,"cruel","1","1","English","L1"
"5917",83,"disloyal","2","1","English","L1"
"5918",83,"negative","2","1","English","L1"
"5919",83,"asshole","3","2","English","L1"
"5920",83,"wise","5","6","English","L1"
"5921",83,"kind","6","6","English","L1"
"5922",83,"bad","3","3","English","L1"
"5923",83,"mean","2","2","English","L1"
"5924",83,"graceful","6","6","English","L1"
"5925",83,"rude","3","3","English","L1"
"5926",83,"unrealiable","3","4","English","L1"
"5927",83,"careful","5","5","English","L1"
"5928",83,"good","6","6","English","L1"
"5929",206,"positive","7","7","English","L1"
"5930",206,"lazy","3","3","English","L1"
"5931",206,"mean","4","5","English","L1"
"5932",206,"demon","4","8","English","L1"
"5933",206,"asshole","5","6","English","L1"
"5934",206,"cautious","8","4","English","L1"
"5935",206,"careful","8","8","English","L1"
"5936",206,"kind","5","8","English","L1"
"5937",206,"wise","6","7","English","L1"
"5938",206,"negative","7","5","English","L1"
"5939",206,"cruel","6","7","English","L1"
"5940",206,"saint","8","4","English","L1"
"5941",206,"graceful","5","5","English","L1"
"5942",206,"indiscreet","6","5","English","L1"
"5943",206,"reliable","5","8","English","L1"
"5944",206,"bad","5","7","English","L1"
"5945",206,"obsecene","5","8","English","L1"
"5946",206,"patient","7","6","English","L1"
"5947",206,"discreet","7","5","English","L1"
"5948",206,"unrealiable","5","8","English","L1"
"5949",206,"rude","7","4","English","L1"
"5950",206,"good","8","3","English","L1"
"5951",206,"liar","4","7","English","L1"
"5952",206,"disloyal","7","4","English","L1"
"5953",206,"loyal","4","6","English","L1"
"5954",206,"sweetheart","5","6","English","L1"
"5955",212,"saint","3","4","English","L1"
"5956",212,"bad","3","1","English","L1"
"5957",212,"careful","3","7","English","L1"
"5958",212,"obsecene","7","3","English","L1"
"5959",212,"indiscreet","1","5","English","L1"
"5960",212,"patient","1","4","English","L1"
"5961",212,"reliable","6","8","English","L1"
"5962",212,"asshole","8","1","English","L1"
"5963",212,"loyal","2","9","English","L1"
"5964",212,"lazy","1","2","English","L1"
"5965",212,"negative","7","1","English","L1"
"5966",212,"graceful","1","7","English","L1"
"5967",212,"sweetheart","6","8","English","L1"
"5968",212,"wise","4","8","English","L1"
"5969",212,"mean","8","1","English","L1"
"5970",212,"good","6","9","English","L1"
"5971",212,"disloyal","7","1","English","L1"
"5972",212,"unrealiable","5","2","English","L1"
"5973",212,"kind","6","8","English","L1"
"5974",212,"demon","9","2","English","L1"
"5975",212,"discreet","3","5","English","L1"
"5976",212,"rude","8","2","English","L1"
"5977",212,"cautious","6","6","English","L1"
"5978",212,"liar","8","1","English","L1"
"5979",212,"cruel","8","1","English","L1"
"5980",212,"positive","8","9","English","L1"
"5981",56,"lazy","3","2","English","L1"
"5982",56,"demon","4","3","English","L1"
"5983",56,"patient","7","8","English","L1"
"5984",56,"asshole","2","1","English","L1"
"5985",56,"indiscreet","2","2","English","L1"
"5986",56,"graceful","8","8","English","L1"
"5987",56,"wise","9","9","English","L1"
"5988",56,"cautious","8","9","English","L1"
"5989",56,"negative","1","1","English","L1"
"5990",56,"bad","3","3","English","L1"
"5991",56,"rude","1","1","English","L1"
"5992",56,"sweetheart","9","9","English","L1"
"5993",56,"careful","9","9","English","L1"
"5994",56,"unrealiable","1","1","English","L1"
"5995",56,"positive","9","9","English","L1"
"5996",56,"discreet","9","9","English","L1"
"5997",56,"cruel","2","1","English","L1"
"5998",56,"good","9","9","English","L1"
"5999",56,"saint","9","9","English","L1"
"6000",56,"obsecene","4","4","English","L1"
"6001",56,"mean","1","1","English","L1"
"6002",56,"liar","1","1","English","L1"
"6003",56,"disloyal","1","1","English","L1"
"6004",56,"reliable","9","9","English","L1"
"6005",56,"loyal","9","9","English","L1"
"6006",56,"kind","9","9","English","L1"
"6007",43,"good","7","9","English","L1"
"6008",43,"careful","7","7","English","L1"
"6009",43,"cruel","5","3","English","L1"
"6010",43,"positive","7","9","English","L1"
"6011",43,"lazy","4","5","English","L1"
"6012",43,"cautious","5","6","English","L1"
"6013",43,"mean","5","3","English","L1"
"6014",43,"bad","5","2","English","L1"
"6015",43,"demon","5","1","English","L1"
"6016",43,"loyal","5","1","English","L1"
"6017",43,"saint","6","8","English","L1"
"6018",43,"graceful","3","8","English","L1"
"6019",43,"discreet","5","7","English","L1"
"6020",43,"reliable","5","8","English","L1"
"6021",43,"obsecene","7","7","English","L1"
"6022",43,"asshole","7","8","English","L1"
"6023",43,"negative","5","2","English","L1"
"6024",43,"rude","5","3","English","L1"
"6025",43,"kind","5","9","English","L1"
"6026",43,"unrealiable","5","2","English","L1"
"6027",43,"disloyal","5","2","English","L1"
"6028",43,"sweetheart","8","9","English","L1"
"6029",43,"liar","5","1","English","L1"
"6030",43,"indiscreet","5","3","English","L1"
"6031",43,"patient","5","6","English","L1"
"6032",43,"wise","4","8","English","L1"
"6033",226,"careful","1","7","English","L1"
"6034",226,"kind","1","7","English","L1"
"6035",226,"positive","9","9","English","L1"
"6036",226,"liar","5","5","English","L1"
"6037",226,"good","5","6","English","L1"
"6038",226,"saint","5","5","English","L1"
"6039",226,"discreet","5","5","English","L1"
"6040",226,"lazy","5","5","English","L1"
"6041",226,"mean","5","5","English","L1"
"6042",226,"reliable","5","7","English","L1"
"6043",226,"cruel","5","5","English","L1"
"6044",226,"obsecene","5","5","English","L1"
"6045",226,"rude","5","5","English","L1"
"6046",226,"demon","3","5","English","L1"
"6047",226,"graceful","5","7","English","L1"
"6048",226,"cautious","6","6","English","L1"
"6049",226,"indiscreet","5","5","English","L1"
"6050",226,"sweetheart","5","7","English","L1"
"6051",226,"bad","5","5","English","L1"
"6052",226,"unrealiable","5","5","English","L1"
"6053",226,"asshole","5","5","English","L1"
"6054",226,"loyal","5","9","English","L1"
"6055",226,"wise","1","9","English","L1"
"6056",226,"negative","5","5","English","L1"
"6057",226,"disloyal","5","5","English","L1"
"6058",226,"patient","1","9","English","L1"
"6059",147,"reliable","9","9","English","L1"
"6060",147,"lazy","1","1","English","L1"
"6061",147,"wise","9","9","English","L1"
"6062",147,"asshole","1","1","English","L1"
"6063",147,"discreet","6","5","English","L1"
"6064",147,"obsecene","5","4","English","L1"
"6065",147,"disloyal","1","1","English","L1"
"6066",147,"sweetheart","9","9","English","L1"
"6067",147,"negative","1","1","English","L1"
"6068",147,"demon","1","1","English","L1"
"6069",147,"cautious","5","5","English","L1"
"6070",147,"unrealiable","1","1","English","L1"
"6071",147,"careful","8","7","English","L1"
"6072",147,"liar","1","1","English","L1"
"6073",147,"patient","7","7","English","L1"
"6074",147,"mean","5","5","English","L1"
"6075",147,"cruel","4","5","English","L1"
"6076",147,"bad","1","1","English","L1"
"6077",147,"graceful","9","9","English","L1"
"6078",147,"kind","9","9","English","L1"
"6079",147,"loyal","9","9","English","L1"
"6080",147,"positive","9","9","English","L1"
"6081",147,"good","9","9","English","L1"
"6082",147,"saint","3","3","English","L1"
"6083",147,"rude","1","1","English","L1"
"6084",147,"indiscreet","3","3","English","L1"
"6085",171,"asshole","6","9","English","L1"
"6086",171,"wise","9","9","English","L1"
"6087",171,"saint","9","8","English","L1"
"6088",171,"lazy","5","1","English","L1"
"6089",171,"disloyal","5","1","English","L1"
"6090",171,"bad","5","1","English","L1"
"6091",171,"negative","5","1","English","L1"
"6092",171,"graceful","9","9","English","L1"
"6093",171,"indiscreet","5","2","English","L1"
"6094",171,"discreet","7","8","English","L1"
"6095",171,"rude","2","1","English","L1"
"6096",171,"demon","5","1","English","L1"
"6097",171,"obsecene","5","1","English","L1"
"6098",171,"reliable","8","9","English","L1"
"6099",171,"liar","5","1","English","L1"
"6100",171,"careful","8","9","English","L1"
"6101",171,"mean","5","2","English","L1"
"6102",171,"sweetheart","9","9","English","L1"
"6103",171,"good","8","9","English","L1"
"6104",171,"cruel","5","2","English","L1"
"6105",171,"patient","1","9","English","L1"
"6106",171,"positive","7","9","English","L1"
"6107",171,"cautious","2","9","English","L1"
"6108",171,"loyal","1","9","English","L1"
"6109",171,"kind","1","9","English","L1"
"6110",171,"unrealiable","5","1","English","L1"
"6111",14,"mean","1","1","English","L1"
"6112",14,"positive","9","9","English","L1"
"6113",14,"graceful","9","9","English","L1"
"6114",14,"negative","5","5","English","L1"
"6115",14,"saint","9","9","English","L1"
"6116",14,"asshole","2","2","English","L1"
"6117",14,"lazy","3","2","English","L1"
"6118",14,"demon","8","7","English","L1"
"6119",14,"kind","9","9","English","L1"
"6120",14,"disloyal","3","1","English","L1"
"6121",14,"patient","8","8","English","L1"
"6122",14,"reliable","7","6","English","L1"
"6123",14,"indiscreet","4","2","English","L1"
"6124",14,"liar","4","2","English","L1"
"6125",14,"discreet","8","7","English","L1"
"6126",14,"loyal","9","8","English","L1"
"6127",14,"wise","9","8","English","L1"
"6128",14,"good","9","9","English","L1"
"6129",14,"cruel","3","2","English","L1"
"6130",14,"bad","1","1","English","L1"
"6131",14,"unrealiable","2","1","English","L1"
"6132",14,"rude","3","2","English","L1"
"6133",14,"sweetheart","9","9","English","L1"
"6134",14,"cautious","9","9","English","L1"
"6135",14,"careful","9","9","English","L1"
"6136",14,"obsecene","3","2","English","L1"
"6137",98,"good","1","5","English","L1"
"6138",98,"obsecene","4","5","English","L1"
"6139",98,"graceful","3","6","English","L1"
"6140",98,"rude","4","4","English","L1"
"6141",98,"careful","2","4","English","L1"
"6142",98,"positive","7","7","English","L1"
"6143",98,"negative","7","6","English","L1"
"6144",98,"mean","1","5","English","L1"
"6145",98,"reliable","3","7","English","L1"
"6146",98,"kind","6","6","English","L1"
"6147",98,"saint","2","6","English","L1"
"6148",98,"indiscreet","3","4","English","L1"
"6149",98,"cruel","4","2","English","L1"
"6150",98,"wise","1","6","English","L1"
"6151",98,"discreet","1","5","English","L1"
"6152",98,"demon","6","5","English","L1"
"6153",98,"cautious","2","5","English","L1"
"6154",98,"loyal","1","6","English","L1"
"6155",98,"lazy","5","1","English","L1"
"6156",98,"unrealiable","5","1","English","L1"
"6157",98,"sweetheart","1","5","English","L1"
"6158",98,"patient","1","5","English","L1"
"6159",98,"disloyal","7","2","English","L1"
"6160",98,"bad","1","5","English","L1"
"6161",98,"liar","8","3","English","L1"
"6162",98,"asshole","4","5","English","L1"
"6163",16,"graceful","4","9","English","L1"
"6164",16,"reliable","6","9","English","L1"
"6165",16,"lazy","5","3","English","L1"
"6166",16,"positive","1","7","English","L1"
"6167",16,"sweetheart","9","9","English","L1"
"6168",16,"careful","5","5","English","L1"
"6169",16,"demon","5","1","English","L1"
"6170",16,"cautious","2","5","English","L1"
"6171",16,"kind","3","9","English","L1"
"6172",16,"obsecene","4","4","English","L1"
"6173",16,"liar","5","1","English","L1"
"6174",16,"discreet","5","5","English","L1"
"6175",16,"disloyal","5","2","English","L1"
"6176",16,"good","9","9","English","L1"
"6177",16,"patient","1","8","English","L1"
"6178",16,"negative","5","2","English","L1"
"6179",16,"mean","6","4","English","L1"
"6180",16,"bad","5","3","English","L1"
"6181",16,"wise","7","9","English","L1"
"6182",16,"cruel","6","2","English","L1"
"6183",16,"indiscreet","4","4","English","L1"
"6184",16,"loyal","9","9","English","L1"
"6185",16,"asshole","7","5","English","L1"
"6186",16,"unrealiable","5","4","English","L1"
"6187",16,"rude","5","3","English","L1"
"6188",16,"saint","2","8","English","L1"
"6189",91,"bad","1","1","English","L1"
"6190",91,"liar","1","2","English","L1"
"6191",91,"mean","5","1","English","L1"
"6192",91,"rude","5","1","English","L1"
"6193",91,"wise","1","7","English","L1"
"6194",91,"careful","2","5","English","L1"
"6195",91,"kind","4","8","English","L1"
"6196",91,"saint","3","6","English","L1"
"6197",91,"lazy","1","3","English","L1"
"6198",91,"positive","7","9","English","L1"
"6199",91,"cautious","5","5","English","L1"
"6200",91,"reliable","4","5","English","L1"
"6201",91,"asshole","4","1","English","L1"
"6202",91,"negative","5","1","English","L1"
"6203",91,"indiscreet","4","3","English","L1"
"6204",91,"disloyal","3","2","English","L1"
"6205",91,"patient","1","6","English","L1"
"6206",91,"obsecene","5","5","English","L1"
"6207",91,"loyal","5","6","English","L1"
"6208",91,"graceful","2","7","English","L1"
"6209",91,"sweetheart","6","7","English","L1"
"6210",91,"good","5","7","English","L1"
"6211",91,"unrealiable","4","2","English","L1"
"6212",91,"demon","7","1","English","L1"
"6213",91,"cruel","6","1","English","L1"
"6214",91,"discreet","4","3","English","L1"
"6215",203,"careful","5","8","English","L1"
"6216",203,"wise","1","9","English","L1"
"6217",203,"cautious","8","8","English","L1"
"6218",203,"discreet","8","5","English","L1"
"6219",203,"cruel","5","2","English","L1"
"6220",203,"obsecene","4","4","English","L1"
"6221",203,"kind","1","8","English","L1"
"6222",203,"disloyal","5","1","English","L1"
"6223",203,"negative","1","1","English","L1"
"6224",203,"indiscreet","1","1","English","L1"
"6225",203,"graceful","1","9","English","L1"
"6226",203,"good","9","9","English","L1"
"6227",203,"unrealiable","3","2","English","L1"
"6228",203,"rude","2","1","English","L1"
"6229",203,"patient","1","9","English","L1"
"6230",203,"mean","2","1","English","L1"
"6231",203,"asshole","2","1","English","L1"
"6232",203,"demon","3","1","English","L1"
"6233",203,"saint","1","9","English","L1"
"6234",203,"bad","2","1","English","L1"
"6235",203,"liar","2","1","English","L1"
"6236",203,"loyal","1","9","English","L1"
"6237",203,"lazy","9","1","English","L1"
"6238",203,"positive","1","9","English","L1"
"6239",203,"sweetheart","9","9","English","L1"
"6240",203,"reliable","9","9","English","L1"
"6241",95,"negative","4","1","English","L1"
"6242",95,"patient","2","9","English","L1"
"6243",95,"reliable","9","8","English","L1"
"6244",95,"unrealiable","5","1","English","L1"
"6245",95,"lazy","2","1","English","L1"
"6246",95,"positive","8","8","English","L1"
"6247",95,"graceful","7","7","English","L1"
"6248",95,"bad","6","1","English","L1"
"6249",95,"sweetheart","7","5","English","L1"
"6250",95,"indiscreet","3","1","English","L1"
"6251",95,"cautious","2","5","English","L1"
"6252",95,"loyal","1","9","English","L1"
"6253",95,"good","9","8","English","L1"
"6254",95,"liar","3","1","English","L1"
"6255",95,"obsecene","4","4","English","L1"
"6256",95,"asshole","3","9","English","L1"
"6257",95,"kind","2","9","English","L1"
"6258",95,"discreet","5","8","English","L1"
"6259",95,"rude","1","1","English","L1"
"6260",95,"cruel","9","2","English","L1"
"6261",95,"mean","6","1","English","L1"
"6262",95,"wise","9","1","English","L1"
"6263",95,"demon","9","1","English","L1"
"6264",95,"careful","9","9","English","L1"
"6265",95,"disloyal","5","1","English","L1"
"6266",95,"saint","6","9","English","L1"
"6267",194,"bad","3","3","English","L1"
"6268",194,"cautious","3","3","English","L1"
"6269",194,"liar","3","2","English","L1"
"6270",194,"obsecene","3","2","English","L1"
"6271",194,"indiscreet","3","4","English","L1"
"6272",194,"disloyal","3","3","English","L1"
"6273",194,"careful","2","6","English","L1"
"6274",194,"positive","2","7","English","L1"
"6275",194,"discreet","1","5","English","L1"
"6276",194,"negative","1","4","English","L1"
"6277",194,"unrealiable","2","3","English","L1"
"6278",194,"reliable","1","6","English","L1"
"6279",194,"sweetheart","3","8","English","L1"
"6280",194,"graceful","1","5","English","L1"
"6281",194,"wise","2","8","English","L1"
"6282",194,"mean","1","2","English","L1"
"6283",194,"kind","1","8","English","L1"
"6284",194,"demon","1","2","English","L1"
"6285",194,"saint","1","8","English","L1"
"6286",194,"patient","1","6","English","L1"
"6287",194,"loyal","1","8","English","L1"
"6288",194,"lazy","1","4","English","L1"
"6289",194,"asshole","1","3","English","L1"
"6290",194,"rude","1","3","English","L1"
"6291",194,"cruel","1","2","English","L1"
"6292",194,"good","1","6","English","L1"
"6293",149,"lazy","5","2","English","L1"
"6294",149,"obsecene","4","1","English","L1"
"6295",149,"cautious","4","7","English","L1"
"6296",149,"patient","6","1","English","L1"
"6297",149,"disloyal","5","1","English","L1"
"6298",149,"discreet","9","9","English","L1"
"6299",149,"positive","9","9","English","L1"
"6300",149,"rude","3","1","English","L1"
"6301",149,"indiscreet","2","1","English","L1"
"6302",149,"unrealiable","4","1","English","L1"
"6303",149,"good","9","9","English","L1"
"6304",149,"cruel","4","1","English","L1"
"6305",149,"reliable","9","9","English","L1"
"6306",149,"mean","4","1","English","L1"
"6307",149,"wise","9","9","English","L1"
"6308",149,"bad","5","1","English","L1"
"6309",149,"kind","9","9","English","L1"
"6310",149,"asshole","5","1","English","L1"
"6311",149,"graceful","9","9","English","L1"
"6312",149,"careful","9","9","English","L1"
"6313",149,"loyal","9","9","English","L1"
"6314",149,"sweetheart","9","9","English","L1"
"6315",149,"liar","1","1","English","L1"
"6316",149,"saint","9","9","English","L1"
"6317",149,"demon","5","1","English","L1"
"6318",149,"negative","5","1","English","L1"
"6319",202,"wise","9","9","English","L1"
"6320",202,"reliable","9","9","English","L1"
"6321",202,"discreet","1","8","English","L1"
"6322",202,"asshole","1","1","English","L1"
"6323",202,"negative","3","3","English","L1"
"6324",202,"unrealiable","1","1","English","L1"
"6325",202,"good","6","9","English","L1"
"6326",202,"saint","8","9","English","L1"
"6327",202,"kind","9","9","English","L1"
"6328",202,"loyal","9","9","English","L1"
"6329",202,"sweetheart","9","9","English","L1"
"6330",202,"rude","1","1","English","L1"
"6331",202,"mean","1","1","English","L1"
"6332",202,"cautious","7","9","English","L1"
"6333",202,"liar","5","1","English","L1"
"6334",202,"patient","5","9","English","L1"
"6335",202,"positive","9","9","English","L1"
"6336",202,"bad","1","1","English","L1"
"6337",202,"lazy","5","5","English","L1"
"6338",202,"careful","6","9","English","L1"
"6339",202,"demon","1","1","English","L1"
"6340",202,"disloyal","1","1","English","L1"
"6341",202,"obsecene","1","1","English","L1"
"6342",202,"indiscreet","1","1","English","L1"
"6343",202,"cruel","1","1","English","L1"
"6344",202,"graceful","7","9","English","L1"
"6345",129,"discreet","2","5","English","L1"
"6346",129,"positive","1","9","English","L1"
"6347",129,"kind","1","9","English","L1"
"6348",129,"asshole","9","1","English","L1"
"6349",129,"patient","1","5","English","L1"
"6350",129,"reliable","5","4","English","L1"
"6351",129,"demon","9","1","English","L1"
"6352",129,"negative","5","1","English","L1"
"6353",129,"wise","5","5","English","L1"
"6354",129,"saint","2","5","English","L1"
"6355",129,"liar","5","1","English","L1"
"6356",129,"unrealiable","5","5","English","L1"
"6357",129,"sweetheart","1","9","English","L1"
"6358",129,"rude","7","1","English","L1"
"6359",129,"loyal","5","5","English","L1"
"6360",129,"obsecene","5","1","English","L1"
"6361",129,"good","5","9","English","L1"
"6362",129,"cruel","5","1","English","L1"
"6363",129,"careful","1","5","English","L1"
"6364",129,"mean","6","1","English","L1"
"6365",129,"cautious","5","5","English","L1"
"6366",129,"disloyal","5","1","English","L1"
"6367",129,"lazy","1","3","English","L1"
"6368",129,"bad","5","1","English","L1"
"6369",129,"graceful","1","9","English","L1"
"6370",129,"indiscreet","5","1","English","L1"
"6371",256,"discreet","5","5","English","L1"
"6372",256,"bad","5","1","English","L1"
"6373",256,"liar","3","1","English","L1"
"6374",256,"demon","5","5","English","L1"
"6375",256,"lazy","5","1","English","L1"
"6376",256,"positive","7","9","English","L1"
"6377",256,"cruel","5","1","English","L1"
"6378",256,"cautious","5","5","English","L1"
"6379",256,"indiscreet","5","5","English","L1"
"6380",256,"sweetheart","8","9","English","L1"
"6381",256,"unrealiable","5","1","English","L1"
"6382",256,"loyal","5","9","English","L1"
"6383",256,"reliable","5","9","English","L1"
"6384",256,"kind","5","9","English","L1"
"6385",256,"saint","5","5","English","L1"
"6386",256,"wise","1","9","English","L1"
"6387",256,"disloyal","5","1","English","L1"
"6388",256,"negative","5","1","English","L1"
"6389",256,"good","7","9","English","L1"
"6390",256,"careful","5","5","English","L1"
"6391",256,"patient","5","4","English","L1"
"6392",256,"graceful","5","9","English","L1"
"6393",256,"obsecene","7","5","English","L1"
"6394",256,"mean","5","1","English","L1"
"6395",256,"asshole","5","1","English","L1"
"6396",256,"rude","5","1","English","L1"
"6397",125,"cautious","1","6","English","L1"
"6398",125,"loyal","6","9","English","L1"
"6399",125,"saint","5","8","English","L1"
"6400",125,"obsecene","4","3","English","L1"
"6401",125,"demon","2","2","English","L1"
"6402",125,"patient","6","9","English","L1"
"6403",125,"good","9","9","English","L1"
"6404",125,"kind","7","9","English","L1"
"6405",125,"careful","6","6","English","L1"
"6406",125,"rude","2","1","English","L1"
"6407",125,"positive","9","9","English","L1"
"6408",125,"lazy","4","1","English","L1"
"6409",125,"mean","2","1","English","L1"
"6410",125,"wise","7","9","English","L1"
"6411",125,"disloyal","2","1","English","L1"
"6412",125,"sweetheart","9","9","English","L1"
"6413",125,"liar","2","1","English","L1"
"6414",125,"negative","4","1","English","L1"
"6415",125,"reliable","7","9","English","L1"
"6416",125,"indiscreet","3","4","English","L1"
"6417",125,"unrealiable","3","1","English","L1"
"6418",125,"bad","1","1","English","L1"
"6419",125,"graceful","9","9","English","L1"
"6420",125,"discreet","6","5","English","L1"
"6421",125,"cruel","1","1","English","L1"
"6422",125,"asshole","1","1","English","L1"
"6423",106,"obsecene","6","1","English","L1"
"6424",106,"patient","3","7","English","L1"
"6425",106,"positive","9","9","English","L1"
"6426",106,"asshole","7","3","English","L1"
"6427",106,"sweetheart","3","9","English","L1"
"6428",106,"rude","8","1","English","L1"
"6429",106,"demon","8","1","English","L1"
"6430",106,"mean","5","3","English","L1"
"6431",106,"saint","4","9","English","L1"
"6432",106,"loyal","1","9","English","L1"
"6433",106,"unrealiable","8","3","English","L1"
"6434",106,"liar","6","2","English","L1"
"6435",106,"negative","2","1","English","L1"
"6436",106,"careful","1","9","English","L1"
"6437",106,"discreet","1","9","English","L1"
"6438",106,"good","1","9","English","L1"
"6439",106,"bad","7","1","English","L1"
"6440",106,"wise","1","9","English","L1"
"6441",106,"disloyal","9","1","English","L1"
"6442",106,"cautious","1","9","English","L1"
"6443",106,"kind","1","9","English","L1"
"6444",106,"indiscreet","6","6","English","L1"
"6445",106,"reliable","1","9","English","L1"
"6446",106,"lazy","5","4","English","L1"
"6447",106,"graceful","1","9","English","L1"
"6448",106,"cruel","7","1","English","L1"
"6449",246,"discreet","8","9","English","L1"
"6450",246,"patient","7","9","English","L1"
"6451",246,"negative","3","2","English","L1"
"6452",246,"careful","6","7","English","L1"
"6453",246,"obsecene","6","1","English","L1"
"6454",246,"good","8","9","English","L1"
"6455",246,"kind","8","9","English","L1"
"6456",246,"reliable","8","9","English","L1"
"6457",246,"disloyal","7","3","English","L1"
"6458",246,"lazy","5","2","English","L1"
"6459",246,"asshole","7","1","English","L1"
"6460",246,"cruel","7","1","English","L1"
"6461",246,"sweetheart","9","9","English","L1"
"6462",246,"graceful","8","9","English","L1"
"6463",246,"cautious","5","5","English","L1"
"6464",246,"wise","6","6","English","L1"
"6465",246,"loyal","7","9","English","L1"
"6466",246,"indiscreet","5","1","English","L1"
"6467",246,"rude","8","1","English","L1"
"6468",246,"liar","7","1","English","L1"
"6469",246,"unrealiable","5","2","English","L1"
"6470",246,"demon","7","1","English","L1"
"6471",246,"saint","7","9","English","L1"
"6472",246,"bad","7","1","English","L1"
"6473",246,"positive","8","9","English","L1"
"6474",246,"mean","6","1","English","L1"
"6475",146,"unrealiable","4","1","English","L1"
"6476",146,"graceful","7","9","English","L1"
"6477",146,"kind","2","9","English","L1"
"6478",146,"positive","9","9","English","L1"
"6479",146,"saint","1","7","English","L1"
"6480",146,"wise","2","8","English","L1"
"6481",146,"bad","2","1","English","L1"
"6482",146,"demon","1","1","English","L1"
"6483",146,"discreet","1","1","English","L1"
"6484",146,"negative","4","1","English","L1"
"6485",146,"lazy","2","1","English","L1"
"6486",146,"asshole","3","2","English","L1"
"6487",146,"obsecene","3","1","English","L1"
"6488",146,"patient","2","8","English","L1"
"6489",146,"mean","1","1","English","L1"
"6490",146,"loyal","6","9","English","L1"
"6491",146,"careful","1","9","English","L1"
"6492",146,"cautious","5","4","English","L1"
"6493",146,"reliable","2","6","English","L1"
"6494",146,"good","6","8","English","L1"
"6495",146,"cruel","1","1","English","L1"
"6496",146,"rude","3","1","English","L1"
"6497",146,"liar","3","1","English","L1"
"6498",146,"sweetheart","7","9","English","L1"
"6499",146,"disloyal","4","1","English","L1"
"6500",146,"indiscreet","5","5","English","L1"
"6501",242,"patient","8","8","English","L1"
"6502",242,"disloyal","1","2","English","L1"
"6503",242,"bad","2","1","English","L1"
"6504",242,"asshole","1","1","English","L1"
"6505",242,"rude","3","1","English","L1"
"6506",242,"liar","1","2","English","L1"
"6507",242,"positive","6","8","English","L1"
"6508",242,"unrealiable","3","2","English","L1"
"6509",242,"cautious","5","5","English","L1"
"6510",242,"saint","4","7","English","L1"
"6511",242,"loyal","7","7","English","L1"
"6512",242,"cruel","4","4","English","L1"
"6513",242,"obsecene","4","2","English","L1"
"6514",242,"graceful","7","8","English","L1"
"6515",242,"sweetheart","8","8","English","L1"
"6516",242,"lazy","2","2","English","L1"
"6517",242,"indiscreet","2","1","English","L1"
"6518",242,"reliable","7","7","English","L1"
"6519",242,"demon","1","1","English","L1"
"6520",242,"wise","8","8","English","L1"
"6521",242,"negative","2","1","English","L1"
"6522",242,"mean","5","5","English","L1"
"6523",242,"kind","8","8","English","L1"
"6524",242,"careful","8","8","English","L1"
"6525",242,"good","8","8","English","L1"
"6526",242,"discreet","2","2","English","L1"
"6527",261,"positive","9","9","English","L1"
"6528",261,"discreet","4","3","English","L1"
"6529",261,"mean","5","1","English","L1"
"6530",261,"obsecene","6","1","English","L1"
"6531",261,"patient","1","8","English","L1"
"6532",261,"liar","7","1","English","L1"
"6533",261,"kind","1","9","English","L1"
"6534",261,"cautious","1","7","English","L1"
"6535",261,"sweetheart","1","9","English","L1"
"6536",261,"disloyal","7","1","English","L1"
"6537",261,"reliable","1","9","English","L1"
"6538",261,"graceful","1","9","English","L1"
"6539",261,"loyal","1","9","English","L1"
"6540",261,"bad","6","1","English","L1"
"6541",261,"saint","1","9","English","L1"
"6542",261,"careful","1","9","English","L1"
"6543",261,"lazy","3","1","English","L1"
"6544",261,"good","2","9","English","L1"
"6545",261,"demon","7","1","English","L1"
"6546",261,"indiscreet","5","6","English","L1"
"6547",261,"cruel","6","1","English","L1"
"6548",261,"asshole","7","1","English","L1"
"6549",261,"unrealiable","6","1","English","L1"
"6550",261,"negative","7","1","English","L1"
"6551",261,"wise","1","9","English","L1"
"6552",261,"rude","5","1","English","L1"
"6553",9,"loyal","9","9","English","L1"
"6554",9,"graceful","6","6","English","L1"
"6555",9,"rude","6","2","English","L1"
"6556",9,"cautious","2","5","English","L1"
"6557",9,"asshole","7","1","English","L1"
"6558",9,"discreet","3","6","English","L1"
"6559",9,"unrealiable","6","2","English","L1"
"6560",9,"disloyal","5","2","English","L1"
"6561",9,"cruel","6","1","English","L1"
"6562",9,"good","4","6","English","L1"
"6563",9,"patient","1","6","English","L1"
"6564",9,"liar","7","2","English","L1"
"6565",9,"demon","4","1","English","L1"
"6566",9,"obsecene","6","1","English","L1"
"6567",9,"wise","3","8","English","L1"
"6568",9,"kind","4","8","English","L1"
"6569",9,"negative","7","1","English","L1"
"6570",9,"careful","5","6","English","L1"
"6571",9,"mean","7","2","English","L1"
"6572",9,"bad","4","2","English","L1"
"6573",9,"positive","6","9","English","L1"
"6574",9,"saint","5","6","English","L1"
"6575",9,"indiscreet","4","4","English","L1"
"6576",9,"sweetheart","5","8","English","L1"
"6577",9,"reliable","3","7","English","L1"
"6578",9,"lazy","7","3","English","L1"
"6579",34,"positive","8","8","English","L1"
"6580",34,"lazy","3","3","English","L1"
"6581",34,"rude","6","3","English","L1"
"6582",34,"patient","2","8","English","L1"
"6583",34,"cruel","5","1","English","L1"
"6584",34,"asshole","3","1","English","L1"
"6585",34,"obsecene","5","1","English","L1"
"6586",34,"kind","1","9","English","L1"
"6587",34,"careful","3","7","English","L1"
"6588",34,"disloyal","4","1","English","L1"
"6589",34,"demon","7","1","English","L1"
"6590",34,"wise","5","9","English","L1"
"6591",34,"loyal","5","9","English","L1"
"6592",34,"mean","6","1","English","L1"
"6593",34,"reliable","5","9","English","L1"
"6594",34,"cautious","6","4","English","L1"
"6595",34,"negative","4","1","English","L1"
"6596",34,"bad","4","1","English","L1"
"6597",34,"graceful","3","8","English","L1"
"6598",34,"sweetheart","5","8","English","L1"
"6599",34,"indiscreet","5","1","English","L1"
"6600",34,"unrealiable","4","1","English","L1"
"6601",34,"liar","5","1","English","L1"
"6602",34,"discreet","3","8","English","L1"
"6603",34,"saint","3","8","English","L1"
"6604",34,"good","4","8","English","L1"
"6605",80,"saint","2","6","English","L1"
"6606",80,"positive","6","8","English","L1"
"6607",80,"discreet","5","5","English","L1"
"6608",80,"unrealiable","5","2","English","L1"
"6609",80,"liar","6","1","English","L1"
"6610",80,"bad","4","1","English","L1"
"6611",80,"rude","6","1","English","L1"
"6612",80,"indiscreet","4","2","English","L1"
"6613",80,"obsecene","6","4","English","L1"
"6614",80,"loyal","7","8","English","L1"
"6615",80,"cruel","5","1","English","L1"
"6616",80,"lazy","4","4","English","L1"
"6617",80,"disloyal","5","1","English","L1"
"6618",80,"mean","4","2","English","L1"
"6619",80,"patient","7","7","English","L1"
"6620",80,"demon","6","4","English","L1"
"6621",80,"negative","4","2","English","L1"
"6622",80,"kind","6","6","English","L1"
"6623",80,"graceful","7","7","English","L1"
"6624",80,"reliable","8","8","English","L1"
"6625",80,"wise","6","6","English","L1"
"6626",80,"cautious","5","5","English","L1"
"6627",80,"sweetheart","6","6","English","L1"
"6628",80,"careful","5","5","English","L1"
"6629",80,"good","8","8","English","L1"
"6630",80,"asshole","4","3","English","L1"
"6631",216,"careful","2","6","English","L1"
"6632",216,"asshole","7","2","English","L1"
"6633",216,"bad","5","1","English","L1"
"6634",216,"sweetheart","6","8","English","L1"
"6635",216,"obsecene","6","2","English","L1"
"6636",216,"patient","2","7","English","L1"
"6637",216,"disloyal","6","1","English","L1"
"6638",216,"liar","9","1","English","L1"
"6639",216,"reliable","1","8","English","L1"
"6640",216,"saint","3","7","English","L1"
"6641",216,"cautious","3","7","English","L1"
"6642",216,"unrealiable","6","2","English","L1"
"6643",216,"rude","8","2","English","L1"
"6644",216,"graceful","3","8","English","L1"
"6645",216,"loyal","1","8","English","L1"
"6646",216,"lazy","5","2","English","L1"
"6647",216,"kind","2","8","English","L1"
"6648",216,"wise","1","8","English","L1"
"6649",216,"cruel","9","1","English","L1"
"6650",216,"positive","6","9","English","L1"
"6651",216,"demon","9","1","English","L1"
"6652",216,"good","2","8","English","L1"
"6653",216,"negative","5","1","English","L1"
"6654",216,"mean","7","1","English","L1"
"6655",216,"indiscreet","6","2","English","L1"
"6656",216,"discreet","2","8","English","L1"
"6657",228,"graceful","6","8","English","L1"
"6658",228,"unrealiable","5","3","English","L1"
"6659",228,"negative","5","3","English","L1"
"6660",228,"wise","3","7","English","L1"
"6661",228,"bad","5","1","English","L1"
"6662",228,"cruel","5","1","English","L1"
"6663",228,"lazy","5","3","English","L1"
"6664",228,"reliable","1","9","English","L1"
"6665",228,"obsecene","5","2","English","L1"
"6666",228,"careful","3","8","English","L1"
"6667",228,"sweetheart","9","9","English","L1"
"6668",228,"saint","3","9","English","L1"
"6669",228,"demon","5","1","English","L1"
"6670",228,"loyal","1","9","English","L1"
"6671",228,"good","2","9","English","L1"
"6672",228,"indiscreet","5","5","English","L1"
"6673",228,"patient","2","8","English","L1"
"6674",228,"kind","9","9","English","L1"
"6675",228,"cautious","5","5","English","L1"
"6676",228,"rude","5","3","English","L1"
"6677",228,"mean","5","3","English","L1"
"6678",228,"discreet","5","5","English","L1"
"6679",228,"disloyal","5","2","English","L1"
"6680",228,"asshole","5","2","English","L1"
"6681",228,"positive","2","8","English","L1"
"6682",228,"liar","5","1","English","L1"
"6683",100,"obsecene","5","2","English","L1"
"6684",100,"disloyal","5","2","English","L1"
"6685",100,"cautious","4","5","English","L1"
"6686",100,"cruel","5","1","English","L1"
"6687",100,"patient","4","7","English","L1"
"6688",100,"loyal","5","7","English","L1"
"6689",100,"sweetheart","6","8","English","L1"
"6690",100,"liar","5","1","English","L1"
"6691",100,"graceful","5","7","English","L1"
"6692",100,"negative","5","5","English","L1"
"6693",100,"positive","5","5","English","L1"
"6694",100,"indiscreet","5","3","English","L1"
"6695",100,"rude","5","2","English","L1"
"6696",100,"bad","5","4","English","L1"
"6697",100,"kind","5","7","English","L1"
"6698",100,"demon","5","5","English","L1"
"6699",100,"discreet","5","5","English","L1"
"6700",100,"reliable","5","7","English","L1"
"6701",100,"careful","4","5","English","L1"
"6702",100,"wise","5","7","English","L1"
"6703",100,"good","5","5","English","L1"
"6704",100,"saint","5","5","English","L1"
"6705",100,"unrealiable","5","3","English","L1"
"6706",100,"mean","5","3","English","L1"
"6707",100,"lazy","5","2","English","L1"
"6708",100,"asshole","5","3","English","L1"
"6709",195,"loyal","7","9","English","L1"
"6710",195,"negative","5","1","English","L1"
"6711",195,"cautious","7","6","English","L1"
"6712",195,"mean","7","1","English","L1"
"6713",195,"discreet","1","9","English","L1"
"6714",195,"disloyal","7","1","English","L1"
"6715",195,"wise","1","9","English","L1"
"6716",195,"asshole","4","1","English","L1"
"6717",195,"sweetheart","9","9","English","L1"
"6718",195,"kind","6","9","English","L1"
"6719",195,"rude","7","1","English","L1"
"6720",195,"bad","5","1","English","L1"
"6721",195,"indiscreet","5","1","English","L1"
"6722",195,"obsecene","5","1","English","L1"
"6723",195,"unrealiable","5","1","English","L1"
"6724",195,"reliable","1","9","English","L1"
"6725",195,"graceful","5","9","English","L1"
"6726",195,"patient","5","9","English","L1"
"6727",195,"demon","5","1","English","L1"
"6728",195,"liar","5","1","English","L1"
"6729",195,"careful","5","9","English","L1"
"6730",195,"lazy","1","1","English","L1"
"6731",195,"cruel","5","1","English","L1"
"6732",195,"positive","5","9","English","L1"
"6733",195,"saint","5","9","English","L1"
"6734",195,"good","5","9","English","L1"
"6735",45,"cruel","4","3","English","L1"
"6736",45,"careful","2","7","English","L1"
"6737",45,"saint","7","8","English","L1"
"6738",45,"unrealiable","5","3","English","L1"
"6739",45,"liar","3","1","English","L1"
"6740",45,"graceful","6","7","English","L1"
"6741",45,"obsecene","7","2","English","L1"
"6742",45,"asshole","7","3","English","L1"
"6743",45,"discreet","3","5","English","L1"
"6744",45,"wise","3","7","English","L1"
"6745",45,"bad","5","3","English","L1"
"6746",45,"kind","3","7","English","L1"
"6747",45,"demon","5","1","English","L1"
"6748",45,"positive","3","7","English","L1"
"6749",45,"indiscreet","4","2","English","L1"
"6750",45,"sweetheart","9","9","English","L1"
"6751",45,"loyal","7","9","English","L1"
"6752",45,"good","3","7","English","L1"
"6753",45,"disloyal","6","3","English","L1"
"6754",45,"lazy","2","2","English","L1"
"6755",45,"mean","5","1","English","L1"
"6756",45,"cautious","6","6","English","L1"
"6757",45,"rude","5","2","English","L1"
"6758",45,"negative","5","1","English","L1"
"6759",45,"patient","3","7","English","L1"
"6760",45,"reliable","3","7","English","L1"
"6761",268,"reliable","7","8","English","L1"
"6762",268,"positive","8","8","English","L1"
"6763",268,"patient","8","8","English","L1"
"6764",268,"bad","2","2","English","L1"
"6765",268,"sweetheart","8","8","English","L1"
"6766",268,"indiscreet","2","2","English","L1"
"6767",268,"cruel","2","2","English","L1"
"6768",268,"wise","8","8","English","L1"
"6769",268,"demon","3","2","English","L1"
"6770",268,"saint","7","7","English","L1"
"6771",268,"liar","1","1","English","L1"
"6772",268,"unrealiable","1","1","English","L1"
"6773",268,"discreet","8","8","English","L1"
"6774",268,"careful","8","8","English","L1"
"6775",268,"loyal","9","9","English","L1"
"6776",268,"negative","1","1","English","L1"
"6777",268,"graceful","8","8","English","L1"
"6778",268,"rude","1","1","English","L1"
"6779",268,"asshole","1","1","English","L1"
"6780",268,"good","8","8","English","L1"
"6781",268,"obsecene","1","1","English","L1"
"6782",268,"disloyal","1","1","English","L1"
"6783",268,"cautious","8","8","English","L1"
"6784",268,"mean","1","1","English","L1"
"6785",268,"lazy","1","1","English","L1"
"6786",268,"kind","8","8","English","L1"
"6787",78,"patient","6","7","English","L1"
"6788",78,"demon","6","4","English","L1"
"6789",78,"positive","9","8","English","L1"
"6790",78,"discreet","6","8","English","L1"
"6791",78,"good","9","9","English","L1"
"6792",78,"indiscreet","7","8","English","L1"
"6793",78,"liar","5","5","English","L1"
"6794",78,"rude","2","2","English","L1"
"6795",78,"asshole","1","1","English","L1"
"6796",78,"sweetheart","6","9","English","L1"
"6797",78,"careful","5","5","English","L1"
"6798",78,"bad","2","2","English","L1"
"6799",78,"reliable","9","8","English","L1"
"6800",78,"cautious","8","6","English","L1"
"6801",78,"unrealiable","6","6","English","L1"
"6802",78,"loyal","6","4","English","L1"
"6803",78,"graceful","8","6","English","L1"
"6804",78,"obsecene","3","8","English","L1"
"6805",78,"lazy","5","5","English","L1"
"6806",78,"mean","5","6","English","L1"
"6807",78,"disloyal","4","6","English","L1"
"6808",78,"saint","9","9","English","L1"
"6809",78,"kind","9","9","English","L1"
"6810",78,"cruel","1","1","English","L1"
"6811",78,"negative","4","2","English","L1"
"6812",78,"wise","8","6","English","L1"
"6813",136,"liar","3","1","English","L1"
"6814",136,"positive","1","9","English","L1"
"6815",136,"demon","5","1","English","L1"
"6816",136,"reliable","4","9","English","L1"
"6817",136,"negative","1","1","English","L1"
"6818",136,"mean","3","1","English","L1"
"6819",136,"cautious","2","9","English","L1"
"6820",136,"rude","7","1","English","L1"
"6821",136,"asshole","9","1","English","L1"
"6822",136,"saint","6","9","English","L1"
"6823",136,"obsecene","6","1","English","L1"
"6824",136,"unrealiable","9","1","English","L1"
"6825",136,"disloyal","6","1","English","L1"
"6826",136,"graceful","5","9","English","L1"
"6827",136,"cruel","8","1","English","L1"
"6828",136,"loyal","3","9","English","L1"
"6829",136,"indiscreet","7","1","English","L1"
"6830",136,"good","4","9","English","L1"
"6831",136,"discreet","5","5","English","L1"
"6832",136,"wise","6","9","English","L1"
"6833",136,"sweetheart","9","9","English","L1"
"6834",136,"careful","6","9","English","L1"
"6835",136,"bad","5","3","English","L1"
"6836",136,"kind","6","9","English","L1"
"6837",136,"lazy","6","1","English","L1"
"6838",136,"patient","5","9","English","L1"
"6839",245,"discreet","4","6","English","L1"
"6840",245,"loyal","1","9","English","L1"
"6841",245,"cruel","6","1","English","L1"
"6842",245,"good","6","9","English","L1"
"6843",245,"obsecene","6","1","English","L1"
"6844",245,"unrealiable","7","1","English","L1"
"6845",245,"rude","8","1","English","L1"
"6846",245,"negative","7","1","English","L1"
"6847",245,"saint","1","9","English","L1"
"6848",245,"patient","1","9","English","L1"
"6849",245,"careful","1","7","English","L1"
"6850",245,"asshole","9","1","English","L1"
"6851",245,"disloyal","6","1","English","L1"
"6852",245,"mean","9","1","English","L1"
"6853",245,"demon","9","1","English","L1"
"6854",245,"positive","2","9","English","L1"
"6855",245,"kind","1","9","English","L1"
"6856",245,"cautious","1","7","English","L1"
"6857",245,"liar","9","1","English","L1"
"6858",245,"bad","8","1","English","L1"
"6859",245,"lazy","5","1","English","L1"
"6860",245,"indiscreet","7","1","English","L1"
"6861",245,"sweetheart","2","9","English","L1"
"6862",245,"reliable","1","9","English","L1"
"6863",245,"graceful","1","9","English","L1"
"6864",245,"wise","1","9","English","L1"
"6865",117,"rude","8","4","English","L1"
"6866",117,"reliable","3","7","English","L1"
"6867",117,"unrealiable","7","2","English","L1"
"6868",117,"indiscreet","5","1","English","L1"
"6869",117,"cautious","5","5","English","L1"
"6870",117,"kind","5","8","English","L1"
"6871",117,"graceful","8","7","English","L1"
"6872",117,"discreet","2","6","English","L1"
"6873",117,"obsecene","9","1","English","L1"
"6874",117,"demon","2","2","English","L1"
"6875",117,"sweetheart","7","8","English","L1"
"6876",117,"liar","7","3","English","L1"
"6877",117,"loyal","2","9","English","L1"
"6878",117,"wise","3","8","English","L1"
"6879",117,"patient","4","7","English","L1"
"6880",117,"bad","1","3","English","L1"
"6881",117,"lazy","2","1","English","L1"
"6882",117,"positive","9","9","English","L1"
"6883",117,"disloyal","6","1","English","L1"
"6884",117,"asshole","8","1","English","L1"
"6885",117,"good","4","9","English","L1"
"6886",117,"cruel","6","1","English","L1"
"6887",117,"careful","1","9","English","L1"
"6888",117,"mean","6","2","English","L1"
"6889",117,"negative","6","1","English","L1"
"6890",117,"saint","2","9","English","L1"
"6891",141,"lazy","1","3","English","L1"
"6892",141,"negative","5","1","English","L1"
"6893",141,"good","7","9","English","L1"
"6894",141,"rude","5","1","English","L1"
"6895",141,"wise","4","6","English","L1"
"6896",141,"patient","1","6","English","L1"
"6897",141,"reliable","4","7","English","L1"
"6898",141,"graceful","3","7","English","L1"
"6899",141,"asshole","5","1","English","L1"
"6900",141,"mean","5","1","English","L1"
"6901",141,"discreet","3","6","English","L1"
"6902",141,"cruel","5","1","English","L1"
"6903",141,"careful","3","6","English","L1"
"6904",141,"demon","6","1","English","L1"
"6905",141,"loyal","5","1","English","L1"
"6906",141,"cautious","4","6","English","L1"
"6907",141,"indiscreet","5","2","English","L1"
"6908",141,"obsecene","5","1","English","L1"
"6909",141,"sweetheart","6","9","English","L1"
"6910",141,"kind","3","7","English","L1"
"6911",141,"disloyal","5","2","English","L1"
"6912",141,"positive","5","9","English","L1"
"6913",141,"bad","5","1","English","L1"
"6914",141,"saint","2","9","English","L1"
"6915",141,"liar","6","1","English","L1"
"6916",141,"unrealiable","5","2","English","L1"
"6917",214,"demon","5","1","English","L1"
"6918",214,"bad","6","1","English","L1"
"6919",214,"lazy","3","1","English","L1"
"6920",214,"careful","2","8","English","L1"
"6921",214,"graceful","4","9","English","L1"
"6922",214,"mean","5","1","English","L1"
"6923",214,"patient","1","9","English","L1"
"6924",214,"kind","1","9","English","L1"
"6925",214,"positive","5","9","English","L1"
"6926",214,"rude","6","3","English","L1"
"6927",214,"cautious","2","7","English","L1"
"6928",214,"asshole","7","1","English","L1"
"6929",214,"indiscreet","6","2","English","L1"
"6930",214,"unrealiable","6","2","English","L1"
"6931",214,"reliable","2","9","English","L1"
"6932",214,"negative","5","1","English","L1"
"6933",214,"liar","7","2","English","L1"
"6934",214,"cruel","6","1","English","L1"
"6935",214,"discreet","7","8","English","L1"
"6936",214,"obsecene","8","9","English","L1"
"6937",214,"wise","2","8","English","L1"
"6938",214,"saint","2","9","English","L1"
"6939",214,"sweetheart","6","8","English","L1"
"6940",214,"disloyal","5","2","English","L1"
"6941",214,"good","6","9","English","L1"
"6942",214,"loyal","1","9","English","L1"
"6943",124,"good","2","7","English","L1"
"6944",124,"asshole","5","4","English","L1"
"6945",124,"liar","7","2","English","L1"
"6946",124,"negative","5","3","English","L1"
"6947",124,"careful","2","6","English","L1"
"6948",124,"loyal","6","8","English","L1"
"6949",124,"saint","3","6","English","L1"
"6950",124,"kind","2","8","English","L1"
"6951",124,"bad","4","3","English","L1"
"6952",124,"unrealiable","5","3","English","L1"
"6953",124,"graceful","3","8","English","L1"
"6954",124,"mean","5","3","English","L1"
"6955",124,"cautious","3","6","English","L1"
"6956",124,"positive","3","8","English","L1"
"6957",124,"disloyal","4","3","English","L1"
"6958",124,"lazy","4","3","English","L1"
"6959",124,"discreet","3","6","English","L1"
"6960",124,"rude","6","3","English","L1"
"6961",124,"obsecene","7","3","English","L1"
"6962",124,"patient","2","5","English","L1"
"6963",124,"indiscreet","4","4","English","L1"
"6964",124,"wise","2","7","English","L1"
"6965",124,"cruel","3","4","English","L1"
"6966",124,"reliable","3","8","English","L1"
"6967",124,"sweetheart","5","7","English","L1"
"6968",124,"demon","7","2","English","L1"
"6969",59,"discreet","3","1","English","L1"
"6970",59,"wise","1","9","English","L1"
"6971",59,"unrealiable","7","1","English","L1"
"6972",59,"asshole","9","1","English","L1"
"6973",59,"obsecene","9","1","English","L1"
"6974",59,"sweetheart","5","9","English","L1"
"6975",59,"loyal","2","9","English","L1"
"6976",59,"liar","9","1","English","L1"
"6977",59,"positive","1","9","English","L1"
"6978",59,"lazy","9","1","English","L1"
"6979",59,"graceful","1","9","English","L1"
"6980",59,"mean","9","1","English","L1"
"6981",59,"disloyal","9","1","English","L1"
"6982",59,"rude","9","1","English","L1"
"6983",59,"bad","9","1","English","L1"
"6984",59,"good","5","9","English","L1"
"6985",59,"demon","9","1","English","L1"
"6986",59,"saint","1","9","English","L1"
"6987",59,"cruel","9","1","English","L1"
"6988",59,"reliable","1","9","English","L1"
"6989",59,"careful","1","9","English","L1"
"6990",59,"indiscreet","9","1","English","L1"
"6991",59,"negative","9","1","English","L1"
"6992",59,"cautious","1","9","English","L1"
"6993",59,"kind","1","9","English","L1"
"6994",59,"patient","1","9","English","L1"
"6995",107,"patient","3","7","English","L1"
"6996",107,"good","4","6","English","L1"
"6997",107,"positive","2","9","English","L1"
"6998",107,"sweetheart","7","9","English","L1"
"6999",107,"wise","2","8","English","L1"
"7000",107,"cautious","3","4","English","L1"
"7001",107,"cruel","1","1","English","L1"
"7002",107,"bad","1","1","English","L1"
"7003",107,"asshole","7","1","English","L1"
"7004",107,"unrealiable","8","1","English","L1"
"7005",107,"lazy","1","1","English","L1"
"7006",107,"liar","5","1","English","L1"
"7007",107,"indiscreet","3","1","English","L1"
"7008",107,"disloyal","4","1","English","L1"
"7009",107,"obsecene","7","1","English","L1"
"7010",107,"graceful","1","9","English","L1"
"7011",107,"careful","4","5","English","L1"
"7012",107,"reliable","2","9","English","L1"
"7013",107,"demon","9","1","English","L1"
"7014",107,"kind","1","9","English","L1"
"7015",107,"rude","4","1","English","L1"
"7016",107,"loyal","4","9","English","L1"
"7017",107,"discreet","6","8","English","L1"
"7018",107,"negative","6","1","English","L1"
"7019",107,"mean","7","1","English","L1"
"7020",107,"saint","1","9","English","L1"
"7021",27,"sweetheart","4","9","English","L1"
"7022",27,"liar","7","1","English","L1"
"7023",27,"kind","1","9","English","L1"
"7024",27,"wise","2","6","English","L1"
"7025",27,"loyal","2","8","English","L1"
"7026",27,"asshole","9","1","English","L1"
"7027",27,"mean","7","2","English","L1"
"7028",27,"demon","9","1","English","L1"
"7029",27,"rude","7","3","English","L1"
"7030",27,"careful","2","6","English","L1"
"7031",27,"cruel","8","2","English","L1"
"7032",27,"cautious","4","5","English","L1"
"7033",27,"indiscreet","6","4","English","L1"
"7034",27,"saint","1","8","English","L1"
"7035",27,"disloyal","8","2","English","L1"
"7036",27,"positive","7","9","English","L1"
"7037",27,"reliable","1","7","English","L1"
"7038",27,"good","3","9","English","L1"
"7039",27,"lazy","8","2","English","L1"
"7040",27,"unrealiable","8","1","English","L1"
"7041",27,"negative","8","1","English","L1"
"7042",27,"graceful","2","8","English","L1"
"7043",27,"patient","1","7","English","L1"
"7044",27,"obsecene","8","3","English","L1"
"7045",27,"bad","6","2","English","L1"
"7046",27,"discreet","2","7","English","L1"
"7047",97,"unrealiable","7","2","English","L1"
"7048",97,"negative","6","3","English","L1"
"7049",97,"loyal","1","9","English","L1"
"7050",97,"positive","1","9","English","L1"
"7051",97,"indiscreet","4","4","English","L1"
"7052",97,"disloyal","6","1","English","L1"
"7053",97,"kind","7","8","English","L1"
"7054",97,"cruel","7","1","English","L1"
"7055",97,"demon","8","1","English","L1"
"7056",97,"wise","3","8","English","L1"
"7057",97,"good","3","7","English","L1"
"7058",97,"patient","3","7","English","L1"
"7059",97,"obsecene","7","3","English","L1"
"7060",97,"saint","3","7","English","L1"
"7061",97,"lazy","7","2","English","L1"
"7062",97,"bad","6","2","English","L1"
"7063",97,"graceful","2","7","English","L1"
"7064",97,"careful","2","7","English","L1"
"7065",97,"mean","8","2","English","L1"
"7066",97,"reliable","4","7","English","L1"
"7067",97,"cautious","5","5","English","L1"
"7068",97,"asshole","8","2","English","L1"
"7069",97,"liar","9","1","English","L1"
"7070",97,"rude","8","2","English","L1"
"7071",97,"sweetheart","7","9","English","L1"
"7072",97,"discreet","5","5","English","L1"
"7073",111,"negative","6","4","English","L1"
"7074",111,"obsecene","4","5","English","L1"
"7075",111,"demon","7","4","English","L1"
"7076",111,"good","1","9","English","L1"
"7077",111,"rude","5","3","English","L1"
"7078",111,"discreet","2","8","English","L1"
"7079",111,"sweetheart","6","9","English","L1"
"7080",111,"careful","1","8","English","L1"
"7081",111,"cautious","1","6","English","L1"
"7082",111,"patient","1","9","English","L1"
"7083",111,"unrealiable","6","3","English","L1"
"7084",111,"graceful","1","9","English","L1"
"7085",111,"cruel","7","2","English","L1"
"7086",111,"asshole","5","5","English","L1"
"7087",111,"mean","6","3","English","L1"
"7088",111,"wise","1","9","English","L1"
"7089",111,"loyal","1","9","English","L1"
"7090",111,"kind","1","9","English","L1"
"7091",111,"disloyal","7","1","English","L1"
"7092",111,"liar","7","1","English","L1"
"7093",111,"bad","5","2","English","L1"
"7094",111,"reliable","1","9","English","L1"
"7095",111,"positive","1","9","English","L1"
"7096",111,"saint","1","9","English","L1"
"7097",111,"lazy","4","2","English","L1"
"7098",111,"indiscreet","6","1","English","L1"
"7099",204,"good","5","9","English","L1"
"7100",204,"graceful","6","9","English","L1"
"7101",204,"obsecene","7","3","English","L1"
"7102",204,"positive","9","9","English","L1"
"7103",204,"saint","5","9","English","L1"
"7104",204,"negative","3","1","English","L1"
"7105",204,"cautious","6","3","English","L1"
"7106",204,"wise","7","9","English","L1"
"7107",204,"rude","6","1","English","L1"
"7108",204,"disloyal","7","1","English","L1"
"7109",204,"loyal","7","9","English","L1"
"7110",204,"indiscreet","7","1","English","L1"
"7111",204,"cruel","5","1","English","L1"
"7112",204,"bad","3","3","English","L1"
"7113",204,"liar","6","1","English","L1"
"7114",204,"careful","5","5","English","L1"
"7115",204,"reliable","5","9","English","L1"
"7116",204,"patient","5","7","English","L1"
"7117",204,"unrealiable","6","2","English","L1"
"7118",204,"kind","7","9","English","L1"
"7119",204,"lazy","2","3","English","L1"
"7120",204,"sweetheart","9","9","English","L1"
"7121",204,"asshole","7","1","English","L1"
"7122",204,"discreet","5","5","English","L1"
"7123",204,"mean","6","1","English","L1"
"7124",204,"demon","6","1","English","L1"
